--------- beginning of main
08-27 12:48:37.364 I/genuiplayground(29018): Late-enabling -Xcheck:jni
08-27 12:48:37.387 I/genuiplayground(29018): Using CollectorTypeCMC GC.
08-27 12:48:37.398 D/nativeloader(29018): Load libframework-connectivity-tiramisu-jni.so using APEX ns com_android_tethering for caller /apex/com.android.tethering/javalib/framework-connectivity-t.jar: ok
08-27 12:48:37.425 W/ziparchive(29018): Unable to open '/data/app/~~KRfrxT7Y3TXCpcEPTuX-Pg==/com.amap.agenuiplayground-bEkhc6RLsW9kdxbTsIKVJw==/base.dm': No such file or directory
08-27 12:48:37.425 W/ziparchive(29018): Unable to open '/data/app/~~KRfrxT7Y3TXCpcEPTuX-Pg==/com.amap.agenuiplayground-bEkhc6RLsW9kdxbTsIKVJw==/base.dm': No such file or directory
08-27 12:48:37.918 D/nativeloader(29018): Configuring clns-7 for other apk /data/app/~~KRfrxT7Y3TXCpcEPTuX-Pg==/com.amap.agenuiplayground-bEkhc6RLsW9kdxbTsIKVJw==/base.apk. target_sdk_version=35, uses_libraries=, library_path=/data/app/~~KRfrxT7Y3TXCpcEPTuX-Pg==/com.amap.agenuiplayground-bEkhc6RLsW9kdxbTsIKVJw==/lib/arm64:/data/app/~~KRfrxT7Y3TXCpcEPTuX-Pg==/com.amap.agenuiplayground-bEkhc6RLsW9kdxbTsIKVJw==/base.apk!/lib/arm64-v8a, permitted_path=/data:/mnt/expand:/data/user/0/com.amap.agenuiplayground
08-27 12:48:37.919 D/CompatChangeReporter(29018): Compat change id reported: 202956589; UID 10241; state: ENABLED
08-27 12:48:37.926 V/GraphicsEnvironment(29018): Currently set values for:
08-27 12:48:37.926 V/GraphicsEnvironment(29018):   angle_gl_driver_selection_pkgs=[]
08-27 12:48:37.926 V/GraphicsEnvironment(29018):   angle_gl_driver_selection_values=[]
08-27 12:48:37.926 V/GraphicsEnvironment(29018): Global.Settings values are invalid: number of packages: 0, number of values: 0
08-27 12:48:37.927 V/GraphicsEnvironment(29018): Neither updatable production driver nor prerelease driver is supported.
08-27 12:48:37.942 D/CompatChangeReporter(29018): Compat change id reported: 279646685; UID 10241; state: ENABLED
08-27 12:48:37.945 D/WM-WrkMgrInitializer(29018): Initializing WorkManager with default configuration.
08-27 12:48:37.975 D/WM-PackageManagerHelper(29018): Skipping component enablement for androidx.work.impl.background.systemjob.SystemJobService
08-27 12:48:37.975 D/WM-Schedulers(29018): Created SystemJobScheduler and enabled SystemJobService
08-27 12:48:38.021 D/AppCompatDelegate(29018): Checking for metadata for AppLocalesMetadataHolderService : Service not found
08-27 12:48:38.050 D/WidgetTemplatePreloader(29018): Preloaded template: weather
08-27 12:48:38.050 D/WidgetTemplatePreloader(29018): Preloaded template: agenda
08-27 12:48:38.051 D/WidgetTemplatePreloader(29018): Preloaded template: todo
08-27 12:48:38.051 D/WidgetTemplatePreloader(29018): Preloaded template: meeting
08-27 12:48:38.052 D/WidgetTemplatePreloader(29018): Preloaded template: poll
08-27 12:48:38.052 D/WidgetTemplatePreloader(29018): Preloaded template: classroom
08-27 12:48:38.052 D/WidgetIntentMatcher(29018): Config loaded: 10 intents from widget_intent_config.json
08-27 12:48:38.053 D/WidgetTemplatePreloader(29018): Preloaded template: flashcard
08-27 12:48:38.053 D/WidgetTemplatePreloader(29018): Preloaded template: calendar
08-27 12:48:38.053 D/WidgetTemplatePreloader(29018): Preloaded template: note
08-27 12:48:38.054 D/WidgetTemplatePreloader(29018): Preloaded template: notecard
08-27 12:48:38.054 D/WidgetTemplatePreloader(29018): Preload complete: 10 templates
08-27 12:48:38.060 D/CompatChangeReporter(29018): Compat change id reported: 309578419; UID 10241; state: ENABLED
08-27 12:48:38.062 D/DesktopModeFlagsUtil(29018): Toggle override initialized to: OVERRIDE_UNSET
08-27 12:48:38.080 W/genuiplayground(29018): Accessing hidden method Landroid/view/ViewGroup;->makeOptionalFitsSystemWindows()V (unsupported, reflection, allowed)
08-27 12:48:38.094 D/CompatChangeReporter(29018): Compat change id reported: 63938206; UID 10241; state: ENABLED
08-27 12:48:38.160 D/CompatChangeReporter(29018): Compat change id reported: 303326708; UID 10241; state: ENABLED
08-27 12:48:38.266 I/genuiplayground(29018): Compiler allocated 4194KB to compile void android.widget.TextView.<init>(android.content.Context, android.util.AttributeSet, int, int)
08-27 12:48:38.354 D/StoryLoader(29018): Loaded sub story: A2UI Show/AudioPlayer
08-27 12:48:38.356 D/StoryLoader(29018): Loaded sub story: A2UI Show/Button
08-27 12:48:38.359 D/StoryLoader(29018): Loaded sub story: A2UI Show/Card
08-27 12:48:38.362 D/StoryLoader(29018): Loaded sub story: A2UI Show/Carousel
08-27 12:48:38.369 D/StoryLoader(29018): Loaded sub story: A2UI Show/Chart
08-27 12:48:38.371 D/StoryLoader(29018): Loaded sub story: A2UI Show/CheckBox
08-27 12:48:38.372 D/StoryLoader(29018): Loaded sub story: A2UI Show/ChoicePicker
08-27 12:48:38.373 D/StoryLoader(29018): Loaded sub story: A2UI Show/Column
08-27 12:48:38.375 D/StoryLoader(29018): Loaded sub story: A2UI Show/DateTimeInput
08-27 12:48:38.377 D/StoryLoader(29018): Loaded sub story: A2UI Show/Divider
08-27 12:48:38.407 D/StoryLoader(29018): Loaded sub story: A2UI Show/Gallery
08-27 12:48:38.408 D/StoryLoader(29018): Loaded sub story: A2UI Show/Icon
08-27 12:48:38.409 D/StoryLoader(29018): Loaded sub story: A2UI Show/Image
08-27 12:48:38.411 D/StoryLoader(29018): Loaded sub story: A2UI Show/List
08-27 12:48:38.412 D/StoryLoader(29018): Loaded sub story: A2UI Show/Lottie
08-27 12:48:38.413 D/StoryLoader(29018): Loaded sub story: A2UI Show/Markdown
08-27 12:48:38.414 D/StoryLoader(29018): Loaded sub story: A2UI Show/Modal
08-27 12:48:38.416 D/StoryLoader(29018): Loaded sub story: A2UI Show/RichText
08-27 12:48:38.418 D/StoryLoader(29018): Loaded sub story: A2UI Show/Row
08-27 12:48:38.419 D/StoryLoader(29018): Loaded sub story: A2UI Show/Slider
08-27 12:48:38.420 D/StoryLoader(29018): Loaded sub story: A2UI Show/Table
08-27 12:48:38.421 D/StoryLoader(29018): Loaded sub story: A2UI Show/Tabs
08-27 12:48:38.423 D/StoryLoader(29018): Loaded sub story: A2UI Show/Text
08-27 12:48:38.424 D/StoryLoader(29018): Loaded sub story: A2UI Show/TextField
08-27 12:48:38.425 D/StoryLoader(29018): Loaded sub story: A2UI Show/Video
08-27 12:48:38.426 D/StoryLoader(29018): Loaded sub story: A2UI Show/Web
08-27 12:48:38.426 D/StoryLoader(29018): Loaded component story with 26 sub stories: A2UI Show
08-27 12:48:38.428 D/StoryLoader(29018): Loaded sub story: Harmony Show/Button
08-27 12:48:38.430 D/StoryLoader(29018): Loaded sub story: Harmony Show/CapsuleChip
08-27 12:48:38.431 D/StoryLoader(29018): Loaded sub story: Harmony Show/Card
08-27 12:48:38.432 D/StoryLoader(29018): Loaded sub story: Harmony Show/GlassPanel
08-27 12:48:38.433 D/StoryLoader(29018): Loaded sub story: Harmony Show/ListItem
08-27 12:48:38.435 D/StoryLoader(29018): Loaded sub story: Harmony Show/Sheet
08-27 12:48:38.436 D/StoryLoader(29018): Loaded sub story: Harmony Show/TabRow
08-27 12:48:38.437 D/StoryLoader(29018): Loaded sub story: Harmony Show/TextField
08-27 12:48:38.438 D/StoryLoader(29018): Loaded sub story: Harmony Show/TopBar
08-27 12:48:38.439 D/StoryLoader(29018): Loaded sub story: Harmony Show/WidgetCard
08-27 12:48:38.439 D/StoryLoader(29018): Loaded component story with 10 sub stories: Harmony Show
08-27 12:48:38.439 I/StoryLoader(29018): Loaded 2 component stories
08-27 12:48:38.439 D/A2UIPlayground(29018): Loaded 2 components
08-27 12:48:38.445 D/nativeloader(29018): Load /data/app/~~KRfrxT7Y3TXCpcEPTuX-Pg==/com.amap.agenuiplayground-bEkhc6RLsW9kdxbTsIKVJw==/lib/arm64/libamap_AGenUI.so using ns clns-7 from class loader (caller=/data/app/~~KRfrxT7Y3TXCpcEPTuX-Pg==/com.amap.agenuiplayground-bEkhc6RLsW9kdxbTsIKVJw==/base.apk!classes2.dex): ok
08-27 12:48:38.445 D/AGenUI  (29018): [setJavaVM@10] [JNIHelper] JavaVM set: 0xb400007a91e53d10
08-27 12:48:38.445 D/AGenUI  (29018): [register_jni_AGenUIEngine@265] [JNI] register_jni_AGenUIEngine
08-27 12:48:38.446 D/AGenUI  (29018): [register_jni_AGenUISurfaceManager@282] [JNI] register_jni_AGenUIEngine
08-27 12:48:38.446 D/AGenUI  (29018): [register_jni_MeasurementBridge@316] [JNI] register_jni_MeasurementBridge
08-27 12:48:38.446 D/AGenUI  (29018): [jni_initAGenUIEngine@27] [JNI] initAGenUIEngine
08-27 12:48:38.448 D/AGenUI  (29018): [initDefaultTheme@108] loaded 15 component specs
08-27 12:48:38.449 D/AGenUI  (29018): [start@32] started, thread_id: 518001825552
08-27 12:48:38.449 D/AGenUI  (29018): [createThread@33] created thread 'AGenUI-1'
08-27 12:48:38.449 D/AGenUI  (29018): [start@47] started
08-27 12:48:38.449 D/AGenUI  (29018): [initAGenUIEngine@23] engine:0xb400007951ea3b30
08-27 12:48:38.449 D/AGenUI  (29018): [workerThreadLoop@126] [AGenUI-1] worker loop started
08-27 12:48:38.450 D/AGenUI  (29018): [initializeAndroidMeasurementBridge@253] [JNI] initializeAndroidMeasurementBridge: success
08-27 12:48:38.450 I/AGenUI  (29018): AGenUI Engine created: nativePtr=-5476376625817175248
08-27 12:48:38.450 D/ComponentRegistry(29018): registerBuiltInComponents
08-27 12:48:38.451 D/ComponentRegistry(29018): registerComponent: componentType=AudioPlayer
08-27 12:48:38.451 D/AGenUI  (29018): [jni_nativeRegisterMeasurement@283] [JNI] nativeRegisterMeasurement: registered type=AudioPlayer
08-27 12:48:38.451 D/MeasurementBridge(29018): registerMeasurer: type=AudioPlayer
08-27 12:48:38.451 D/ComponentRegistry(29018): registerComponent: componentType=Button
08-27 12:48:38.451 D/ComponentRegistry(29018): registerComponent: componentType=Card
08-27 12:48:38.451 D/ComponentRegistry(29018): registerComponent: componentType=Carousel
08-27 12:48:38.451 D/ComponentRegistry(29018): registerComponent: componentType=CheckBox
08-27 12:48:38.451 D/AGenUI  (29018): [jni_nativeRegisterMeasurement@283] [JNI] nativeRegisterMeasurement: registered type=CheckBox
08-27 12:48:38.451 D/MeasurementBridge(29018): registerMeasurer: type=CheckBox
08-27 12:48:38.452 D/ComponentRegistry(29018): registerComponent: componentType=ChoicePicker
08-27 12:48:38.452 D/AGenUI  (29018): [jni_nativeRegisterMeasurement@283] [JNI] nativeRegisterMeasurement: registered type=ChoicePicker
08-27 12:48:38.452 D/MeasurementBridge(29018): registerMeasurer: type=ChoicePicker
08-27 12:48:38.452 D/ComponentRegistry(29018): registerComponent: componentType=Column
08-27 12:48:38.452 D/ComponentRegistry(29018): registerComponent: componentType=Container
08-27 12:48:38.452 D/ComponentRegistry(29018): registerComponent: componentType=DateTimeInput
08-27 12:48:38.452 D/AGenUI  (29018): [jni_nativeRegisterMeasurement@283] [JNI] nativeRegisterMeasurement: registered type=DateTimeInput
08-27 12:48:38.452 D/MeasurementBridge(29018): registerMeasurer: type=DateTimeInput
08-27 12:48:38.452 D/ComponentRegistry(29018): registerComponent: componentType=Divider
08-27 12:48:38.452 D/ComponentRegistry(29018): registerComponent: componentType=Icon
08-27 12:48:38.452 D/AGenUI  (29018): [jni_nativeRegisterMeasurement@283] [JNI] nativeRegisterMeasurement: registered type=Icon
08-27 12:48:38.452 D/MeasurementBridge(29018): registerMeasurer: type=Icon
08-27 12:48:38.452 D/ComponentRegistry(29018): registerComponent: componentType=Image
08-27 12:48:38.453 D/AGenUI  (29018): [jni_nativeRegisterMeasurement@283] [JNI] nativeRegisterMeasurement: registered type=Image
08-27 12:48:38.453 D/MeasurementBridge(29018): registerMeasurer: type=Image
08-27 12:48:38.453 D/ComponentRegistry(29018): registerComponent: componentType=List
08-27 12:48:38.453 D/ComponentRegistry(29018): registerComponent: componentType=Modal
08-27 12:48:38.453 D/ComponentRegistry(29018): registerComponent: componentType=RichText
08-27 12:48:38.453 D/AGenUI  (29018): [jni_nativeRegisterMeasurement@283] [JNI] nativeRegisterMeasurement: registered type=RichText
08-27 12:48:38.453 D/MeasurementBridge(29018): registerMeasurer: type=RichText
08-27 12:48:38.453 D/ComponentRegistry(29018): registerComponent: componentType=Row
08-27 12:48:38.453 D/ComponentRegistry(29018): registerComponent: componentType=Slider
08-27 12:48:38.453 D/AGenUI  (29018): [jni_nativeRegisterMeasurement@283] [JNI] nativeRegisterMeasurement: registered type=Slider
08-27 12:48:38.453 D/MeasurementBridge(29018): registerMeasurer: type=Slider
08-27 12:48:38.453 D/ComponentRegistry(29018): registerComponent: componentType=Table
08-27 12:48:38.453 D/AGenUI  (29018): [jni_nativeRegisterMeasurement@283] [JNI] nativeRegisterMeasurement: registered type=Table
08-27 12:48:38.453 D/MeasurementBridge(29018): registerMeasurer: type=Table
08-27 12:48:38.453 D/ComponentRegistry(29018): registerComponent: componentType=Tabs
08-27 12:48:38.454 D/ComponentRegistry(29018): registerComponent: componentType=Text
08-27 12:48:38.454 D/AGenUI  (29018): [jni_nativeRegisterMeasurement@283] [JNI] nativeRegisterMeasurement: registered type=Text
08-27 12:48:38.454 D/MeasurementBridge(29018): registerMeasurer: type=Text
08-27 12:48:38.454 D/ComponentRegistry(29018): registerComponent: componentType=TextField
08-27 12:48:38.454 D/ComponentRegistry(29018): registerComponent: componentType=Video
08-27 12:48:38.454 D/ComponentRegistry(29018): registerComponent: componentType=Web
08-27 12:48:38.454 D/ComponentRegistry(29018): Built-in components registered: 23 ✅ All done
08-27 12:48:38.454 I/AGenUI  (29018): AGenUI Engine initialized successfully
08-27 12:48:38.454 D/A2UIPlayground(29018): AGenUI initialized
08-27 12:48:38.459 I/AGenUI-Engine(29018): Created new log file: /data/user/0/com.amap.agenuiplayground/files/agenui_log/20260827_124838_457.log
08-27 12:48:38.459 D/A2UIPlayground(29018): Custom RuntimeLogger initialized
08-27 12:48:38.463 D/AGenUI  (29018): 12:48:38.462 [jni_createSurfaceManager@42] [JNI] createSurfaceManager
08-27 12:48:38.466 D/AGenUI  (29018): 12:48:38.464 [createSurfaceManager@90] begin creating
08-27 12:48:38.468 D/AGenUI  (29018): 12:48:38.466 [enterRunning@22] enter running, 1
08-27 12:48:38.470 D/AGenUI  (29018): 12:48:38.468 [createSurfaceManager@109] created, 1
08-27 12:48:38.472 D/AGenUI  (29018): 12:48:38.471 [jni_createSurfaceManager@54] [JNI] createSurfaceManager: created with instanceId=1
08-27 12:48:38.475 I/AGenUI  (29018): 12:48:38.473 [createSurfaceManager@168] SurfaceManager created: instanceId=1
08-27 12:48:38.476 D/AGenUI  (29018): 12:48:38.469 [init@40] init, 1
08-27 12:48:38.484 D/AGenUI  (29018): 12:48:38.478 [SurfaceCoordinator@34] construction finished
08-27 12:48:38.484 D/AGenUI  (29018): 12:48:38.483 [jni_addEventListener@47] [JNI] addEventListener: instanceId=1
08-27 12:48:38.486 D/AGenUI  (29018): 12:48:38.485 [addSurfaceEventListener@84] add lisenter success 1, listener:0xb4000078d1e67250, 0xb400007971eeeb00
08-27 12:48:38.488 D/AGenUI  (29018): 12:48:38.487 [addEventListener@7] listener:0xb4000078d1e67250, 0
08-27 12:48:38.490 D/AGenUI  (29018): 12:48:38.489 [jni_addEventListener@66] [JNI] addEventListener: success, instanceId=1
08-27 12:48:38.492 I/SurfaceManager(29018): 12:48:38.491 [addMessageListener@200] UIMessage listener registered: instanceId=1
08-27 12:48:38.494 D/AGenUI  (29018): 12:48:38.492 [jni_setSurfaceSizeProvider@241] [JNI] setSurfaceSizeProvider: instanceId=1
08-27 12:48:38.496 I/SurfaceManager(29018): 12:48:38.494 [<init>@71] SurfaceManager created with instanceId=1
08-27 12:48:38.496 D/A2UIPlayground(29018): SurfaceManager created: com.amap.agenui.render.surface.SurfaceManager@86ee43b
08-27 12:48:38.500 D/SurfaceManager(29018): 12:48:38.498 [addListener@167] Listener added: 
08-27 12:48:38.502 D/AGenUI  (29018): 12:48:38.501 [registerFunction@161] config:{"name":"toast"}, function:0xb4000078a1eada90
08-27 12:48:38.504 D/AGenUI  (29018): 12:48:38.503 [jni_registerFunction@226] [JNI] registerFunction: name=toast
08-27 12:48:38.506 D/ComponentRegistry(29018): 12:48:38.505 [registerComponent@42] registerComponent: componentType=Markdown
08-27 12:48:38.508 I/AGenUI  (29018): 12:48:38.507 [registerComponent@361] registerComponent: type=Markdown
08-27 12:48:38.511 D/ComponentRegistry(29018): 12:48:38.509 [registerComponent@42] registerComponent: componentType=Lottie
08-27 12:48:38.513 I/AGenUI  (29018): 12:48:38.511 [registerComponent@361] registerComponent: type=Lottie
08-27 12:48:38.515 D/ComponentRegistry(29018): 12:48:38.513 [registerComponent@42] registerComponent: componentType=Chart
08-27 12:48:38.517 I/AGenUI  (29018): 12:48:38.516 [registerComponent@361] registerComponent: type=Chart
08-27 12:48:38.518 D/A2UIPlayground(29018): No custom font assets found, using system fonts
08-27 12:48:38.520 D/A2UIPlayground(29018): A2UI Framework initialized successfully
08-27 12:48:38.522 D/A2UIPlayground(29018): Performance monitor enabled
08-27 12:48:38.538 D/CompatChangeReporter(29018): Compat change id reported: 349153669; UID 10241; state: ENABLED
08-27 12:48:38.539 W/HWUI    (29018): Unknown dataspace 0
08-27 12:48:38.549 D/A2UIWidgetProvider(29018): onUpdate: 1 widgets
08-27 12:48:38.552 D/AGenUIWidgetRenderSvc(29018): prerenderAll: starting for 10 templates
08-27 12:48:38.552 D/AGenUIWidgetRenderSvc(29018): renderSync: id=-1, template=weather
08-27 12:48:38.553 D/AGenUIWidgetRenderSvc(29018): Widget dimensions: 300x400 (MEDIUM)
08-27 12:48:38.556 D/A2UIWidgetProvider(29018): renderWidget: id=190, template=flashcard
08-27 12:48:38.556 D/A2UIWidgetProvider(29018): onReceive: action=android.appwidget.action.APPWIDGET_UPDATE
08-27 12:48:38.556 I/Choreographer(29018): Skipped 33 frames!  The application may be doing too much work on its main thread.
08-27 12:48:38.559 D/WidgetTemplateValidator(29018): Validated: 20 unique component IDs
08-27 12:48:38.573 D/AGenUIWidgetRenderSvc(29018): Converted 3 chunks for template: weather
08-27 12:48:38.576 W/AGenUI  (29018): 12:48:38.574 [initialize@68] Module already initialized
08-27 12:48:38.579 D/AGenUI  (29018): 12:48:38.577 [setDebug@278] build type set to debug
08-27 12:48:38.582 D/AGenUI  (29018): 12:48:38.580 [jni_createSurfaceManager@42] [JNI] createSurfaceManager
08-27 12:48:38.586 D/AGenUI  (29018): 12:48:38.583 [createSurfaceManager@90] begin creating
08-27 12:48:38.589 D/AGenUI  (29018): 12:48:38.586 [enterRunning@22] enter running, 2
08-27 12:48:38.592 D/AGenUI  (29018): 12:48:38.590 [createSurfaceManager@109] created, 2
08-27 12:48:38.594 D/AGenUI  (29018): 12:48:38.592 [jni_createSurfaceManager@54] [JNI] createSurfaceManager: created with instanceId=2
08-27 12:48:38.596 I/AGenUI  (29018): 12:48:38.595 [createSurfaceManager@168] SurfaceManager created: instanceId=2
08-27 12:48:38.597 D/AGenUI  (29018): 12:48:38.590 [init@40] init, 2
08-27 12:48:38.600 D/AGenUI  (29018): 12:48:38.597 [jni_addEventListener@47] [JNI] addEventListener: instanceId=2
08-27 12:48:38.602 D/AGenUI  (29018): 12:48:38.600 [addSurfaceEventListener@84] add lisenter success 2, listener:0xb4000078d1e642b0, 0xb400007971e613e0
08-27 12:48:38.604 D/AGenUI  (29018): 12:48:38.602 [addEventListener@7] listener:0xb4000078d1e642b0, 0
08-27 12:48:38.606 D/AGenUI  (29018): 12:48:38.600 [SurfaceCoordinator@34] construction finished
08-27 12:48:38.607 D/AGenUI  (29018): 12:48:38.605 [jni_addEventListener@66] [JNI] addEventListener: success, instanceId=2
08-27 12:48:38.609 I/SurfaceManager(29018): 12:48:38.607 [addMessageListener@200] UIMessage listener registered: instanceId=2
08-27 12:48:38.611 D/AGenUI  (29018): 12:48:38.609 [jni_setSurfaceSizeProvider@241] [JNI] setSurfaceSizeProvider: instanceId=2
08-27 12:48:38.613 I/SurfaceManager(29018): 12:48:38.612 [<init>@90] SurfaceManager created with Context, instanceId=2
08-27 12:48:38.613 D/AGenUIWidgetRenderSvc(29018): Created new SurfaceManager
08-27 12:48:38.617 D/SurfaceManager(29018): 12:48:38.615 [addListener@167] Listener added: 
08-27 12:48:38.619 D/AGenUI  (29018): 12:48:38.617 [beginTextStream@144] begin text stream
08-27 12:48:38.622 D/surface_begin_text_stream(29018): [PERF] 12:48:38.620 [beginTextStream@148] instanceId=2
08-27 12:48:38.625 D/surface_receive_text_chunk(29018): [PERF] 12:48:38.623 [receiveTextChunk@185] instanceId=2, bytes=171
08-27 12:48:38.627 D/surface_receive_text_chunk(29018): [PERF] 12:48:38.625 [receiveTextChunk@185] instanceId=2, bytes=2759
08-27 12:48:38.629 D/surface_receive_text_chunk(29018): [PERF] 12:48:38.627 [receiveTextChunk@185] instanceId=2, bytes=214
08-27 12:48:38.629 D/AGenUI  (29018): 12:48:38.623 [processDataBeginning@36] processing begin
08-27 12:48:38.632 D/AGenUI  (29018): 12:48:38.629 [endTextStream@163] end text stream
08-27 12:48:38.634 D/surface_end_text_stream(29018): [PERF] 12:48:38.632 [endTextStream@167] instanceId=2
08-27 12:48:38.635 I/mali_so (29018): [File] : hardware/arm/mali/driver/product/base/src/mali_base_kbase.c; [Line] : 1013; [Func] : base_context_deal_with_version_affairs_rk_ext;
08-27 12:48:38.635 I/mali_so (29018): arm_release_ver of this mali_so is 'g29p0-00eac0', rk_so_ver is '3'.
08-27 12:48:38.635 I/mali_so (29018): [File] : hardware/arm/mali/driver/product/base/src/mali_base_kbase.c; [Line] : 1029; [Func] : base_context_deal_with_version_affairs_rk_ext;
08-27 12:48:38.635 I/mali_so (29018): arm_release_vers are match. to set the full mali_ver 'g29p0-00eac0-3' as value of 'sys.gmali.version'.
08-27 12:48:38.636 W/libc    (29018): Unable to set property "sys.gmali.version" to "g29p0-00eac0-3": connection failed: Permission denied
08-27 12:48:38.639 D/stream_begin(29018): [PERF] 12:48:38.631 [processDataBeginning@39] 
08-27 12:48:38.647 D/stream_assembling_begin(29018): [PERF] 12:48:38.640 [processDataAssembling@43] 
08-27 12:48:38.654 D/AutofillManager(29018): notifyViewReadyInner:1073741824
08-27 12:48:38.656 D/AGenUI  (29018): 12:48:38.649 [processDataAssembling@44] {"version":"v0.9","createSurface":{"surfaceId":"widget_-1_1787806118553","catalogId":"https:\/\/a2ui.org\/specification\/v0_9\/catalogs\/basic\/catalog.json","width":300}}
08-27 12:48:38.664 D/surface_create_begin(29018): [PERF] 12:48:38.658 [Surface@26] widget_-1_1787806118553
08-27 12:48:38.668 D/surface_create_end(29018): [PERF] 12:48:38.667 [Surface@49] widget_-1_1787806118553
08-27 12:48:38.672 D/AGenUI  (29018): 12:48:38.669 [createSurface@82] success: {"version":"v0.9","createSurface":{"surfaceId":"widget_-1_1787806118553","catalogId":"https:\/\/a2ui.org\/specification\/v0_9\/catalogs\/basic\/catalog.json","width":300}}
08-27 12:48:38.675 D/AGenUI  (29018): 12:48:38.673 [dispatchCreateSurface@36] surfaceId:widget_-1_1787806118553
08-27 12:48:38.679 I/NativeEventBridge(29018): 12:48:38.676 [onCreateSurface@45] onCreateSurface: surfaceId=widget_-1_1787806118553, catalogId=https://a2ui.org/specification/v0_9/catalogs/basic/catalog.json
08-27 12:48:38.684 D/stream_assembling_end(29018): [PERF] 12:48:38.680 [processDataAssembling@57] 
08-27 12:48:38.688 D/stream_assembling_begin(29018): [PERF] 12:48:38.685 [processDataAssembling@43] 
08-27 12:48:38.691 D/AGenUI  (29018): 12:48:38.688 [processDataAssembling@44] {"version":"v0.9","updateComponents":{"surfaceId":"widget_-1_1787806118553","components":[{"id":"root_c0_c0_c0_c0","component":"Text","text":"☀","styles":{"fontSize":24}},{"id":"root_c0_c0_c0","component":"Container","styles":{"width":48,"height":48,"borderRadius":999,"backgroundColor":"rgba(0,125,255,0.08)","alignItems":"center","justifyContent":"center"},"children":["root_c0_c0_c0_c0"]},{"id":"root_c0_c0_c1_c0","component":"Text","text":"北京","styles":{"fontSize":16,"fontWeight":"Medium","color":"rgba(0,0,0,0.90)"}},{"id":"root_c0_c0_c1_c1","component":"Text","text":"晴 · 微风","styles":{"fontSize":14,"color":"rgba(0,0,0,0.60)"}},{"id":"root_c0_c0_c1","component":"Column","styles":{"marginLeft":12,"flex":1},"children":["root_c0_c0_c1_c0","root_c0_c0_c1_c1"]},{"id":"root_c0_c0_c2","component":"Text","text":"23°","styles":{"fontSize":28,"fontWeight":"Medium","color":"#007DFF"}},{"id":"root_c0_c0","component":"Row","styles":{"paddingLeft":16,"paddingRight":16,"paddingTop":16,"paddingBottom":12,"alignItems":"center"},"children":["root_c0_c0_c0","root_c0_c0_c1","root_c0_c0_c2"]},{"id":"root_c0_c1","component":"Divider","styles":{"backgroundColor":"rgba(0,0,0,0.08)","height":1,"marginLeft":16,"marginRight":16}},{"id":"root_c0_c2_c0_c0","component":"Text","text":"湿度","styles":{"fontSize":12,"color":"rgba(0,0,0,0.40)"}},{"id":"root_c0_c2_c0_c1","component":"Text","text":"45%","styles":{"fontSize":14,"color":"rgba(0,0,0,0.90)","marginTop":4}},{"id":"root_c0_c2_c0","component":"Column","styles":{"flex":1,"alignItems":"center"},"children":["root_c0_c2_c0_c0","root_c0_c2_c0_c1"]},{"id":"root_c0_c2_c1_c0","component":"Text","text":"风速","styles":{"fontSize":12,"color":"rgba(0,0,0,0.40)"}},{"id":"root_c0_c2_c1_c1","component":"Text","text":"3级","styles":{"fontSize":14,"color":"rgba(0,0,0,0.90)","marginTop":4}},{"id":"root_c0_c2_c1","component":"Column","styles":{"flex":1,"alignItems":"center"},"children":["root_c0_c2_c1_c0","root_c0_c2_c1_c1"]},{"id":"root_c0_c2_c2_c0","component":"Text","text":"AQI","styles":{"fontSize":12,"color":"rgba(0,0,0,0.40)"}},{"id":"root_c0_c2_c2_c1","component":"Text","text":"优 42","styles":{"fontSize":14,"color":"rgba(0,0,0,0.90)","marginTop":4}},{"id":"root_c0_c2_c2","component":"Column","styles":{"flex":1,"alignItems":"center"},"children":["root_c0_c2_c2_c0","root_c0_c2_c2_c1"]},{"id":"root_c0_c2","component":"Row","styles":{"paddingLeft":16,"paddingRight":16,"paddingTop":12,"paddingBottom":16},"children":["root_c0_c2_c0","root_c0_c2_c1","root_c0_c2_c2"]},{"id":"root_c0","component":"Column","children":["root_c0_c0","root_c0_c1","root_c0_c2"]},{"id":"root","component":"Card","styles":{"borderRadius":12,"backgroundColor":"#FFFFFF","elevation":2},"children":["root_c0"]}]}}
08-27 12:48:38.695 D/stream_assembling_end(29018): [PERF] 12:48:38.692 [processDataAssembling@57] 
08-27 12:48:38.698 D/stream_assembling_begin(29018): [PERF] 12:48:38.695 [processDataAssembling@43] 
08-27 12:48:38.701 D/AGenUI  (29018): 12:48:38.699 [processDataAssembling@44] {"version":"v0.9","updateDataModel":{"surfaceId":"widget_-1_1787806118553","value":{"city":"北京","condition":"晴 · 微风","temperature":"23°","humidity":"45%","wind":"3级","aqi":"优 42","view":"current"}}}
08-27 12:48:38.708 D/AGenUI  (29018): 12:48:38.706 [loadTemplateRegistry@49] Template directory is empty
08-27 12:48:38.710 D/AGenUI  (29018): 12:48:38.708 [updateComponents@209] none template: Text
08-27 12:48:38.713 D/AGenUI  (29018): 12:48:38.711 [updateComponents@209] none template: Container
08-27 12:48:38.716 D/AGenUI  (29018): 12:48:38.714 [updateComponents@209] none template: Text
08-27 12:48:38.719 D/AGenUI  (29018): 12:48:38.717 [updateComponents@209] none template: Text
08-27 12:48:38.722 D/AGenUI  (29018): 12:48:38.720 [updateComponents@209] none template: Column
08-27 12:48:38.724 D/AGenUI  (29018): 12:48:38.723 [updateComponents@209] none template: Text
08-27 12:48:38.726 D/AGenUI  (29018): 12:48:38.725 [updateComponents@209] none template: Row
08-27 12:48:38.728 D/AGenUI  (29018): 12:48:38.726 [updateComponents@209] none template: Divider
08-27 12:48:38.731 D/AGenUI  (29018): 12:48:38.729 [updateComponents@209] none template: Text
08-27 12:48:38.733 D/AGenUI  (29018): 12:48:38.732 [updateComponents@209] none template: Text
08-27 12:48:38.736 D/AGenUI  (29018): 12:48:38.734 [updateComponents@209] none template: Column
08-27 12:48:38.739 D/AGenUI  (29018): 12:48:38.737 [updateComponents@209] none template: Text
08-27 12:48:38.741 D/AGenUI  (29018): 12:48:38.739 [updateComponents@209] none template: Text
08-27 12:48:38.742 D/AGenUI  (29018): 12:48:38.741 [updateComponents@209] none template: Column
08-27 12:48:38.744 D/AGenUI  (29018): 12:48:38.743 [updateComponents@209] none template: Text
08-27 12:48:38.747 D/AGenUI  (29018): 12:48:38.745 [updateComponents@209] none template: Text
08-27 12:48:38.750 D/AGenUI  (29018): 12:48:38.748 [updateComponents@209] none template: Column
08-27 12:48:38.752 D/AGenUI  (29018): 12:48:38.751 [updateComponents@209] none template: Row
08-27 12:48:38.755 D/AGenUI  (29018): 12:48:38.753 [updateComponents@209] none template: Column
08-27 12:48:38.757 D/AGenUI  (29018): 12:48:38.755 [updateComponents@209] none template: Card
08-27 12:48:38.767 D/AGenUI  (29018): 12:48:38.765 [getValueData@71] calling FunctionCallManager.executeFunctionCallSync: name=token, args={"name":"Color_Text_Body"}
08-27 12:48:38.772 D/AGenUI  (29018): 12:48:38.770 [execute@20] token:Color_Text_Body, resolved:#000000E6
08-27 12:48:38.775 D/AGenUI  (29018): 12:48:38.773 [getValueData@71] calling FunctionCallManager.executeFunctionCallSync: name=token, args={"name":"Color_Gray_06"}
08-27 12:48:38.778 D/AGenUI  (29018): 12:48:38.776 [execute@20] token:Color_Gray_06, resolved:#0000000F
08-27 12:48:38.782 D/AGenUI  (29018): 12:48:38.780 [setupMeasureFunctionIfNeeded@329] [setupMeasureFunc] id=root_c0_c0_c0_c0 comp=Text decision=Register
08-27 12:48:38.786 D/AGenUI  (29018): 12:48:38.784 [setupMeasureFunctionIfNeeded@329] [setupMeasureFunc] id=root_c0_c0_c1_c0 comp=Text decision=Register
08-27 12:48:38.789 D/AGenUI  (29018): 12:48:38.787 [setupMeasureFunctionIfNeeded@329] [setupMeasureFunc] id=root_c0_c0_c1_c1 comp=Text decision=Register
08-27 12:48:38.792 I/HWUI    (29018): Davey! duration=766ms; Flags=1, FrameTimelineVsyncId=29547997, IntendedVsync=147546817830814, Vsync=147547367864221, InputEventId=0, HandleInputStart=147547382233896, AnimationStart=147547382240021, PerformTraversalsStart=147547382476271, DrawStart=147547515896855, FrameDeadline=147546834497481, FrameInterval=147547381864063, FrameStartTime=16667679, SyncQueued=147547536789521, SyncStart=147547536852230, IssueDrawCommandsStart=147547537571480, SwapBuffers=147547583580730, FrameCompleted=147547584502105, DequeueBufferDuration=9042, QueueBufferDuration=255500, GpuCompleted=147547584502105, SwapBuffersCompleted=147547584271396, DisplayPresentTime=184889752158208, CommandSubmissionCompleted=147547583580730, 
08-27 12:48:38.793 D/AGenUI  (29018): 12:48:38.791 [setupMeasureFunctionIfNeeded@329] [setupMeasureFunc] id=root_c0_c0_c2 comp=Text decision=Register
08-27 12:48:38.793 D/SurfaceManager(29018): 12:48:38.791 [createSurface@324] createSurface: surfaceId=widget_-1_1787806118553
08-27 12:48:38.796 D/AGenUI  (29018): 12:48:38.794 [setupMeasureFunctionIfNeeded@329] [setupMeasureFunc] id=root_c0_c2_c0_c0 comp=Text decision=Register
08-27 12:48:38.796 D/Surface (29018): 12:48:38.795 [<init>@127] Surface created: id=widget_-1_1787806118553
08-27 12:48:38.797 D/AGenUIWidgetRenderSvc(29018): onCreateSurface: widget_-1_1787806118553
08-27 12:48:38.799 D/SurfaceManager(29018): 12:48:38.797 [createSurface@404] ✓ Surface created: widget_-1_1787806118553
08-27 12:48:38.799 D/AGenUI  (29018): 12:48:38.797 [setupMeasureFunctionIfNeeded@329] [setupMeasureFunc] id=root_c0_c2_c0_c1 comp=Text decision=Register
08-27 12:48:38.803 D/AGenUI  (29018): 12:48:38.801 [setupMeasureFunctionIfNeeded@329] [setupMeasureFunc] id=root_c0_c2_c1_c0 comp=Text decision=Register
08-27 12:48:38.805 D/AGenUI  (29018): 12:48:38.804 [setupMeasureFunctionIfNeeded@329] [setupMeasureFunc] id=root_c0_c2_c1_c1 comp=Text decision=Register
08-27 12:48:38.809 D/AGenUI  (29018): 12:48:38.807 [setupMeasureFunctionIfNeeded@329] [setupMeasureFunc] id=root_c0_c2_c2_c0 comp=Text decision=Register
08-27 12:48:38.812 D/AGenUI  (29018): 12:48:38.810 [setupMeasureFunctionIfNeeded@329] [setupMeasureFunc] id=root_c0_c2_c2_c1 comp=Text decision=Register
08-27 12:48:38.818 D/AGenUI  (29018): 12:48:38.815 [measure@193] [JNI] AndroidBridgeMeasurement.measure start: type=Text, paramJson={"component":"Text","id":"root_c0_c0_c1_c0","styles":{"background-color":"transparent","border-color":"#0000001A","border-radius":"0px","border-style":"solid","border-width":"0px","color":"rgba(0,0,0,0.90)","filter":"none","font-family":"system","font-size":"28px","fontSize":16,"fontWeight":"Medium","height":0.0,"line-clamp":1,"line-height":"40px","opacity":1,"text-align":"left","text-overflow":"ellipsis","visibility":"visible","width":0.0,"x":0.0,"y":0.0},"text":"北京","variant":"body"}, width={maxValue=200.000000, mode=2}, height={maxValue=nan, mode=0}
08-27 12:48:38.821 W/MeasurementBridge(29018): 12:48:38.819 [directMeasure@91] directMeasure start: type=Text, paramJson={"component":"Text","id":"root_c0_c0_c1_c0","styles":{"background-color":"transparent","border-color":"#0000001A","border-radius":"0px","border-style":"solid","border-width":"0px","color":"rgba(0,0,0,0.90)","filter":"none","font-family":"system","font-size":"28px","fontSize":16,"fontWeight":"Medium","height":0.0,"line-clamp":1,"line-height":"40px","opacity":1,"text-align":"left","text-overflow":"ellipsis","visibility":"visible","width":0.0,"x":0.0,"y":0.0},"text":"北京","variant":"body"}, maxWidth=200.0, widthMode=2, maxHeight=NaN, heightMode=0
08-27 12:48:38.826 D/StyleHelper(29018): 12:48:38.823 [parseDimension@296] parseDimension '40px' -> 60px
08-27 12:48:38.831 W/MeasurementBridge(29018): 12:48:38.829 [directMeasure@108] directMeasure result: type=Text, result=MeasureResult{calcType=0, width=57.0, height=41.0, lineCount=1}
08-27 12:48:38.836 D/AGenUI  (29018): 12:48:38.834 [measure@235] [JNI] AndroidBridgeMeasurement.measure result: type=Text, result=MeasureResult{calcType=Sync, width=57.000000, height=41.000000, countOfLines=1}
08-27 12:48:38.840 D/AGenUI  (29018): 12:48:38.837 [measure@193] [JNI] AndroidBridgeMeasurement.measure start: type=Text, paramJson={"component":"Text","id":"root_c0_c0_c1_c1","styles":{"background-color":"transparent","border-color":"#0000001A","border-radius":"0px","border-style":"solid","border-width":"0px","color":"rgba(0,0,0,0.60)","filter":"none","font-family":"system","font-size":"28px","fontSize":14,"height":0.0,"line-clamp":1,"line-height":"40px","opacity":1,"text-align":"left","text-overflow":"ellipsis","visibility":"visible","width":0.0,"x":0.0,"y":0.0},"text":"晴 · 微风","variant":"body"}, width={maxValue=200.000000, mode=2}, height={maxValue=nan, mode=0}
08-27 12:48:38.842 W/MeasurementBridge(29018): 12:48:38.840 [directMeasure@91] directMeasure start: type=Text, paramJson={"component":"Text","id":"root_c0_c0_c1_c1","styles":{"background-color":"transparent","border-color":"#0000001A","border-radius":"0px","border-style":"solid","border-width":"0px","color":"rgba(0,0,0,0.60)","filter":"none","font-family":"system","font-size":"28px","fontSize":14,"height":0.0,"line-clamp":1,"line-height":"40px","opacity":1,"text-align":"left","text-overflow":"ellipsis","visibility":"visible","width":0.0,"x":0.0,"y":0.0},"text":"晴 · 微风","variant":"body"}, maxWidth=200.0, widthMode=2, maxHeight=NaN, heightMode=0
08-27 12:48:38.848 W/MeasurementBridge(29018): 12:48:38.846 [directMeasure@108] directMeasure result: type=Text, result=MeasureResult{calcType=0, width=107.0, height=41.0, lineCount=1}
08-27 12:48:38.851 D/AGenUI  (29018): 12:48:38.849 [measure@235] [JNI] AndroidBridgeMeasurement.measure result: type=Text, result=MeasureResult{calcType=Sync, width=107.000000, height=41.000000, countOfLines=1}
08-27 12:48:38.853 D/AGenUI  (29018): 12:48:38.852 [measure@193] [JNI] AndroidBridgeMeasurement.measure start: type=Text, paramJson={"component":"Text","id":"root_c0_c0_c2","styles":{"background-color":"transparent","border-color":"#0000001A","border-radius":"0px","border-style":"solid","border-width":"0px","color":"#007DFF","filter":"none","font-family":"system","font-size":"28px","fontSize":28,"fontWeight":"Medium","height":0.0,"line-clamp":1,"line-height":"40px","opacity":1,"text-align":"left","text-overflow":"ellipsis","visibility":"visible","width":0.0,"x":0.0,"y":0.0},"text":"23°","variant":"body"}, width={maxValue=200.000000, mode=2}, height={maxValue=nan, mode=0}
08-27 12:48:38.855 W/MeasurementBridge(29018): 12:48:38.853 [directMeasure@91] directMeasure start: type=Text, paramJson={"component":"Text","id":"root_c0_c0_c2","styles":{"background-color":"transparent","border-color":"#0000001A","border-radius":"0px","border-style":"solid","border-width":"0px","color":"#007DFF","filter":"none","font-family":"system","font-size":"28px","fontSize":28,"fontWeight":"Medium","height":0.0,"line-clamp":1,"line-height":"40px","opacity":1,"text-align":"left","text-overflow":"ellipsis","visibility":"visible","width":0.0,"x":0.0,"y":0.0},"text":"23°","variant":"body"}, maxWidth=200.0, widthMode=2, maxHeight=NaN, heightMode=0
08-27 12:48:38.860 W/MeasurementBridge(29018): 12:48:38.858 [directMeasure@108] directMeasure result: type=Text, result=MeasureResult{calcType=0, width=43.0, height=41.0, lineCount=1}
08-27 12:48:38.862 D/AGenUI  (29018): 12:48:38.860 [measure@235] [JNI] AndroidBridgeMeasurement.measure result: type=Text, result=MeasureResult{calcType=Sync, width=43.000000, height=41.000000, countOfLines=1}
08-27 12:48:38.865 D/AGenUI  (29018): 12:48:38.863 [measure@193] [JNI] AndroidBridgeMeasurement.measure start: type=Text, paramJson={"component":"Text","id":"root_c0_c0_c1_c0","styles":{"background-color":"transparent","border-color":"#0000001A","border-radius":"0px","border-style":"solid","border-width":"0px","color":"rgba(0,0,0,0.90)","filter":"none","font-family":"system","font-size":"28px","fontSize":16,"fontWeight":"Medium","height":0.0,"line-clamp":1,"line-height":"40px","lines":1,"opacity":1,"text-align":"left","text-overflow":"ellipsis","visibility":"visible","width":0.0,"x":0.0,"y":0.0},"text":"北京","variant":"body"}, width={maxValue=107.000000, mode=1}, height={maxValue=nan, mode=0}
08-27 12:48:38.867 W/MeasurementBridge(29018): 12:48:38.865 [directMeasure@91] directMeasure start: type=Text, paramJson={"component":"Text","id":"root_c0_c0_c1_c0","styles":{"background-color":"transparent","border-color":"#0000001A","border-radius":"0px","border-style":"solid","border-width":"0px","color":"rgba(0,0,0,0.90)","filter":"none","font-family":"system","font-size":"28px","fontSize":16,"fontWeight":"Medium","height":0.0,"line-clamp":1,"line-height":"40px","lines":1,"opacity":1,"text-align":"left","text-overflow":"ellipsis","visibility":"visible","width":0.0,"x":0.0,"y":0.0},"text":"北京","variant":"body"}, maxWidth=107.0, widthMode=1, maxHeight=NaN, heightMode=0
08-27 12:48:38.872 W/MeasurementBridge(29018): 12:48:38.870 [directMeasure@108] directMeasure result: type=Text, result=MeasureResult{calcType=0, width=109.0, height=41.0, lineCount=1}
08-27 12:48:38.874 D/AGenUI  (29018): 12:48:38.872 [measure@235] [JNI] AndroidBridgeMeasurement.measure result: type=Text, result=MeasureResult{calcType=Sync, width=109.000000, height=41.000000, countOfLines=1}
08-27 12:48:38.877 D/AGenUI  (29018): 12:48:38.875 [measure@193] [JNI] AndroidBridgeMeasurement.measure start: type=Text, paramJson={"component":"Text","id":"root_c0_c2_c0_c0","styles":{"background-color":"transparent","border-color":"#0000001A","border-radius":"0px","border-style":"solid","border-width":"0px","color":"rgba(0,0,0,0.40)","filter":"none","font-family":"system","font-size":"28px","fontSize":12,"height":0.0,"line-clamp":1,"line-height":"40px","opacity":1,"text-align":"left","text-overflow":"ellipsis","visibility":"visible","width":0.0,"x":0.0,"y":0.0},"text":"湿度","variant":"body"}, width={maxValue=200.000000, mode=2}, height={maxValue=nan, mode=0}
08-27 12:48:38.880 W/MeasurementBridge(29018): 12:48:38.878 [directMeasure@91] directMeasure start: type=Text, paramJson={"component":"Text","id":"root_c0_c2_c0_c0","styles":{"background-color":"transparent","border-color":"#0000001A","border-radius":"0px","border-style":"solid","border-width":"0px","color":"rgba(0,0,0,0.40)","filter":"none","font-family":"system","font-size":"28px","fontSize":12,"height":0.0,"line-clamp":1,"line-height":"40px","opacity":1,"text-align":"left","text-overflow":"ellipsis","visibility":"visible","width":0.0,"x":0.0,"y":0.0},"text":"湿度","variant":"body"}, maxWidth=200.0, widthMode=2, maxHeight=NaN, heightMode=0
08-27 12:48:38.885 W/MeasurementBridge(29018): 12:48:38.883 [directMeasure@108] directMeasure result: type=Text, result=MeasureResult{calcType=0, width=57.0, height=41.0, lineCount=1}
08-27 12:48:38.887 D/AGenUI  (29018): 12:48:38.885 [measure@235] [JNI] AndroidBridgeMeasurement.measure result: type=Text, result=MeasureResult{calcType=Sync, width=57.000000, height=41.000000, countOfLines=1}
08-27 12:48:38.889 D/AGenUI  (29018): 12:48:38.887 [measure@193] [JNI] AndroidBridgeMeasurement.measure start: type=Text, paramJson={"component":"Text","id":"root_c0_c2_c0_c1","styles":{"background-color":"transparent","border-color":"#0000001A","border-radius":"0px","border-style":"solid","border-width":"0px","color":"rgba(0,0,0,0.90)","filter":"none","font-family":"system","font-size":"28px","fontSize":14,"height":0.0,"line-clamp":1,"line-height":"40px","marginTop":4,"opacity":1,"text-align":"left","text-overflow":"ellipsis","visibility":"visible","width":0.0,"x":0.0,"y":0.0},"text":"45%","variant":"body"}, width={maxValue=200.000000, mode=2}, height={maxValue=nan, mode=0}
08-27 12:48:38.892 W/MeasurementBridge(29018): 12:48:38.890 [directMeasure@91] directMeasure start: type=Text, paramJson={"component":"Text","id":"root_c0_c2_c0_c1","styles":{"background-color":"transparent","border-color":"#0000001A","border-radius":"0px","border-style":"solid","border-width":"0px","color":"rgba(0,0,0,0.90)","filter":"none","font-family":"system","font-size":"28px","fontSize":14,"height":0.0,"line-clamp":1,"line-height":"40px","marginTop":4,"opacity":1,"text-align":"left","text-overflow":"ellipsis","visibility":"visible","width":0.0,"x":0.0,"y":0.0},"text":"45%","variant":"body"}, maxWidth=200.0, widthMode=2, maxHeight=NaN, heightMode=0
08-27 12:48:38.896 W/MeasurementBridge(29018): 12:48:38.894 [directMeasure@108] directMeasure result: type=Text, result=MeasureResult{calcType=0, width=53.0, height=41.0, lineCount=1}
08-27 12:48:38.898 D/AGenUI  (29018): 12:48:38.896 [measure@235] [JNI] AndroidBridgeMeasurement.measure result: type=Text, result=MeasureResult{calcType=Sync, width=53.000000, height=41.000000, countOfLines=1}
08-27 12:48:38.901 D/AGenUI  (29018): 12:48:38.899 [measure@193] [JNI] AndroidBridgeMeasurement.measure start: type=Text, paramJson={"component":"Text","id":"root_c0_c2_c1_c0","styles":{"background-color":"transparent","border-color":"#0000001A","border-radius":"0px","border-style":"solid","border-width":"0px","color":"rgba(0,0,0,0.40)","filter":"none","font-family":"system","font-size":"28px","fontSize":12,"height":0.0,"line-clamp":1,"line-height":"40px","opacity":1,"text-align":"left","text-overflow":"ellipsis","visibility":"visible","width":0.0,"x":0.0,"y":0.0},"text":"风速","variant":"body"}, width={maxValue=200.000000, mode=2}, height={maxValue=nan, mode=0}
08-27 12:48:38.902 W/MeasurementBridge(29018): 12:48:38.901 [directMeasure@91] directMeasure start: type=Text, paramJson={"component":"Text","id":"root_c0_c2_c1_c0","styles":{"background-color":"transparent","border-color":"#0000001A","border-radius":"0px","border-style":"solid","border-width":"0px","color":"rgba(0,0,0,0.40)","filter":"none","font-family":"system","font-size":"28px","fontSize":12,"height":0.0,"line-clamp":1,"line-height":"40px","opacity":1,"text-align":"left","text-overflow":"ellipsis","visibility":"visible","width":0.0,"x":0.0,"y":0.0},"text":"风速","variant":"body"}, maxWidth=200.0, widthMode=2, maxHeight=NaN, heightMode=0
08-27 12:48:38.907 W/MeasurementBridge(29018): 12:48:38.906 [directMeasure@108] directMeasure result: type=Text, result=MeasureResult{calcType=0, width=57.0, height=41.0, lineCount=1}
08-27 12:48:38.909 D/AGenUI  (29018): 12:48:38.908 [measure@235] [JNI] AndroidBridgeMeasurement.measure result: type=Text, result=MeasureResult{calcType=Sync, width=57.000000, height=41.000000, countOfLines=1}
08-27 12:48:38.911 D/AGenUI  (29018): 12:48:38.910 [measure@193] [JNI] AndroidBridgeMeasurement.measure start: type=Text, paramJson={"component":"Text","id":"root_c0_c2_c1_c1","styles":{"background-color":"transparent","border-color":"#0000001A","border-radius":"0px","border-style":"solid","border-width":"0px","color":"rgba(0,0,0,0.90)","filter":"none","font-family":"system","font-size":"28px","fontSize":14,"height":0.0,"line-clamp":1,"line-height":"40px","marginTop":4,"opacity":1,"text-align":"left","text-overflow":"ellipsis","visibility":"visible","width":0.0,"x":0.0,"y":0.0},"text":"3级","variant":"body"}, width={maxValue=200.000000, mode=2}, height={maxValue=nan, mode=0}
08-27 12:48:38.913 W/MeasurementBridge(29018): 12:48:38.912 [directMeasure@91] directMeasure start: type=Text, paramJson={"component":"Text","id":"root_c0_c2_c1_c1","styles":{"background-color":"transparent","border-color":"#0000001A","border-radius":"0px","border-style":"solid","border-width":"0px","color":"rgba(0,0,0,0.90)","filter":"none","font-family":"system","font-size":"28px","fontSize":14,"height":0.0,"line-clamp":1,"line-height":"40px","marginTop":4,"opacity":1,"text-align":"left","text-overflow":"ellipsis","visibility":"visible","width":0.0,"x":0.0,"y":0.0},"text":"3级","variant":"body"}, maxWidth=200.0, widthMode=2, maxHeight=NaN, heightMode=0
08-27 12:48:38.918 W/MeasurementBridge(29018): 12:48:38.917 [directMeasure@108] directMeasure result: type=Text, result=MeasureResult{calcType=0, width=45.0, height=41.0, lineCount=1}
08-27 12:48:38.920 D/AGenUI  (29018): 12:48:38.919 [measure@235] [JNI] AndroidBridgeMeasurement.measure result: type=Text, result=MeasureResult{calcType=Sync, width=45.000000, height=41.000000, countOfLines=1}
08-27 12:48:38.923 D/AGenUI  (29018): 12:48:38.922 [measure@193] [JNI] AndroidBridgeMeasurement.measure start: type=Text, paramJson={"component":"Text","id":"root_c0_c2_c2_c0","styles":{"background-color":"transparent","border-color":"#0000001A","border-radius":"0px","border-style":"solid","border-width":"0px","color":"rgba(0,0,0,0.40)","filter":"none","font-family":"system","font-size":"28px","fontSize":12,"height":0.0,"line-clamp":1,"line-height":"40px","opacity":1,"text-align":"left","text-overflow":"ellipsis","visibility":"visible","width":0.0,"x":0.0,"y":0.0},"text":"AQI","variant":"body"}, width={maxValue=200.000000, mode=2}, height={maxValue=nan, mode=0}
08-27 12:48:38.925 W/MeasurementBridge(29018): 12:48:38.923 [directMeasure@91] directMeasure start: type=Text, paramJson={"component":"Text","id":"root_c0_c2_c2_c0","styles":{"background-color":"transparent","border-color":"#0000001A","border-radius":"0px","border-style":"solid","border-width":"0px","color":"rgba(0,0,0,0.40)","filter":"none","font-family":"system","font-size":"28px","fontSize":12,"height":0.0,"line-clamp":1,"line-height":"40px","opacity":1,"text-align":"left","text-overflow":"ellipsis","visibility":"visible","width":0.0,"x":0.0,"y":0.0},"text":"AQI","variant":"body"}, maxWidth=200.0, widthMode=2, maxHeight=NaN, heightMode=0
08-27 12:48:38.929 W/MeasurementBridge(29018): 12:48:38.927 [directMeasure@108] directMeasure result: type=Text, result=MeasureResult{calcType=0, width=47.0, height=41.0, lineCount=1}
08-27 12:48:38.931 D/AGenUI  (29018): 12:48:38.929 [measure@235] [JNI] AndroidBridgeMeasurement.measure result: type=Text, result=MeasureResult{calcType=Sync, width=47.000000, height=41.000000, countOfLines=1}
08-27 12:48:38.933 D/AGenUI  (29018): 12:48:38.932 [measure@193] [JNI] AndroidBridgeMeasurement.measure start: type=Text, paramJson={"component":"Text","id":"root_c0_c2_c2_c1","styles":{"background-color":"transparent","border-color":"#0000001A","border-radius":"0px","border-style":"solid","border-width":"0px","color":"rgba(0,0,0,0.90)","filter":"none","font-family":"system","font-size":"28px","fontSize":14,"height":0.0,"line-clamp":1,"line-height":"40px","marginTop":4,"opacity":1,"text-align":"left","text-overflow":"ellipsis","visibility":"visible","width":0.0,"x":0.0,"y":0.0},"text":"优 42","variant":"body"}, width={maxValue=200.000000, mode=2}, height={maxValue=nan, mode=0}
08-27 12:48:38.935 W/MeasurementBridge(29018): 12:48:38.934 [directMeasure@91] directMeasure start: type=Text, paramJson={"component":"Text","id":"root_c0_c2_c2_c1","styles":{"background-color":"transparent","border-color":"#0000001A","border-radius":"0px","border-style":"solid","border-width":"0px","color":"rgba(0,0,0,0.90)","filter":"none","font-family":"system","font-size":"28px","fontSize":14,"height":0.0,"line-clamp":1,"line-height":"40px","marginTop":4,"opacity":1,"text-align":"left","text-overflow":"ellipsis","visibility":"visible","width":0.0,"x":0.0,"y":0.0},"text":"优 42","variant":"body"}, maxWidth=200.0, widthMode=2, maxHeight=NaN, heightMode=0
08-27 12:48:38.940 W/MeasurementBridge(29018): 12:48:38.939 [directMeasure@108] directMeasure result: type=Text, result=MeasureResult{calcType=0, width=68.0, height=41.0, lineCount=1}
08-27 12:48:38.942 D/AGenUI  (29018): 12:48:38.940 [measure@235] [JNI] AndroidBridgeMeasurement.measure result: type=Text, result=MeasureResult{calcType=Sync, width=68.000000, height=41.000000, countOfLines=1}
08-27 12:48:38.944 D/AGenUI  (29018): 12:48:38.943 [measure@193] [JNI] AndroidBridgeMeasurement.measure start: type=Text, paramJson={"component":"Text","id":"root_c0_c0_c0_c0","styles":{"background-color":"transparent","border-color":"#0000001A","border-radius":"0px","border-style":"solid","border-width":"0px","color":"#000000E6","filter":"none","font-family":"system","font-size":"28px","fontSize":24,"height":0.0,"line-clamp":1,"line-height":"40px","opacity":1,"text-align":"left","text-overflow":"ellipsis","visibility":"visible","width":0.0,"x":0.0,"y":0.0},"text":"☀","variant":"body"}, width={maxValue=48.000000, mode=2}, height={maxValue=48.000000, mode=2}
08-27 12:48:38.946 W/MeasurementBridge(29018): 12:48:38.945 [directMeasure@91] directMeasure start: type=Text, paramJson={"component":"Text","id":"root_c0_c0_c0_c0","styles":{"background-color":"transparent","border-color":"#0000001A","border-radius":"0px","border-style":"solid","border-width":"0px","color":"#000000E6","filter":"none","font-family":"system","font-size":"28px","fontSize":24,"height":0.0,"line-clamp":1,"line-height":"40px","opacity":1,"text-align":"left","text-overflow":"ellipsis","visibility":"visible","width":0.0,"x":0.0,"y":0.0},"text":"☀","variant":"body"}, maxWidth=48.0, widthMode=2, maxHeight=48.0, heightMode=2
08-27 12:48:38.951 W/MeasurementBridge(29018): 12:48:38.949 [directMeasure@108] directMeasure result: type=Text, result=MeasureResult{calcType=0, width=37.0, height=41.0, lineCount=1}
08-27 12:48:38.953 D/AGenUI  (29018): 12:48:38.952 [measure@235] [JNI] AndroidBridgeMeasurement.measure result: type=Text, result=MeasureResult{calcType=Sync, width=37.000000, height=41.000000, countOfLines=1}
08-27 12:48:38.955 D/AGenUI  (29018): 12:48:38.954 [logYogaLayoutInfo@277] [layout] id=root type=Card parent= xywh=(0.0,0.0,200.0,181.0) flex=(0.0,1.0) child=1 aspect=nan measure=0
08-27 12:48:38.957 D/AGenUI  (29018): 12:48:38.956 [onNodeAdded@298] onNodeAdded: {"children":["root_c0"],"component":"Card","id":"root","styles":{"align-content":"stretch","align-items":"stretch","align-self":"auto","background-color":"transparent","backgroundColor":"#FFFFFF","border-color":"#0000001A","border-radius":"16px","border-style":"solid","border-width":"0px","borderRadius":12,"elevation":2,"filter":"none","flex-direction":"column","flex-grow":0,"flex-shrink":1,"flex-wrap":"nowrap","height":181.0,"justify-content":"flex-start","opacity":1,"visibility":"visible","width":200.0,"x":0.0,"y":0.0}}, parentId:
08-27 12:48:38.958 D/AGenUI  (29018): 12:48:38.957 [logYogaLayoutInfo@277] [layout] id=root_c0 type=Column parent=root xywh=(0.0,0.0,200.0,181.0) flex=(0.0,1.0) child=3 aspect=nan measure=0
08-27 12:48:38.961 D/AGenUI  (29018): 12:48:38.959 [onNodeAdded@298] onNodeAdded: {"children":["root_c0_c0","root_c0_c1","root_c0_c2"],"component":"Column","id":"root_c0","styles":{"align-content":"stretch","align-items":"stretch","align-self":"auto","background-color":"transparent","border-color":"#0000001A","border-radius":"0px","border-style":"solid","border-width":"0px","filter":"none","flex-direction":"column","flex-grow":0,"flex-shrink":1,"flex-wrap":"nowrap","height":181.0,"justify-content":"flex-start","opacity":1,"visibility":"visible","width":200.0,"x":0.0,"y":0.0}}, parentId:root
08-27 12:48:38.962 D/AGenUI  (29018): 12:48:38.961 [logYogaLayoutInfo@277] [layout] id=root_c0_c0 type=Row parent=root_c0 xywh=(0.0,0.0,200.0,82.0) flex=(0.0,1.0) child=3 aspect=nan measure=0
08-27 12:48:38.964 D/AGenUI  (29018): 12:48:38.963 [onNodeAdded@298] onNodeAdded: {"children":["root_c0_c0_c0","root_c0_c0_c1","root_c0_c0_c2"],"component":"Row","id":"root_c0_c0","styles":{"align-content":"stretch","align-items":"stretch","align-self":"auto","background-color":"transparent","border-color":"#0000001A","border-radius":"0px","border-style":"solid","border-width":"0px","filter":"none","flex-direction":"column","flex-grow":0,"flex-shrink":1,"flex-wrap":"nowrap","height":82.0,"justify-content":"flex-start","opacity":1,"paddingBottom":12,"paddingLeft":16,"paddingRight":16,"paddingTop":16,"visibility":"visible","width":200.0,"x":0.0,"y":0.0}}, parentId:root_c0
08-27 12:48:38.967 D/AGenUI  (29018): 12:48:38.965 [logYogaLayoutInfo@277] [layout] id=root_c0_c0_c0 type=Container parent=root_c0_c0 xywh=(0.0,17.0,48.0,48.0) flex=(0.0,1.0) child=1 aspect=nan measure=0
08-27 12:48:38.969 D/AGenUI  (29018): 12:48:38.968 [onNodeAdded@298] onNodeAdded: {"children":["root_c0_c0_c0_c0"],"component":"Container","id":"root_c0_c0_c0","styles":{"align-content":"stretch","align-items":"stretch","align-self":"auto","background-color":"transparent","backgroundColor":"rgba(0,125,255,0.08)","border-color":"#0000001A","border-radius":"0px","border-style":"solid","border-width":"0px","borderRadius":999,"filter":"none","flex-direction":"column","flex-grow":0,"flex-shrink":1,"flex-wrap":"nowrap","height":48.0,"justify-content":"flex-start","opacity":1,"visibility":"visible","width":48.0,"x":0.0,"y":17.0}}, parentId:root_c0_c0
08-27 12:48:38.971 D/AGenUI  (29018): 12:48:38.969 [logYogaLayoutInfo@277] [layout] id=root_c0_c0_c0_c0 type=Text parent=root_c0_c0_c0 xywh=(5.0,3.0,37.0,41.0) flex=(0.0,1.0) child=0 aspect=nan measure=1
08-27 12:48:38.973 D/AGenUI  (29018): 12:48:38.972 [onNodeAdded@298] onNodeAdded: {"component":"Text","id":"root_c0_c0_c0_c0","styles":{"align-content":"stretch","align-items":"stretch","align-self":"auto","background-color":"transparent","border-color":"#0000001A","border-radius":"0px","border-style":"solid","border-width":"0px","color":"#000000E6","filter":"none","flex-direction":"column","flex-grow":0,"flex-shrink":1,"flex-wrap":"nowrap","font-family":"system","font-size":"28px","fontSize":24,"height":41.0,"justify-content":"flex-start","line-clamp":1,"line-height":"40px","lines":1,"opacity":1,"text-align":"left","text-overflow":"ellipsis","visibility":"visible","width":37.0,"x":5.0,"y":3.0},"text":"☀","variant":"body"}, parentId:root_c0_c0_c0
08-27 12:48:38.974 D/AGenUI  (29018): 12:48:38.973 [logYogaLayoutInfo@277] [layout] id=root_c0_c0_c1 type=Column parent=root_c0_c0 xywh=(48.0,0.0,107.0,82.0) flex=(0.0,1.0) child=2 aspect=nan measure=0
08-27 12:48:38.976 D/AGenUI  (29018): 12:48:38.975 [onNodeAdded@298] onNodeAdded: {"children":["root_c0_c0_c1_c0","root_c0_c0_c1_c1"],"component":"Column","id":"root_c0_c0_c1","styles":{"align-content":"stretch","align-items":"stretch","align-self":"auto","background-color":"transparent","border-color":"#0000001A","border-radius":"0px","border-style":"solid","border-width":"0px","filter":"none","flex":1,"flex-direction":"column","flex-grow":0,"flex-shrink":1,"flex-wrap":"nowrap","height":82.0,"justify-content":"flex-start","marginLeft":12,"opacity":1,"visibility":"visible","width":107.0,"x":48.0,"y":0.0}}, parentId:root_c0_c0
08-27 12:48:38.978 D/AGenUI  (29018): 12:48:38.976 [logYogaLayoutInfo@277] [layout] id=root_c0_c0_c1_c0 type=Text parent=root_c0_c0_c1 xywh=(0.0,0.0,107.0,41.0) flex=(0.0,1.0) child=0 aspect=nan measure=1
08-27 12:48:38.980 D/AGenUI  (29018): 12:48:38.979 [onNodeAdded@298] onNodeAdded: {"component":"Text","id":"root_c0_c0_c1_c0","styles":{"align-content":"stretch","align-items":"stretch","align-self":"auto","background-color":"transparent","border-color":"#0000001A","border-radius":"0px","border-style":"solid","border-width":"0px","color":"rgba(0,0,0,0.90)","filter":"none","flex-direction":"column","flex-grow":0,"flex-shrink":1,"flex-wrap":"nowrap","font-family":"system","font-size":"28px","fontSize":16,"fontWeight":"Medium","height":41.0,"justify-content":"flex-start","line-clamp":1,"line-height":"40px","lines":1,"opacity":1,"text-align":"left","text-overflow":"ellipsis","visibility":"visible","width":107.0,"x":0.0,"y":0.0},"text":"北京","variant":"body"}, parentId:root_c0_c0_c1
08-27 12:48:38.982 D/AGenUI  (29018): 12:48:38.980 [logYogaLayoutInfo@277] [layout] id=root_c0_c0_c1_c1 type=Text parent=root_c0_c0_c1 xywh=(0.0,41.0,107.0,41.0) flex=(0.0,1.0) child=0 aspect=nan measure=1
08-27 12:48:38.985 D/AGenUI  (29018): 12:48:38.983 [onNodeAdded@298] onNodeAdded: {"component":"Text","id":"root_c0_c0_c1_c1","styles":{"align-content":"stretch","align-items":"stretch","align-self":"auto","background-color":"transparent","border-color":"#0000001A","border-radius":"0px","border-style":"solid","border-width":"0px","color":"rgba(0,0,0,0.60)","filter":"none","flex-direction":"column","flex-grow":0,"flex-shrink":1,"flex-wrap":"nowrap","font-family":"system","font-size":"28px","fontSize":14,"height":41.0,"justify-content":"flex-start","line-clamp":1,"line-height":"40px","lines":1,"opacity":1,"text-align":"left","text-overflow":"ellipsis","visibility":"visible","width":107.0,"x":0.0,"y":41.0},"text":"晴 · 微风","variant":"body"}, parentId:root_c0_c0_c1
08-27 12:48:38.986 D/AGenUI  (29018): 12:48:38.985 [logYogaLayoutInfo@277] [layout] id=root_c0_c0_c2 type=Text parent=root_c0_c0 xywh=(155.0,20.0,43.0,41.0) flex=(0.0,1.0) child=0 aspect=nan measure=1
08-27 12:48:38.988 D/AGenUI  (29018): 12:48:38.987 [onNodeAdded@298] onNodeAdded: {"component":"Text","id":"root_c0_c0_c2","styles":{"align-content":"stretch","align-items":"stretch","align-self":"auto","background-color":"transparent","border-color":"#0000001A","border-radius":"0px","border-style":"solid","border-width":"0px","color":"#007DFF","filter":"none","flex-direction":"column","flex-grow":0,"flex-shrink":1,"flex-wrap":"nowrap","font-family":"system","font-size":"28px","fontSize":28,"fontWeight":"Medium","height":41.0,"justify-content":"flex-start","line-clamp":1,"line-height":"40px","lines":1,"opacity":1,"text-align":"left","text-overflow":"ellipsis","visibility":"visible","width":43.0,"x":155.0,"y":20.0},"text":"23°","variant":"body"}, parentId:root_c0_c0
08-27 12:48:38.990 D/AGenUI  (29018): 12:48:38.989 [logYogaLayoutInfo@277] [layout] id=root_c0_c1 type=Divider parent=root_c0 xywh=(0.0,90.0,200.0,1.0) flex=(0.0,1.0) child=0 aspect=nan measure=0
08-27 12:48:38.992 D/AGenUI  (29018): 12:48:38.991 [onNodeAdded@298] onNodeAdded: {"axis":"horizontal","component":"Divider","id":"root_c0_c1","styles":{"align-content":"stretch","align-items":"stretch","align-self":"auto","background-color":"#0000000F","backgroundColor":"rgba(0,0,0,0.08)","border-color":"#0000001A","border-radius":"0px","border-style":"solid","border-width":"0px","filter":"none","flex-direction":"column","flex-grow":0,"flex-shrink":1,"flex-wrap":"nowrap","height":1.0,"justify-content":"flex-start","margin-bottom":"8px","margin-top":"8px","marginLeft":16,"marginRight":16,"opacity":1,"visibility":"visible","width":200.0,"x":0.0,"y":90.0}}, parentId:root_c0
08-27 12:48:38.993 D/AGenUI  (29018): 12:48:38.992 [logYogaLayoutInfo@277] [layout] id=root_c0_c2 type=Row parent=root_c0 xywh=(0.0,99.0,200.0,82.0) flex=(0.0,1.0) child=3 aspect=nan measure=0
08-27 12:48:38.995 D/AGenUI  (29018): 12:48:38.994 [onNodeAdded@298] onNodeAdded: {"children":["root_c0_c2_c0","root_c0_c2_c1","root_c0_c2_c2"],"component":"Row","id":"root_c0_c2","styles":{"align-content":"stretch","align-items":"stretch","align-self":"auto","background-color":"transparent","border-color":"#0000001A","border-radius":"0px","border-style":"solid","border-width":"0px","filter":"none","flex-direction":"column","flex-grow":0,"flex-shrink":1,"flex-wrap":"nowrap","height":82.0,"justify-content":"flex-start","opacity":1,"paddingBottom":16,"paddingLeft":16,"paddingRight":16,"paddingTop":12,"visibility":"visible","width":200.0,"x":0.0,"y":99.0}}, parentId:root_c0
08-27 12:48:38.997 D/AGenUI  (29018): 12:48:38.996 [logYogaLayoutInfo@277] [layout] id=root_c0_c2_c0 type=Column parent=root_c0_c2 xywh=(0.0,0.0,57.0,82.0) flex=(0.0,1.0) child=2 aspect=nan measure=0
08-27 12:48:38.999 D/AGenUI  (29018): 12:48:38.998 [onNodeAdded@298] onNodeAdded: {"children":["root_c0_c2_c0_c0","root_c0_c2_c0_c1"],"component":"Column","id":"root_c0_c2_c0","styles":{"align-content":"stretch","align-items":"stretch","align-self":"auto","background-color":"transparent","border-color":"#0000001A","border-radius":"0px","border-style":"solid","border-width":"0px","filter":"none","flex":1,"flex-direction":"column","flex-grow":0,"flex-shrink":1,"flex-wrap":"nowrap","height":82.0,"justify-content":"flex-start","opacity":1,"visibility":"visible","width":57.0,"x":0.0,"y":0.0}}, parentId:root_c0_c2
08-27 12:48:39.002 D/AGenUI  (29018): 12:48:39.000 [logYogaLayoutInfo@277] [layout] id=root_c0_c2_c0_c0 type=Text parent=root_c0_c2_c0 xywh=(0.0,0.0,57.0,41.0) flex=(0.0,1.0) child=0 aspect=nan measure=1
08-27 12:48:39.004 D/AGenUI  (29018): 12:48:39.003 [onNodeAdded@298] onNodeAdded: {"component":"Text","id":"root_c0_c2_c0_c0","styles":{"align-content":"stretch","align-items":"stretch","align-self":"auto","background-color":"transparent","border-color":"#0000001A","border-radius":"0px","border-style":"solid","border-width":"0px","color":"rgba(0,0,0,0.40)","filter":"none","flex-direction":"column","flex-grow":0,"flex-shrink":1,"flex-wrap":"nowrap","font-family":"system","font-size":"28px","fontSize":12,"height":41.0,"justify-content":"flex-start","line-clamp":1,"line-height":"40px","lines":1,"opacity":1,"text-align":"left","text-overflow":"ellipsis","visibility":"visible","width":57.0,"x":0.0,"y":0.0},"text":"湿度","variant":"body"}, parentId:root_c0_c2_c0
08-27 12:48:39.005 D/AGenUI  (29018): 12:48:39.004 [logYogaLayoutInfo@277] [layout] id=root_c0_c2_c0_c1 type=Text parent=root_c0_c2_c0 xywh=(2.0,41.0,53.0,41.0) flex=(0.0,1.0) child=0 aspect=nan measure=1
08-27 12:48:39.007 D/AGenUI  (29018): 12:48:39.006 [onNodeAdded@298] onNodeAdded: {"component":"Text","id":"root_c0_c2_c0_c1","styles":{"align-content":"stretch","align-items":"stretch","align-self":"auto","background-color":"transparent","border-color":"#0000001A","border-radius":"0px","border-style":"solid","border-width":"0px","color":"rgba(0,0,0,0.90)","filter":"none","flex-direction":"column","flex-grow":0,"flex-shrink":1,"flex-wrap":"nowrap","font-family":"system","font-size":"28px","fontSize":14,"height":41.0,"justify-content":"flex-start","line-clamp":1,"line-height":"40px","lines":1,"marginTop":4,"opacity":1,"text-align":"left","text-overflow":"ellipsis","visibility":"visible","width":53.0,"x":2.0,"y":41.0},"text":"45%","variant":"body"}, parentId:root_c0_c2_c0
08-27 12:48:39.009 D/AGenUI  (29018): 12:48:39.008 [logYogaLayoutInfo@277] [layout] id=root_c0_c2_c1 type=Column parent=root_c0_c2 xywh=(57.0,0.0,57.0,82.0) flex=(0.0,1.0) child=2 aspect=nan measure=0
08-27 12:48:39.011 D/AGenUI  (29018): 12:48:39.010 [onNodeAdded@298] onNodeAdded: {"children":["root_c0_c2_c1_c0","root_c0_c2_c1_c1"],"component":"Column","id":"root_c0_c2_c1","styles":{"align-content":"stretch","align-items":"stretch","align-self":"auto","background-color":"transparent","border-color":"#0000001A","border-radius":"0px","border-style":"solid","border-width":"0px","filter":"none","flex":1,"flex-direction":"column","flex-grow":0,"flex-shrink":1,"flex-wrap":"nowrap","height":82.0,"justify-content":"flex-start","opacity":1,"visibility":"visible","width":57.0,"x":57.0,"y":0.0}}, parentId:root_c0_c2
08-27 12:48:39.013 D/AGenUI  (29018): 12:48:39.011 [logYogaLayoutInfo@277] [layout] id=root_c0_c2_c1_c0 type=Text parent=root_c0_c2_c1 xywh=(0.0,0.0,57.0,41.0) flex=(0.0,1.0) child=0 aspect=nan measure=1
08-27 12:48:39.015 D/AGenUI  (29018): 12:48:39.013 [onNodeAdded@298] onNodeAdded: {"component":"Text","id":"root_c0_c2_c1_c0","styles":{"align-content":"stretch","align-items":"stretch","align-self":"auto","background-color":"transparent","border-color":"#0000001A","border-radius":"0px","border-style":"solid","border-width":"0px","color":"rgba(0,0,0,0.40)","filter":"none","flex-direction":"column","flex-grow":0,"flex-shrink":1,"flex-wrap":"nowrap","font-family":"system","font-size":"28px","fontSize":12,"height":41.0,"justify-content":"flex-start","line-clamp":1,"line-height":"40px","lines":1,"opacity":1,"text-align":"left","text-overflow":"ellipsis","visibility":"visible","width":57.0,"x":0.0,"y":0.0},"text":"风速","variant":"body"}, parentId:root_c0_c2_c1
08-27 12:48:39.017 D/AGenUI  (29018): 12:48:39.015 [logYogaLayoutInfo@277] [layout] id=root_c0_c2_c1_c1 type=Text parent=root_c0_c2_c1 xywh=(6.0,41.0,45.0,41.0) flex=(0.0,1.0) child=0 aspect=nan measure=1
08-27 12:48:39.019 D/AGenUI  (29018): 12:48:39.018 [onNodeAdded@298] onNodeAdded: {"component":"Text","id":"root_c0_c2_c1_c1","styles":{"align-content":"stretch","align-items":"stretch","align-self":"auto","background-color":"transparent","border-color":"#0000001A","border-radius":"0px","border-style":"solid","border-width":"0px","color":"rgba(0,0,0,0.90)","filter":"none","flex-direction":"column","flex-grow":0,"flex-shrink":1,"flex-wrap":"nowrap","font-family":"system","font-size":"28px","fontSize":14,"height":41.0,"justify-content":"flex-start","line-clamp":1,"line-height":"40px","lines":1,"marginTop":4,"opacity":1,"text-align":"left","text-overflow":"ellipsis","visibility":"visible","width":45.0,"x":6.0,"y":41.0},"text":"3级","variant":"body"}, parentId:root_c0_c2_c1
08-27 12:48:39.021 D/AGenUI  (29018): 12:48:39.020 [logYogaLayoutInfo@277] [layout] id=root_c0_c2_c2 type=Column parent=root_c0_c2 xywh=(114.0,0.0,68.0,82.0) flex=(0.0,1.0) child=2 aspect=nan measure=0
08-27 12:48:39.022 D/AGenUI  (29018): 12:48:39.021 [onNodeAdded@298] onNodeAdded: {"children":["root_c0_c2_c2_c0","root_c0_c2_c2_c1"],"component":"Column","id":"root_c0_c2_c2","styles":{"align-content":"stretch","align-items":"stretch","align-self":"auto","background-color":"transparent","border-color":"#0000001A","border-radius":"0px","border-style":"solid","border-width":"0px","filter":"none","flex":1,"flex-direction":"column","flex-grow":0,"flex-shrink":1,"flex-wrap":"nowrap","height":82.0,"justify-content":"flex-start","opacity":1,"visibility":"visible","width":68.0,"x":114.0,"y":0.0}}, parentId:root_c0_c2
08-27 12:48:39.024 D/AGenUI  (29018): 12:48:39.023 [logYogaLayoutInfo@277] [layout] id=root_c0_c2_c2_c0 type=Text parent=root_c0_c2_c2 xywh=(10.0,0.0,47.0,41.0) flex=(0.0,1.0) child=0 aspect=nan measure=1
08-27 12:48:39.026 D/AGenUI  (29018): 12:48:39.025 [onNodeAdded@298] onNodeAdded: {"component":"Text","id":"root_c0_c2_c2_c0","styles":{"align-content":"stretch","align-items":"stretch","align-self":"auto","background-color":"transparent","border-color":"#0000001A","border-radius":"0px","border-style":"solid","border-width":"0px","color":"rgba(0,0,0,0.40)","filter":"none","flex-direction":"column","flex-grow":0,"flex-shrink":1,"flex-wrap":"nowrap","font-family":"system","font-size":"28px","fontSize":12,"height":41.0,"justify-content":"flex-start","line-clamp":1,"line-height":"40px","lines":1,"opacity":1,"text-align":"left","text-overflow":"ellipsis","visibility":"visible","width":47.0,"x":10.0,"y":0.0},"text":"AQI","variant":"body"}, parentId:root_c0_c2_c2
08-27 12:48:39.027 D/AGenUI  (29018): 12:48:39.026 [logYogaLayoutInfo@277] [layout] id=root_c0_c2_c2_c1 type=Text parent=root_c0_c2_c2 xywh=(0.0,41.0,68.0,41.0) flex=(0.0,1.0) child=0 aspect=nan measure=1
08-27 12:48:39.030 D/AGenUI  (29018): 12:48:39.028 [onNodeAdded@298] onNodeAdded: {"component":"Text","id":"root_c0_c2_c2_c1","styles":{"align-content":"stretch","align-items":"stretch","align-self":"auto","background-color":"transparent","border-color":"#0000001A","border-radius":"0px","border-style":"solid","border-width":"0px","color":"rgba(0,0,0,0.90)","filter":"none","flex-direction":"column","flex-grow":0,"flex-shrink":1,"flex-wrap":"nowrap","font-family":"system","font-size":"28px","fontSize":14,"height":41.0,"justify-content":"flex-start","line-clamp":1,"line-height":"40px","lines":1,"marginTop":4,"opacity":1,"text-align":"left","text-overflow":"ellipsis","visibility":"visible","width":68.0,"x":0.0,"y":41.0},"text":"优 42","variant":"body"}, parentId:root_c0_c2_c2
08-27 12:48:39.032 I/NativeEventBridge(29018): 12:48:39.031 [onComponentsAdd@70] onComponentsAdd: surfaceId=widget_-1_1787806118553, parents=20, components=20, components=[{"children":["root_c0"],"component":"Card","id":"root","styles":{"align-content":"stretch","align-items":"stretch","align-self":"auto","background-color":"transparent","backgroundColor":"#FFFFFF","border-color":"#0000001A","border-radius":"16px","border-style":"solid","border-width":"0px","borderRadius":12,"elevation":2,"filter":"none","flex-direction":"column","flex-grow":0,"flex-shrink":1,"flex-wrap":"nowrap","height":181.0,"justify-content":"flex-start","opacity":1,"visibility":"visible","width":200.0,"x":0.0,"y":0.0}}, {"children":["root_c0_c0","root_c0_c1","root_c0_c2"],"component":"Column","id":"root_c0","styles":{"align-content":"stretch","align-items":"stretch","align-self":"auto","background-color":"transparent","border-color":"#0000001A","border-radius":"0px","border-style":"solid","border-width":"0px","filter":"none","flex-direction":"column","flex-grow":0,"flex-shrink":1,"flex-wrap":"nowrap","height":181.0,"justify-content":"flex-start","opacity":1,"visibility":"visible","width":200.0,"x":0.0,"y":0.0}}, {"children":["root_c0_c0_c0","root_c0_c0_c1","root_c0_c0_c2"],"component":"Row","id":"root_c0_c0","styles":{"align-content":"stretch","align-items":"stretch","align-self":"auto","background-color":"transparent","border-color":"#0000001A","border-radius":"0px","border-style":"solid","border-width":"0px","filter":"none","flex-direction":"column","flex-grow":0,"flex-shrink":1,"flex-wrap":"nowrap","height":82.0,"justify-content":"flex-start","opacity":1,"paddingBottom":12,"paddingLeft":16,"paddingRight":16,"paddingTop":16,"visibility":"visible","width":200.0,"x":0.0,"y":0.0}}, {"children":["root_c0_c0_c0_c0"],"component":"Container","id":"root_c0_c0_c0","styles":{"align-content":"stretch","align-items":"stretch","align-self":"auto","background-color":"transparent","backgroundColor":"rgba(0,125,255,0.08)","border-color":"#0000001A","border-radius":"0px","border-style":"solid","border-width":"0px","borderRadius":999,"filter":"none","flex-direction":"column","flex-grow":0,"flex-shrink":1,"flex-wrap":"nowrap","height":48.0,"justify-content":"flex-start","opacity":1,"visibility":"visible","width":48.0,"x":0.0,"y":17.0}}, {"component":"Text","id":"root_c0_c0_c0_c0","styles":{"align-content":"stretch","align-items":"stretch","align-self":"auto","background-color":"transparent","border-color":"#0000001A","border-radius":"0px","border-style":"solid","border-width":"0px","color":"#000000E6","filter":"none","flex-direction":"column","flex-grow":0,"flex-shrink":1,"flex-wrap":"nowrap","font-family":"system","font-size":"28px","fontSize":24,"height":41.0,"justify-content":"flex-start","line-clamp":1,"line-height":"40px","lines":1,"opacity":1,"text-align":"left","text-overflow":"ellipsis","visibility":"visible","width":37.0,"x":5.0,"y":3.0},"text":"☀","variant":"body"}, {"children":["root_c0_c0_c1_c0","root_c0_c0_c1_c1"],"component":"Column","id":"root_c0_c0_c1","styles":{"align-content":"stretch","align-items":"stretch","align-self":"auto","background-color":"transparent","border-color":"#0000001A","border-radius":"0px","border-style":"solid","border-width":"0px","filter":"none","flex":1,"flex-direction":"column","flex-grow":0,"flex-shrink":1,"flex-wrap":"nowrap","height":82.0,"justify-content":"flex-start","marginLeft":12,"opacity":1,"visibility":"visible","width":107.0,"x":48.0,"y":0.0}}, {"component":"Text","id":"root_c0_c0_c1_c0","styles":{"align-content":"stretch","align-items":"stretch","align-self":"auto","background-color":"transparent","border-color":"#0000001A","border-radius":"0px","border-style":"solid","border-width":"0px","color":"rgba(0,0,0,0.90)","filter":"none","flex-direction":"column","flex-grow":0,"flex-shrink":1,"flex-wrap":"nowrap","font-family":"system","font-size":"28px","fontSize":16,"fontWeight":"Medium","height":41.0,"justify-content":"flex-start","line-clamp":1,"line-height":"40px","lines":1,"opacity":1,"text-align":"left","text
08-27 12:48:39.035 D/AGenUI  (29018): 12:48:39.033 [updateComponents@112] success: {"version":"v0.9","updateComponents":{"surfaceId":"widget_-1_1787806118553","components":[{"id":"root_c0_c0_c0_c0","component":"Text","text":"☀","styles":{"fontSize":24}},{"id":"root_c0_c0_c0","component":"Container","styles":{"width":48,"height":48,"borderRadius":999,"backgroundColor":"rgba(0,125,255,0.08)","alignItems":"center","justifyContent":"center"},"children":["root_c0_c0_c0_c0"]},{"id":"root_c0_c0_c1_c0","component":"Text","text":"北京","styles":{"fontSize":16,"fontWeight":"Medium","color":"rgba(0,0,0,0.90)"}},{"id":"root_c0_c0_c1_c1","component":"Text","text":"晴 · 微风","styles":{"fontSize":14,"color":"rgba(0,0,0,0.60)"}},{"id":"root_c0_c0_c1","component":"Column","styles":{"marginLeft":12,"flex":1},"children":["root_c0_c0_c1_c0","root_c0_c0_c1_c1"]},{"id":"root_c0_c0_c2","component":"Text","text":"23°","styles":{"fontSize":28,"fontWeight":"Medium","color":"#007DFF"}},{"id":"root_c0_c0","component":"Row","styles":{"paddingLeft":16,"paddingRight":16,"paddingTop":16,"paddingBottom":12,"alignItems":"center"},"children":["root_c0_c0_c0","root_c0_c0_c1","root_c0_c0_c2"]},{"id":"root_c0_c1","component":"Divider","styles":{"backgroundColor":"rgba(0,0,0,0.08)","height":1,"marginLeft":16,"marginRight":16}},{"id":"root_c0_c2_c0_c0","component":"Text","text":"湿度","styles":{"fontSize":12,"color":"rgba(0,0,0,0.40)"}},{"id":"root_c0_c2_c0_c1","component":"Text","text":"45%","styles":{"fontSize":14,"color":"rgba(0,0,0,0.90)","marginTop":4}},{"id":"root_c0_c2_c0","component":"Column","styles":{"flex":1,"alignItems":"center"},"children":["root_c0_c2_c0_c0","root_c0_c2_c0_c1"]},{"id":"root_c0_c2_c1_c0","component":"Text","text":"风速","styles":{"fontSize":12,"color":"rgba(0,0,0,0.40)"}},{"id":"root_c0_c2_c1_c1","component":"Text","text":"3级","styles":{"fontSize":14,"color":"rgba(0,0,0,0.90)","marginTop":4}},{"id":"root_c0_c2_c1","component":"Column","styles":{"flex":1,"alignItems":"center"},"children":["root_c0_c2_c1_c0","root_c0_c2_c1_c1"]},{"id":"root_c0_c2_c2_c0","component":"Text","text":"AQI","styles":{"fontSize":12,"color":"rgba(0,0,0,0.40)"}},{"id":"root_c0_c2_c2_c1","component":"Text","text":"优 42","styles":{"fontSize":14,"color":"rgba(0,0,0,0.90)","marginTop":4}},{"id":"root_c0_c2_c2","component":"Column","styles":{"flex":1,"alignItems":"center"},"children":["root_c0_c2_c2_c0","root_c0_c2_c2_c1"]},{"id":"root_c0_c2","component":"Row","styles":{"paddingLeft":16,"paddingRight":16,"paddingTop":12,"paddingBottom":16},"children":["root_c0_c2_c0","root_c0_c2_c1","root_c0_c2_c2"]},{"id":"root_c0","component":"Column","children":["root_c0_c0","root_c0_c1","root_c0_c2"]},{"id":"root","component":"Card","styles":{"borderRadius":12,"backgroundColor":"#FFFFFF","elevation":2},"children":["root_c0"]}]}}
08-27 12:48:39.037 D/surface_updateDataModel_begin(29018): [PERF] 12:48:39.036 [updateDataModel@234] widget_-1_1787806118553
08-27 12:48:39.038 D/AGenUI  (29018): 12:48:39.037 [updateData@50] path:/, jsonValue:{"aqi":"优 42","city":"北京","condition":"晴 · 微风","humidity":"45%","temperature":"23°","view":"current","wind":"3级"}
08-27 12:48:39.040 D/surface_updateDataModel_end(29018): [PERF] 12:48:39.039 [updateDataModel@253] widget_-1_1787806118553
08-27 12:48:39.041 D/AGenUI  (29018): 12:48:39.040 [updateDataModel@137] success: {"version":"v0.9","updateDataModel":{"surfaceId":"widget_-1_1787806118553","value":{"city":"北京","condition":"晴 · 微风","temperature":"23°","humidity":"45%","wind":"3级","aqi":"优 42","view":"current"}}}
08-27 12:48:39.043 D/stream_assembling_end(29018): [PERF] 12:48:39.042 [processDataAssembling@57] 
08-27 12:48:39.045 D/AGenUI  (29018): 12:48:39.044 [processDataEnding@61] processing end
08-27 12:48:39.047 D/stream_end(29018): [PERF] 12:48:39.045 [processDataEnding@66] 
08-27 12:48:39.066 D/StyleHelper(29018): 12:48:39.061 [parseDimension@296] parseDimension '16px' -> 24px
08-27 12:48:39.073 D/StyleHelper(29018): 12:48:39.069 [parseDimension@296] parseDimension '0px' -> 0px
08-27 12:48:39.128 D/DividerComponent(29018): 12:48:39.126 [updateDivider@169] updateDivider: axis=horizontal, thickness=1.0, imgUrl=null
08-27 12:48:39.168 D/AGenUIWidgetRenderSvc(29018): onRootComponentUpdate: widget_-1_1787806118553, props={children=[root_c0], styles={align-content=stretch, align-items=stretch, align-self=auto, background-color=transparent, backgroundColor=#FFFFFF, border-color=#0000001A, border-radius=16px, border-style=solid, border-width=0px, borderRadius=12.0, elevation=2.0, filter=none, flex-direction=column, flex-grow=0.0, flex-shrink=1.0, flex-wrap=nowrap, height=181.0, justify-content=flex-start, opacity=1.0, visibility=visible, width=200.0, x=0.0, y=0.0}}
08-27 12:48:39.171 D/components_applied(29018): [PERF] 12:48:39.169 [lambda$onComponentsAdd$2$com-amap-agenui-render-surface-NativeEventBridge@76] widget_-1_1787806118553
08-27 12:48:39.268 D/AGenUIWidgetRenderSvc(29018): Surface ready, proceeding to draw
08-27 12:48:39.277 D/WidgetBitmapRenderer(29018): Measured: 300x272
08-27 12:48:39.280 D/AGenUI  (29018): 12:48:39.278 [handleSurfaceSizeChanged@286] handleSurfaceSizeChanged: surfaceId:widget_-1_1787806118553, width:200.0, height:181.3
08-27 12:48:39.281 D/AGenUI  (29018): 12:48:39.280 [notifySurfaceSizeChanged@250] notifySurfaceSizeChanged
08-27 12:48:39.300 D/WidgetBitmapRenderer(29018): Bitmap: 300x272, bytes=326400
08-27 12:48:39.312 D/WidgetBitmapRenderer(29018): Debug bitmap saved: /storage/emulated/0/Android/data/com.amap.agenuiplayground/files/widget_render_debug.png
08-27 12:48:39.312 D/WidgetBitmapRenderer(29018): View hierarchy:
08-27 12:48:39.312 D/WidgetBitmapRenderer(29018):  [300x272] measured=[300x272] vis=0 tag=null
08-27 12:48:39.312 D/WidgetBitmapRenderer(29018):    [300x272] measured=[300x272] vis=0 tag=null
08-27 12:48:39.312 D/WidgetBitmapRenderer(29018):     YogaAbsoluteLayout [300x272] measured=[300x272] vis=0 tag=null
08-27 12:48:39.312 D/WidgetBitmapRenderer(29018):       YogaAbsoluteLayout [300x272] measured=[300x272] vis=0 tag=null
08-27 12:48:39.312 D/WidgetBitmapRenderer(29018):         YogaAbsoluteLayout [300x123] measured=[300x123] vis=0 tag=null
08-27 12:48:39.312 D/WidgetBitmapRenderer(29018):           YogaAbsoluteLayout [72x72] measured=[72x72] vis=0 tag=null
08-27 12:48:39.312 D/WidgetBitmapRenderer(29018):             TextView [56x62] measured=[56x62] vis=0 tag=null
08-27 12:48:39.312 D/WidgetBitmapRenderer(29018):           YogaAbsoluteLayout [161x123] measured=[161x123] vis=0 tag=null
08-27 12:48:39.312 D/WidgetBitmapRenderer(29018):             TextView [161x62] measured=[161x62] vis=0 tag=null
08-27 12:48:39.312 D/WidgetBitmapRenderer(29018):             TextView [161x62] measured=[161x62] vis=0 tag=null
08-27 12:48:39.312 D/WidgetBitmapRenderer(29018):           TextView [65x62] measured=[65x62] vis=0 tag=null
08-27 12:48:39.312 D/WidgetBitmapRenderer(29018):         DividerView [300x2] measured=[300x2] vis=0 tag=null
08-27 12:48:39.312 D/WidgetBitmapRenderer(29018):         YogaAbsoluteLayout [300x123] measured=[300x123] vis=0 tag=null
08-27 12:48:39.312 D/WidgetBitmapRenderer(29018):           YogaAbsoluteLayout [86x123] measured=[86x123] vis=0 tag=null
08-27 12:48:39.312 D/WidgetBitmapRenderer(29018):             TextView [86x62] measured=[86x62] vis=0 tag=null
08-27 12:48:39.312 D/WidgetBitmapRenderer(29018):             TextView [80x62] measured=[80x62] vis=0 tag=null
08-27 12:48:39.312 D/WidgetBitmapRenderer(29018):           YogaAbsoluteLayout [86x123] measured=[86x123] vis=0 tag=null
08-27 12:48:39.312 D/WidgetBitmapRenderer(29018):             TextView [86x62] measured=[86x62] vis=0 tag=null
08-27 12:48:39.312 D/WidgetBitmapRenderer(29018):             TextView [68x62] measured=[68x62] vis=0 tag=null
08-27 12:48:39.312 D/WidgetBitmapRenderer(29018):           YogaAbsoluteLayout [102x123] measured=[102x123] vis=0 tag=null
08-27 12:48:39.312 D/WidgetBitmapRenderer(29018):             TextView [71x62] measured=[71x62] vis=0 tag=null
08-27 12:48:39.312 D/WidgetBitmapRenderer(29018):             TextView [102x62] measured=[102x62] vis=0 tag=null
08-27 12:48:39.313 D/AGenUIWidgetRenderSvc(29018): Widget updated: AGenUI · weather
08-27 12:48:39.313 D/WidgetSurfacePool(29018): Released SurfaceManager for template=weather, pool size=1
08-27 12:48:39.313 D/AGenUIWidgetRenderSvc(29018): renderSync: id=-1, template=agenda
08-27 12:48:39.314 D/AGenUIWidgetRenderSvc(29018): Widget dimensions: 300x400 (MEDIUM)
08-27 12:48:39.320 D/WidgetTemplateValidator(29018): Validated: 36 unique component IDs
08-27 12:48:39.337 D/AGenUIWidgetRenderSvc(29018): Converted 3 chunks for template: agenda
08-27 12:48:39.339 W/AGenUI  (29018): 12:48:39.337 [initialize@68] Module already initialized
08-27 12:48:39.340 D/AGenUI  (29018): 12:48:39.339 [setDebug@278] build type set to debug
08-27 12:48:39.342 D/AGenUI  (29018): 12:48:39.341 [jni_createSurfaceManager@42] [JNI] createSurfaceManager
08-27 12:48:39.343 D/AGenUI  (29018): 12:48:39.342 [createSurfaceManager@90] begin creating
08-27 12:48:39.345 D/AGenUI  (29018): 12:48:39.344 [enterRunning@22] enter running, 3
08-27 12:48:39.347 D/AGenUI  (29018): 12:48:39.345 [createSurfaceManager@109] created, 3
08-27 12:48:39.347 D/AGenUI  (29018): 12:48:39.345 [init@40] init, 3
08-27 12:48:39.348 D/AGenUI  (29018): 12:48:39.347 [SurfaceCoordinator@34] construction finished
08-27 12:48:39.349 D/AGenUI  (29018): 12:48:39.348 [jni_createSurfaceManager@54] [JNI] createSurfaceManager: created with instanceId=3
08-27 12:48:39.351 I/AGenUI  (29018): 12:48:39.350 [createSurfaceManager@168] SurfaceManager created: instanceId=3
08-27 12:48:39.352 D/AGenUI  (29018): 12:48:39.351 [jni_addEventListener@47] [JNI] addEventListener: instanceId=3
08-27 12:48:39.354 D/AGenUI  (29018): 12:48:39.353 [addSurfaceEventListener@84] add lisenter success 3, listener:0xb4000078d1e6e930, 0xb400007971e8d300
08-27 12:48:39.355 D/AGenUI  (29018): 12:48:39.354 [addEventListener@7] listener:0xb4000078d1e6e930, 0
08-27 12:48:39.356 D/AGenUI  (29018): 12:48:39.355 [jni_addEventListener@66] [JNI] addEventListener: success, instanceId=3
08-27 12:48:39.358 I/SurfaceManager(29018): 12:48:39.357 [addMessageListener@200] UIMessage listener registered: instanceId=3
08-27 12:48:39.359 D/AGenUI  (29018): 12:48:39.358 [jni_setSurfaceSizeProvider@241] [JNI] setSurfaceSizeProvider: instanceId=3
08-27 12:48:39.360 I/SurfaceManager(29018): 12:48:39.359 [<init>@90] SurfaceManager created with Context, instanceId=3
08-27 12:48:39.360 D/AGenUIWidgetRenderSvc(29018): Created new SurfaceManager
08-27 12:48:39.362 D/SurfaceManager(29018): 12:48:39.361 [addListener@167] Listener added: 
08-27 12:48:39.363 D/AGenUI  (29018): 12:48:39.362 [beginTextStream@144] begin text stream
08-27 12:48:39.365 D/surface_begin_text_stream(29018): [PERF] 12:48:39.364 [beginTextStream@148] instanceId=3
08-27 12:48:39.366 D/AGenUI  (29018): 12:48:39.365 [processDataBeginning@36] processing begin
08-27 12:48:39.366 D/surface_receive_text_chunk(29018): [PERF] 12:48:39.365 [receiveTextChunk@185] instanceId=3, bytes=171
08-27 12:48:39.368 D/stream_begin(29018): [PERF] 12:48:39.367 [processDataBeginning@39] 
08-27 12:48:39.368 D/surface_receive_text_chunk(29018): [PERF] 12:48:39.367 [receiveTextChunk@185] instanceId=3, bytes=5309
08-27 12:48:39.369 D/stream_assembling_begin(29018): [PERF] 12:48:39.368 [processDataAssembling@43] 
08-27 12:48:39.369 D/surface_receive_text_chunk(29018): [PERF] 12:48:39.368 [receiveTextChunk@185] instanceId=3, bytes=317
08-27 12:48:39.371 D/AGenUI  (29018): 12:48:39.370 [processDataAssembling@44] {"version":"v0.9","createSurface":{"surfaceId":"widget_-1_1787806119314","catalogId":"https:\/\/a2ui.org\/specification\/v0_9\/catalogs\/basic\/catalog.json","width":300}}
08-27 12:48:39.371 D/AGenUI  (29018): 12:48:39.370 [endTextStream@163] end text stream
08-27 12:48:39.372 D/surface_end_text_stream(29018): [PERF] 12:48:39.371 [endTextStream@167] instanceId=3
08-27 12:48:39.372 D/surface_create_begin(29018): [PERF] 12:48:39.371 [Surface@26] widget_-1_1787806119314
08-27 12:48:39.373 D/surface_create_end(29018): [PERF] 12:48:39.372 [Surface@49] widget_-1_1787806119314
08-27 12:48:39.374 D/AGenUI  (29018): 12:48:39.374 [createSurface@82] success: {"version":"v0.9","createSurface":{"surfaceId":"widget_-1_1787806119314","catalogId":"https:\/\/a2ui.org\/specification\/v0_9\/catalogs\/basic\/catalog.json","width":300}}
08-27 12:48:39.376 D/AGenUI  (29018): 12:48:39.375 [dispatchCreateSurface@36] surfaceId:widget_-1_1787806119314
08-27 12:48:39.377 I/NativeEventBridge(29018): 12:48:39.376 [onCreateSurface@45] onCreateSurface: surfaceId=widget_-1_1787806119314, catalogId=https://a2ui.org/specification/v0_9/catalogs/basic/catalog.json
08-27 12:48:39.379 D/SurfaceManager(29018): 12:48:39.377 [createSurface@324] createSurface: surfaceId=widget_-1_1787806119314
08-27 12:48:39.379 D/stream_assembling_end(29018): [PERF] 12:48:39.378 [processDataAssembling@57] 
08-27 12:48:39.380 D/Surface (29018): 12:48:39.379 [<init>@127] Surface created: id=widget_-1_1787806119314
08-27 12:48:39.380 D/AGenUIWidgetRenderSvc(29018): onCreateSurface: widget_-1_1787806119314
08-27 12:48:39.381 D/stream_assembling_begin(29018): [PERF] 12:48:39.380 [processDataAssembling@43] 
08-27 12:48:39.382 D/SurfaceManager(29018): 12:48:39.381 [createSurface@404] ✓ Surface created: widget_-1_1787806119314
08-27 12:48:39.382 D/AGenUI  (29018): 12:48:39.381 [processDataAssembling@44] {"version":"v0.9","updateComponents":{"surfaceId":"widget_-1_1787806119314","components":[{"id":"root_c0_c0_c0","component":"Text","text":"今日议程","styles":{"fontSize":18,"fontWeight":"bold","color":"#181818"}},{"id":"root_c0_c0_c1","component":"Text","text":"3 场会议","styles":{"fontSize":14,"color":"#666666","marginLeft":8}},{"id":"root_c0_c0","component":"Row","styles":{"paddingLeft":16,"paddingTop":16,"paddingRight":16,"paddingBottom":8,"alignItems":"center"},"children":["root_c0_c0_c0","root_c0_c0_c1"]},{"id":"root_c0_c1_c0_c0","component":"Text","text":"09:00","styles":{"fontSize":14,"fontWeight":"bold","color":"#007DFF"}},{"id":"root_c0_c1_c0_c1","component":"Text","text":"产品周会","styles":{"fontSize":14,"color":"#181818","marginLeft":12}},{"id":"root_c0_c1_c0","component":"Row","styles":{"alignItems":"center"},"children":["root_c0_c1_c0_c0","root_c0_c1_c0_c1"]},{"id":"root_c0_c1","component":"Container","styles":{"backgroundColor":"#E8F3FF","borderRadius":8,"marginLeft":16,"marginRight":16,"paddingLeft":12,"paddingRight":12,"paddingTop":8,"paddingBottom":8},"children":["root_c0_c1_c0"]},{"id":"root_c0_c2_c0","component":"Text","text":"11:00","styles":{"fontSize":14,"fontWeight":"bold","color":"#007DFF"}},{"id":"root_c0_c2_c1","component":"Text","text":"设计评审","styles":{"fontSize":14,"color":"#181818","marginLeft":12}},{"id":"root_c0_c2","component":"Row","styles":{"paddingLeft":16,"paddingRight":16,"paddingTop":8,"paddingBottom":8,"alignItems":"center"},"children":["root_c0_c2_c0","root_c0_c2_c1"]},{"id":"root_c0_c3","component":"Divider","styles":{"backgroundColor":"#E8EAED","height":1,"marginLeft":16,"marginRight":16}},{"id":"root_c0_c4_c0","component":"Text","text":"14:00","styles":{"fontSize":14,"fontWeight":"bold","color":"#007DFF"}},{"id":"root_c0_c4_c1","component":"Text","text":"技术分享会","styles":{"fontSize":14,"color":"#181818","marginLeft":12}},{"id":"root_c0_c4","component":"Row","styles":{"paddingLeft":16,"paddingRight":16,"paddingTop":8,"paddingBottom":8,"alignItems":"center"},"children":["root_c0_c4_c0","root_c0_c4_c1"]},{"id":"root_c10_c0","component":"Text","text":"本周会议","styles":{"fontSize":13,"fontWeight":"bold","color":"#666666"}},{"id":"root_c10","component":"Container","styles":{"backgroundColor":"#F5F7FA","borderRadius":8,"marginLeft":16,"marginRight":16,"marginTop":4,"paddingLeft":12,"paddingRight":12,"paddingTop":10,"paddingBottom":10},"children":["root_c10_c0"]},{"id":"root_c11_c0_c0","component":"Text","text":"周一","styles":{"fontSize":11,"color":"#999999"}},{"id":"root_c11_c0_c1","component":"Text","text":"09:30","styles":{"fontSize":14,"fontWeight":"bold","color":"#181818","marginTop":2}},{"id":"root_c11_c0","component":"Column","styles":{"width":56,"alignItems":"center"},"children":["root_c11_c0_c0","root_c11_c0_c1"]},{"id":"root_c11_c1_c0","component":"Text","text":"Q3 季度规划评审","styles":{"fontSize":14,"fontWeight":"bold","color":"#181818"}},{"id":"root_c11_c1_c1","component":"Text","text":"8 人参会","styles":{"fontSize":12,"color":"#999999","marginTop":2}},{"id":"root_c11_c1","component":"Column","styles":{"marginLeft":12,"flex":1},"children":["root_c11_c1_c0","root_c11_c1_c1"]},{"id":"root_c11_c2_c0","component":"Text","text":"待开始","styles":{"fontSize":11,"color":"#007DFF"}},{"id":"root_c11_c2","component":"Container","styles":{"height":22,"borderRadius":11,"backgroundColor":"#E8F3FF","paddingLeft":8,"paddingRight":8,"alignItems":"center","justifyContent":"center"},"children":["root_c11_c2_c0"]},{"id":"root_c11","component":"Row","styles":{"paddingLeft":16,"paddingRight":16,"paddingTop":10,"paddingBottom":10,"alignItems":"center"},"children":["root_c11_c0","root_c11_c1","root_c11_c2"]},{"id":"root_c12_c0_c0","component":"Text","text":"周三","styles":{"fontSize":11,"color":"#999999"}},{"id":"root_c12_c0_c1","component":"Text","text":"14:00","styles":{"fontSize":14,"fontWeight":"bold","color":"#181818","marginTop":2}},{"id":"root_c12_c0","componen
08-27 12:48:39.385 D/stream_assembling_end(29018): [PERF] 12:48:39.384 [processDataAssembling@57] 
08-27 12:48:39.386 D/stream_assembling_begin(29018): [PERF] 12:48:39.385 [processDataAssembling@43] 
08-27 12:48:39.388 D/AGenUI  (29018): 12:48:39.387 [processDataAssembling@44] {"version":"v0.9","updateDataModel":{"surfaceId":"widget_-1_1787806119314","value":{"view":"today","weekMeetings":[{"day":"周一","time":"09:30","title":"Q3 季度规划评审","attendees":8,"status":"待开始"},{"day":"周三","time":"14:00","title":"跨团队同步周会","attendees":15,"status":"进行中"}]}}}
08-27 12:48:39.391 D/AGenUI  (29018): 12:48:39.390 [updateComponents@209] none template: Text
08-27 12:48:39.393 D/AGenUI  (29018): 12:48:39.392 [updateComponents@209] none template: Text
08-27 12:48:39.394 D/AGenUI  (29018): 12:48:39.393 [updateComponents@209] none template: Row
08-27 12:48:39.396 D/AGenUI  (29018): 12:48:39.395 [updateComponents@209] none template: Text
08-27 12:48:39.397 D/AGenUI  (29018): 12:48:39.396 [updateComponents@209] none template: Text
08-27 12:48:39.398 D/AGenUI  (29018): 12:48:39.397 [updateComponents@209] none template: Row
08-27 12:48:39.399 D/AGenUI  (29018): 12:48:39.398 [updateComponents@209] none template: Container
08-27 12:48:39.401 D/AGenUI  (29018): 12:48:39.400 [updateComponents@209] none template: Text
08-27 12:48:39.402 D/AGenUI  (29018): 12:48:39.401 [updateComponents@209] none template: Text
08-27 12:48:39.403 D/AGenUI  (29018): 12:48:39.402 [updateComponents@209] none template: Row
08-27 12:48:39.404 D/AGenUI  (29018): 12:48:39.403 [updateComponents@209] none template: Divider
08-27 12:48:39.405 D/AGenUI  (29018): 12:48:39.405 [updateComponents@209] none template: Text
08-27 12:48:39.407 D/AGenUI  (29018): 12:48:39.406 [updateComponents@209] none template: Text
08-27 12:48:39.408 D/AGenUI  (29018): 12:48:39.407 [updateComponents@209] none template: Row
08-27 12:48:39.409 D/AGenUI  (29018): 12:48:39.408 [updateComponents@209] none template: Text
08-27 12:48:39.410 D/AGenUI  (29018): 12:48:39.409 [updateComponents@209] none template: Container
08-27 12:48:39.411 D/AGenUI  (29018): 12:48:39.410 [updateComponents@209] none template: Text
08-27 12:48:39.413 D/AGenUI  (29018): 12:48:39.412 [updateComponents@209] none template: Text
08-27 12:48:39.414 D/AGenUI  (29018): 12:48:39.413 [updateComponents@209] none template: Column
08-27 12:48:39.417 D/AGenUI  (29018): 12:48:39.415 [updateComponents@209] none template: Text
08-27 12:48:39.418 D/AGenUI  (29018): 12:48:39.417 [updateComponents@209] none template: Text
08-27 12:48:39.420 D/AGenUI  (29018): 12:48:39.419 [updateComponents@209] none template: Column
08-27 12:48:39.421 D/AGenUI  (29018): 12:48:39.420 [updateComponents@209] none template: Text
08-27 12:48:39.422 D/AGenUI  (29018): 12:48:39.421 [updateComponents@209] none template: Container
08-27 12:48:39.423 D/AGenUI  (29018): 12:48:39.422 [updateComponents@209] none template: Row
08-27 12:48:39.424 D/AGenUI  (29018): 12:48:39.424 [updateComponents@209] none template: Text
08-27 12:48:39.426 D/AGenUI  (29018): 12:48:39.425 [updateComponents@209] none template: Text
08-27 12:48:39.427 D/AGenUI  (29018): 12:48:39.426 [updateComponents@209] none template: Column
08-27 12:48:39.428 D/AGenUI  (29018): 12:48:39.428 [updateComponents@209] none template: Text
08-27 12:48:39.430 D/AGenUI  (29018): 12:48:39.429 [updateComponents@209] none template: Text
08-27 12:48:39.431 D/AGenUI  (29018): 12:48:39.430 [updateComponents@209] none template: Column
08-27 12:48:39.432 D/AGenUI  (29018): 12:48:39.431 [updateComponents@209] none template: Text
08-27 12:48:39.433 D/AGenUI  (29018): 12:48:39.432 [updateComponents@209] none template: Container
08-27 12:48:39.434 D/AGenUI  (29018): 12:48:39.434 [updateComponents@209] none template: Row
08-27 12:48:39.436 D/AGenUI  (29018): 12:48:39.435 [updateComponents@209] none template: Column
08-27 12:48:39.437 D/AGenUI  (29018): 12:48:39.436 [updateComponents@209] none template: Card
08-27 12:48:39.453 D/AGenUI  (29018): 12:48:39.452 [getValueData@71] calling FunctionCallManager.executeFunctionCallSync: name=token, args={"name":"Color_Gray_06"}
08-27 12:48:39.454 D/AGenUI  (29018): 12:48:39.453 [execute@20] token:Color_Gray_06, resolved:#0000000F
08-27 12:48:39.458 D/AGenUI  (29018): 12:48:39.457 [setupMeasureFunctionIfNeeded@329] [setupMeasureFunc] id=root_c0_c0_c0 comp=Text decision=Register
08-27 12:48:39.460 D/AGenUI  (29018): 12:48:39.459 [setupMeasureFunctionIfNeeded@329] [setupMeasureFunc] id=root_c0_c0_c1 comp=Text decision=Register
08-27 12:48:39.462 D/AGenUI  (29018): 12:48:39.462 [setupMeasureFunctionIfNeeded@329] [setupMeasureFunc] id=root_c0_c1_c0_c0 comp=Text decision=Register
08-27 12:48:39.464 D/AGenUI  (29018): 12:48:39.463 [setupMeasureFunctionIfNeeded@329] [setupMeasureFunc] id=root_c0_c1_c0_c1 comp=Text decision=Register
08-27 12:48:39.467 D/AGenUI  (29018): 12:48:39.466 [setupMeasureFunctionIfNeeded@329] [setupMeasureFunc] id=root_c0_c2_c0 comp=Text decision=Register
08-27 12:48:39.469 D/AGenUI  (29018): 12:48:39.468 [setupMeasureFunctionIfNeeded@329] [setupMeasureFunc] id=root_c0_c2_c1 comp=Text decision=Register
08-27 12:48:39.471 D/AGenUI  (29018): 12:48:39.470 [setupMeasureFunctionIfNeeded@329] [setupMeasureFunc] id=root_c0_c4_c0 comp=Text decision=Register
08-27 12:48:39.473 D/AGenUI  (29018): 12:48:39.472 [setupMeasureFunctionIfNeeded@329] [setupMeasureFunc] id=root_c0_c4_c1 comp=Text decision=Register
08-27 12:48:39.475 D/AGenUI  (29018): 12:48:39.474 [setupMeasureFunctionIfNeeded@329] [setupMeasureFunc] id=root_c10_c0 comp=Text decision=Register
08-27 12:48:39.477 D/AGenUI  (29018): 12:48:39.476 [setupMeasureFunctionIfNeeded@329] [setupMeasureFunc] id=root_c11_c0_c0 comp=Text decision=Register
08-27 12:48:39.479 D/AGenUI  (29018): 12:48:39.478 [setupMeasureFunctionIfNeeded@329] [setupMeasureFunc] id=root_c11_c0_c1 comp=Text decision=Register
08-27 12:48:39.482 D/AGenUI  (29018): 12:48:39.480 [setupMeasureFunctionIfNeeded@329] [setupMeasureFunc] id=root_c11_c1_c0 comp=Text decision=Register
08-27 12:48:39.484 D/AGenUI  (29018): 12:48:39.483 [setupMeasureFunctionIfNeeded@329] [setupMeasureFunc] id=root_c11_c1_c1 comp=Text decision=Register
08-27 12:48:39.486 D/AGenUI  (29018): 12:48:39.485 [setupMeasureFunctionIfNeeded@329] [setupMeasureFunc] id=root_c11_c2_c0 comp=Text decision=Register
08-27 12:48:39.489 D/AGenUI  (29018): 12:48:39.488 [setupMeasureFunctionIfNeeded@329] [setupMeasureFunc] id=root_c12_c0_c0 comp=Text decision=Register
08-27 12:48:39.490 D/AGenUI  (29018): 12:48:39.490 [setupMeasureFunctionIfNeeded@329] [setupMeasureFunc] id=root_c12_c0_c1 comp=Text decision=Register
08-27 12:48:39.493 D/AGenUI  (29018): 12:48:39.492 [setupMeasureFunctionIfNeeded@329] [setupMeasureFunc] id=root_c12_c1_c0 comp=Text decision=Register
08-27 12:48:39.495 D/AGenUI  (29018): 12:48:39.494 [setupMeasureFunctionIfNeeded@329] [setupMeasureFunc] id=root_c12_c1_c1 comp=Text decision=Register
08-27 12:48:39.497 D/AGenUI  (29018): 12:48:39.496 [setupMeasureFunctionIfNeeded@329] [setupMeasureFunc] id=root_c12_c2_c0 comp=Text decision=Register
08-27 12:48:39.500 D/AGenUI  (29018): 12:48:39.499 [measure@193] [JNI] AndroidBridgeMeasurement.measure start: type=Text, paramJson={"component":"Text","id":"root_c0_c0_c0","styles":{"background-color":"transparent","border-color":"#0000001A","border-radius":"0px","border-style":"solid","border-width":"0px","color":"#181818","filter":"none","font-family":"system","font-size":"28px","fontSize":18,"fontWeight":"bold","height":0.0,"line-clamp":1,"line-height":"40px","opacity":1,"text-align":"left","text-overflow":"ellipsis","visibility":"visible","width":0.0,"x":0.0,"y":0.0},"text":"今日议程","variant":"body"}, width={maxValue=200.000000, mode=2}, height={maxValue=nan, mode=0}
08-27 12:48:39.502 W/MeasurementBridge(29018): 12:48:39.501 [directMeasure@91] directMeasure start: type=Text, paramJson={"component":"Text","id":"root_c0_c0_c0","styles":{"background-color":"transparent","border-color":"#0000001A","border-radius":"0px","border-style":"solid","border-width":"0px","color":"#181818","filter":"none","font-family":"system","font-size":"28px","fontSize":18,"fontWeight":"bold","height":0.0,"line-clamp":1,"line-height":"40px","opacity":1,"text-align":"left","text-overflow":"ellipsis","visibility":"visible","width":0.0,"x":0.0,"y":0.0},"text":"今日议程","variant":"body"}, maxWidth=200.0, widthMode=2, maxHeight=NaN, heightMode=0
08-27 12:48:39.505 W/MeasurementBridge(29018): 12:48:39.504 [directMeasure@108] directMeasure result: type=Text, result=MeasureResult{calcType=0, width=113.0, height=41.0, lineCount=1}
08-27 12:48:39.507 D/AGenUI  (29018): 12:48:39.506 [measure@235] [JNI] AndroidBridgeMeasurement.measure result: type=Text, result=MeasureResult{calcType=Sync, width=113.000000, height=41.000000, countOfLines=1}
08-27 12:48:39.508 D/AGenUI  (29018): 12:48:39.507 [measure@193] [JNI] AndroidBridgeMeasurement.measure start: type=Text, paramJson={"component":"Text","id":"root_c0_c0_c1","styles":{"background-color":"transparent","border-color":"#0000001A","border-radius":"0px","border-style":"solid","border-width":"0px","color":"#666666","filter":"none","font-family":"system","font-size":"28px","fontSize":14,"height":0.0,"line-clamp":1,"line-height":"40px","marginLeft":8,"opacity":1,"text-align":"left","text-overflow":"ellipsis","visibility":"visible","width":0.0,"x":0.0,"y":0.0},"text":"3 场会议","variant":"body"}, width={maxValue=200.000000, mode=2}, height={maxValue=nan, mode=0}
08-27 12:48:39.510 W/MeasurementBridge(29018): 12:48:39.509 [directMeasure@91] directMeasure start: type=Text, paramJson={"component":"Text","id":"root_c0_c0_c1","styles":{"background-color":"transparent","border-color":"#0000001A","border-radius":"0px","border-style":"solid","border-width":"0px","color":"#666666","filter":"none","font-family":"system","font-size":"28px","fontSize":14,"height":0.0,"line-clamp":1,"line-height":"40px","marginLeft":8,"opacity":1,"text-align":"left","text-overflow":"ellipsis","visibility":"visible","width":0.0,"x":0.0,"y":0.0},"text":"3 场会议","variant":"body"}, maxWidth=200.0, widthMode=2, maxHeight=NaN, heightMode=0
08-27 12:48:39.514 W/MeasurementBridge(29018): 12:48:39.512 [directMeasure@108] directMeasure result: type=Text, result=MeasureResult{calcType=0, width=109.0, height=41.0, lineCount=1}
08-27 12:48:39.516 D/AGenUI  (29018): 12:48:39.514 [measure@235] [JNI] AndroidBridgeMeasurement.measure result: type=Text, result=MeasureResult{calcType=Sync, width=109.000000, height=41.000000, countOfLines=1}
08-27 12:48:39.518 D/AGenUI  (29018): 12:48:39.517 [measure@193] [JNI] AndroidBridgeMeasurement.measure start: type=Text, paramJson={"component":"Text","id":"root_c0_c0_c0","styles":{"background-color":"transparent","border-color":"#0000001A","border-radius":"0px","border-style":"solid","border-width":"0px","color":"#181818","filter":"none","font-family":"system","font-size":"28px","fontSize":18,"fontWeight":"bold","height":0.0,"line-clamp":1,"line-height":"40px","lines":1,"opacity":1,"text-align":"left","text-overflow":"ellipsis","visibility":"visible","width":0.0,"x":0.0,"y":0.0},"text":"今日议程","variant":"body"}, width={maxValue=101.801804, mode=1}, height={maxValue=nan, mode=0}
08-27 12:48:39.520 W/MeasurementBridge(29018): 12:48:39.519 [directMeasure@91] directMeasure start: type=Text, paramJson={"component":"Text","id":"root_c0_c0_c0","styles":{"background-color":"transparent","border-color":"#0000001A","border-radius":"0px","border-style":"solid","border-width":"0px","color":"#181818","filter":"none","font-family":"system","font-size":"28px","fontSize":18,"fontWeight":"bold","height":0.0,"line-clamp":1,"line-height":"40px","lines":1,"opacity":1,"text-align":"left","text-overflow":"ellipsis","visibility":"visible","width":0.0,"x":0.0,"y":0.0},"text":"今日议程","variant":"body"}, maxWidth=101.8018, widthMode=1, maxHeight=NaN, heightMode=0
08-27 12:48:39.523 W/MeasurementBridge(29018): 12:48:39.522 [directMeasure@108] directMeasure result: type=Text, result=MeasureResult{calcType=0, width=103.0, height=41.0, lineCount=1}
08-27 12:48:39.525 D/AGenUI  (29018): 12:48:39.524 [measure@235] [JNI] AndroidBridgeMeasurement.measure result: type=Text, result=MeasureResult{calcType=Sync, width=103.000000, height=41.000000, countOfLines=1}
08-27 12:48:39.527 D/AGenUI  (29018): 12:48:39.525 [measure@193] [JNI] AndroidBridgeMeasurement.measure start: type=Text, paramJson={"component":"Text","id":"root_c0_c0_c1","styles":{"background-color":"transparent","border-color":"#0000001A","border-radius":"0px","border-style":"solid","border-width":"0px","color":"#666666","filter":"none","font-family":"system","font-size":"28px","fontSize":14,"height":0.0,"line-clamp":1,"line-height":"40px","lines":1,"marginLeft":8,"opacity":1,"text-align":"left","text-overflow":"ellipsis","visibility":"visible","width":0.0,"x":0.0,"y":0.0},"text":"3 场会议","variant":"body"}, width={maxValue=98.198196, mode=1}, height={maxValue=nan, mode=0}
08-27 12:48:39.528 W/MeasurementBridge(29018): 12:48:39.527 [directMeasure@91] directMeasure start: type=Text, paramJson={"component":"Text","id":"root_c0_c0_c1","styles":{"background-color":"transparent","border-color":"#0000001A","border-radius":"0px","border-style":"solid","border-width":"0px","color":"#666666","filter":"none","font-family":"system","font-size":"28px","fontSize":14,"height":0.0,"line-clamp":1,"line-height":"40px","lines":1,"marginLeft":8,"opacity":1,"text-align":"left","text-overflow":"ellipsis","visibility":"visible","width":0.0,"x":0.0,"y":0.0},"text":"3 场会议","variant":"body"}, maxWidth=98.1982, widthMode=1, maxHeight=NaN, heightMode=0
08-27 12:48:39.532 W/MeasurementBridge(29018): 12:48:39.531 [directMeasure@108] directMeasure result: type=Text, result=MeasureResult{calcType=0, width=99.0, height=41.0, lineCount=1}
08-27 12:48:39.533 D/AGenUI  (29018): 12:48:39.532 [measure@235] [JNI] AndroidBridgeMeasurement.measure result: type=Text, result=MeasureResult{calcType=Sync, width=99.000000, height=41.000000, countOfLines=1}
08-27 12:48:39.535 D/AGenUI  (29018): 12:48:39.534 [measure@193] [JNI] AndroidBridgeMeasurement.measure start: type=Text, paramJson={"component":"Text","id":"root_c0_c1_c0_c0","styles":{"background-color":"transparent","border-color":"#0000001A","border-radius":"0px","border-style":"solid","border-width":"0px","color":"#007DFF","filter":"none","font-family":"system","font-size":"28px","fontSize":14,"fontWeight":"bold","height":0.0,"line-clamp":1,"line-height":"40px","opacity":1,"text-align":"left","text-overflow":"ellipsis","visibility":"visible","width":0.0,"x":0.0,"y":0.0},"text":"09:00","variant":"body"}, width={maxValue=200.000000, mode=2}, height={maxValue=nan, mode=0}
08-27 12:48:39.537 W/MeasurementBridge(29018): 12:48:39.536 [directMeasure@91] directMeasure start: type=Text, paramJson={"component":"Text","id":"root_c0_c1_c0_c0","styles":{"background-color":"transparent","border-color":"#0000001A","border-radius":"0px","border-style":"solid","border-width":"0px","color":"#007DFF","filter":"none","font-family":"system","font-size":"28px","fontSize":14,"fontWeight":"bold","height":0.0,"line-clamp":1,"line-height":"40px","opacity":1,"text-align":"left","text-overflow":"ellipsis","visibility":"visible","width":0.0,"x":0.0,"y":0.0},"text":"09:00","variant":"body"}, maxWidth=200.0, widthMode=2, maxHeight=NaN, heightMode=0
08-27 12:48:39.540 W/MeasurementBridge(29018): 12:48:39.539 [directMeasure@108] directMeasure result: type=Text, result=MeasureResult{calcType=0, width=71.0, height=41.0, lineCount=1}
08-27 12:48:39.542 D/AGenUI  (29018): 12:48:39.541 [measure@235] [JNI] AndroidBridgeMeasurement.measure result: type=Text, result=MeasureResult{calcType=Sync, width=71.000000, height=41.000000, countOfLines=1}
08-27 12:48:39.545 D/AGenUI  (29018): 12:48:39.543 [measure@193] [JNI] AndroidBridgeMeasurement.measure start: type=Text, paramJson={"component":"Text","id":"root_c0_c1_c0_c1","styles":{"background-color":"transparent","border-color":"#0000001A","border-radius":"0px","border-style":"solid","border-width":"0px","color":"#181818","filter":"none","font-family":"system","font-size":"28px","fontSize":14,"height":0.0,"line-clamp":1,"line-height":"40px","marginLeft":12,"opacity":1,"text-align":"left","text-overflow":"ellipsis","visibility":"visible","width":0.0,"x":0.0,"y":0.0},"text":"产品周会","variant":"body"}, width={maxValue=200.000000, mode=2}, height={maxValue=nan, mode=0}
08-27 12:48:39.546 W/MeasurementBridge(29018): 12:48:39.545 [directMeasure@91] directMeasure start: type=Text, paramJson={"component":"Text","id":"root_c0_c1_c0_c1","styles":{"background-color":"transparent","border-color":"#0000001A","border-radius":"0px","border-style":"solid","border-width":"0px","color":"#181818","filter":"none","font-family":"system","font-size":"28px","fontSize":14,"height":0.0,"line-clamp":1,"line-height":"40px","marginLeft":12,"opacity":1,"text-align":"left","text-overflow":"ellipsis","visibility":"visible","width":0.0,"x":0.0,"y":0.0},"text":"产品周会","variant":"body"}, maxWidth=200.0, widthMode=2, maxHeight=NaN, heightMode=0
08-27 12:48:39.551 W/MeasurementBridge(29018): 12:48:39.550 [directMeasure@108] directMeasure result: type=Text, result=MeasureResult{calcType=0, width=113.0, height=41.0, lineCount=1}
08-27 12:48:39.553 D/AGenUI  (29018): 12:48:39.552 [measure@235] [JNI] AndroidBridgeMeasurement.measure result: type=Text, result=MeasureResult{calcType=Sync, width=113.000000, height=41.000000, countOfLines=1}
08-27 12:48:39.555 D/AGenUI  (29018): 12:48:39.554 [measure@193] [JNI] AndroidBridgeMeasurement.measure start: type=Text, paramJson={"component":"Text","id":"root_c0_c2_c0","styles":{"background-color":"transparent","border-color":"#0000001A","border-radius":"0px","border-style":"solid","border-width":"0px","color":"#007DFF","filter":"none","font-family":"system","font-size":"28px","fontSize":14,"fontWeight":"bold","height":0.0,"line-clamp":1,"line-height":"40px","opacity":1,"text-align":"left","text-overflow":"ellipsis","visibility":"visible","width":0.0,"x":0.0,"y":0.0},"text":"11:00","variant":"body"}, width={maxValue=200.000000, mode=2}, height={maxValue=nan, mode=0}
08-27 12:48:39.557 W/MeasurementBridge(29018): 12:48:39.556 [directMeasure@91] directMeasure start: type=Text, paramJson={"component":"Text","id":"root_c0_c2_c0","styles":{"background-color":"transparent","border-color":"#0000001A","border-radius":"0px","border-style":"solid","border-width":"0px","color":"#007DFF","filter":"none","font-family":"system","font-size":"28px","fontSize":14,"fontWeight":"bold","height":0.0,"line-clamp":1,"line-height":"40px","opacity":1,"text-align":"left","text-overflow":"ellipsis","visibility":"visible","width":0.0,"x":0.0,"y":0.0},"text":"11:00","variant":"body"}, maxWidth=200.0, widthMode=2, maxHeight=NaN, heightMode=0
08-27 12:48:39.560 W/MeasurementBridge(29018): 12:48:39.559 [directMeasure@108] directMeasure result: type=Text, result=MeasureResult{calcType=0, width=71.0, height=41.0, lineCount=1}
08-27 12:48:39.562 D/AGenUI  (29018): 12:48:39.561 [measure@235] [JNI] AndroidBridgeMeasurement.measure result: type=Text, result=MeasureResult{calcType=Sync, width=71.000000, height=41.000000, countOfLines=1}
08-27 12:48:39.563 D/AGenUI  (29018): 12:48:39.562 [measure@193] [JNI] AndroidBridgeMeasurement.measure start: type=Text, paramJson={"component":"Text","id":"root_c0_c2_c1","styles":{"background-color":"transparent","border-color":"#0000001A","border-radius":"0px","border-style":"solid","border-width":"0px","color":"#181818","filter":"none","font-family":"system","font-size":"28px","fontSize":14,"height":0.0,"line-clamp":1,"line-height":"40px","marginLeft":12,"opacity":1,"text-align":"left","text-overflow":"ellipsis","visibility":"visible","width":0.0,"x":0.0,"y":0.0},"text":"设计评审","variant":"body"}, width={maxValue=200.000000, mode=2}, height={maxValue=nan, mode=0}
08-27 12:48:39.565 W/MeasurementBridge(29018): 12:48:39.564 [directMeasure@91] directMeasure start: type=Text, paramJson={"component":"Text","id":"root_c0_c2_c1","styles":{"background-color":"transparent","border-color":"#0000001A","border-radius":"0px","border-style":"solid","border-width":"0px","color":"#181818","filter":"none","font-family":"system","font-size":"28px","fontSize":14,"height":0.0,"line-clamp":1,"line-height":"40px","marginLeft":12,"opacity":1,"text-align":"left","text-overflow":"ellipsis","visibility":"visible","width":0.0,"x":0.0,"y":0.0},"text":"设计评审","variant":"body"}, maxWidth=200.0, widthMode=2, maxHeight=NaN, heightMode=0
08-27 12:48:39.568 W/MeasurementBridge(29018): 12:48:39.567 [directMeasure@108] directMeasure result: type=Text, result=MeasureResult{calcType=0, width=113.0, height=41.0, lineCount=1}
08-27 12:48:39.569 D/AGenUI  (29018): 12:48:39.569 [measure@235] [JNI] AndroidBridgeMeasurement.measure result: type=Text, result=MeasureResult{calcType=Sync, width=113.000000, height=41.000000, countOfLines=1}
08-27 12:48:39.571 D/AGenUI  (29018): 12:48:39.570 [measure@193] [JNI] AndroidBridgeMeasurement.measure start: type=Text, paramJson={"component":"Text","id":"root_c0_c4_c0","styles":{"background-color":"transparent","border-color":"#0000001A","border-radius":"0px","border-style":"solid","border-width":"0px","color":"#007DFF","filter":"none","font-family":"system","font-size":"28px","fontSize":14,"fontWeight":"bold","height":0.0,"line-clamp":1,"line-height":"40px","opacity":1,"text-align":"left","text-overflow":"ellipsis","visibility":"visible","width":0.0,"x":0.0,"y":0.0},"text":"14:00","variant":"body"}, width={maxValue=200.000000, mode=2}, height={maxValue=nan, mode=0}
08-27 12:48:39.572 W/MeasurementBridge(29018): 12:48:39.571 [directMeasure@91] directMeasure start: type=Text, paramJson={"component":"Text","id":"root_c0_c4_c0","styles":{"background-color":"transparent","border-color":"#0000001A","border-radius":"0px","border-style":"solid","border-width":"0px","color":"#007DFF","filter":"none","font-family":"system","font-size":"28px","fontSize":14,"fontWeight":"bold","height":0.0,"line-clamp":1,"line-height":"40px","opacity":1,"text-align":"left","text-overflow":"ellipsis","visibility":"visible","width":0.0,"x":0.0,"y":0.0},"text":"14:00","variant":"body"}, maxWidth=200.0, widthMode=2, maxHeight=NaN, heightMode=0
08-27 12:48:39.575 W/MeasurementBridge(29018): 12:48:39.574 [directMeasure@108] directMeasure result: type=Text, result=MeasureResult{calcType=0, width=71.0, height=41.0, lineCount=1}
08-27 12:48:39.577 D/AGenUI  (29018): 12:48:39.576 [measure@235] [JNI] AndroidBridgeMeasurement.measure result: type=Text, result=MeasureResult{calcType=Sync, width=71.000000, height=41.000000, countOfLines=1}
08-27 12:48:39.578 D/AGenUI  (29018): 12:48:39.577 [measure@193] [JNI] AndroidBridgeMeasurement.measure start: type=Text, paramJson={"component":"Text","id":"root_c0_c4_c1","styles":{"background-color":"transparent","border-color":"#0000001A","border-radius":"0px","border-style":"solid","border-width":"0px","color":"#181818","filter":"none","font-family":"system","font-size":"28px","fontSize":14,"height":0.0,"line-clamp":1,"line-height":"40px","marginLeft":12,"opacity":1,"text-align":"left","text-overflow":"ellipsis","visibility":"visible","width":0.0,"x":0.0,"y":0.0},"text":"技术分享会","variant":"body"}, width={maxValue=200.000000, mode=2}, height={maxValue=nan, mode=0}
08-27 12:48:39.580 W/MeasurementBridge(29018): 12:48:39.579 [directMeasure@91] directMeasure start: type=Text, paramJson={"component":"Text","id":"root_c0_c4_c1","styles":{"background-color":"transparent","border-color":"#0000001A","border-radius":"0px","border-style":"solid","border-width":"0px","color":"#181818","filter":"none","font-family":"system","font-size":"28px","fontSize":14,"height":0.0,"line-clamp":1,"line-height":"40px","marginLeft":12,"opacity":1,"text-align":"left","text-overflow":"ellipsis","visibility":"visible","width":0.0,"x":0.0,"y":0.0},"text":"技术分享会","variant":"body"}, maxWidth=200.0, widthMode=2, maxHeight=NaN, heightMode=0
08-27 12:48:39.585 W/MeasurementBridge(29018): 12:48:39.584 [directMeasure@108] directMeasure result: type=Text, result=MeasureResult{calcType=0, width=141.0, height=41.0, lineCount=1}
08-27 12:48:39.586 D/AGenUI  (29018): 12:48:39.585 [measure@235] [JNI] AndroidBridgeMeasurement.measure result: type=Text, result=MeasureResult{calcType=Sync, width=141.000000, height=41.000000, countOfLines=1}
08-27 12:48:39.588 D/AGenUI  (29018): 12:48:39.587 [measure@193] [JNI] AndroidBridgeMeasurement.measure start: type=Text, paramJson={"component":"Text","id":"root_c0_c4_c0","styles":{"background-color":"transparent","border-color":"#0000001A","border-radius":"0px","border-style":"solid","border-width":"0px","color":"#007DFF","filter":"none","font-family":"system","font-size":"28px","fontSize":14,"fontWeight":"bold","height":0.0,"line-clamp":1,"line-height":"40px","lines":1,"opacity":1,"text-align":"left","text-overflow":"ellipsis","visibility":"visible","width":0.0,"x":0.0,"y":0.0},"text":"14:00","variant":"body"}, width={maxValue=66.981133, mode=1}, height={maxValue=nan, mode=0}
08-27 12:48:39.591 W/MeasurementBridge(29018): 12:48:39.588 [directMeasure@91] directMeasure start: type=Text, paramJson={"component":"Text","id":"root_c0_c4_c0","styles":{"background-color":"transparent","border-color":"#0000001A","border-radius":"0px","border-style":"solid","border-width":"0px","color":"#007DFF","filter":"none","font-family":"system","font-size":"28px","fontSize":14,"fontWeight":"bold","height":0.0,"line-clamp":1,"line-height":"40px","lines":1,"opacity":1,"text-align":"left","text-overflow":"ellipsis","visibility":"visible","width":0.0,"x":0.0,"y":0.0},"text":"14:00","variant":"body"}, maxWidth=66.98113, widthMode=1, maxHeight=NaN, heightMode=0
08-27 12:48:39.595 W/MeasurementBridge(29018): 12:48:39.594 [directMeasure@108] directMeasure result: type=Text, result=MeasureResult{calcType=0, width=68.0, height=41.0, lineCount=1}
08-27 12:48:39.597 D/AGenUI  (29018): 12:48:39.595 [measure@235] [JNI] AndroidBridgeMeasurement.measure result: type=Text, result=MeasureResult{calcType=Sync, width=68.000000, height=41.000000, countOfLines=1}
08-27 12:48:39.598 D/AGenUI  (29018): 12:48:39.597 [measure@193] [JNI] AndroidBridgeMeasurement.measure start: type=Text, paramJson={"component":"Text","id":"root_c0_c4_c1","styles":{"background-color":"transparent","border-color":"#0000001A","border-radius":"0px","border-style":"solid","border-width":"0px","color":"#181818","filter":"none","font-family":"system","font-size":"28px","fontSize":14,"height":0.0,"line-clamp":1,"line-height":"40px","lines":1,"marginLeft":12,"opacity":1,"text-align":"left","text-overflow":"ellipsis","visibility":"visible","width":0.0,"x":0.0,"y":0.0},"text":"技术分享会","variant":"body"}, width={maxValue=133.018875, mode=1}, height={maxValue=nan, mode=0}
08-27 12:48:39.600 W/MeasurementBridge(29018): 12:48:39.599 [directMeasure@91] directMeasure start: type=Text, paramJson={"component":"Text","id":"root_c0_c4_c1","styles":{"background-color":"transparent","border-color":"#0000001A","border-radius":"0px","border-style":"solid","border-width":"0px","color":"#181818","filter":"none","font-family":"system","font-size":"28px","fontSize":14,"height":0.0,"line-clamp":1,"line-height":"40px","lines":1,"marginLeft":12,"opacity":1,"text-align":"left","text-overflow":"ellipsis","visibility":"visible","width":0.0,"x":0.0,"y":0.0},"text":"技术分享会","variant":"body"}, maxWidth=133.01888, widthMode=1, maxHeight=NaN, heightMode=0
08-27 12:48:39.603 W/MeasurementBridge(29018): 12:48:39.602 [directMeasure@108] directMeasure result: type=Text, result=MeasureResult{calcType=0, width=135.0, height=41.0, lineCount=1}
08-27 12:48:39.605 D/AGenUI  (29018): 12:48:39.604 [measure@235] [JNI] AndroidBridgeMeasurement.measure result: type=Text, result=MeasureResult{calcType=Sync, width=135.000000, height=41.000000, countOfLines=1}
08-27 12:48:39.606 D/AGenUI  (29018): 12:48:39.605 [measure@193] [JNI] AndroidBridgeMeasurement.measure start: type=Text, paramJson={"component":"Text","id":"root_c10_c0","styles":{"background-color":"transparent","border-color":"#0000001A","border-radius":"0px","border-style":"solid","border-width":"0px","color":"#666666","filter":"none","font-family":"system","font-size":"28px","fontSize":13,"fontWeight":"bold","height":0.0,"line-clamp":1,"line-height":"40px","opacity":1,"text-align":"left","text-overflow":"ellipsis","visibility":"visible","width":0.0,"x":0.0,"y":0.0},"text":"本周会议","variant":"body"}, width={maxValue=200.000000, mode=1}, height={maxValue=nan, mode=0}
08-27 12:48:39.607 W/MeasurementBridge(29018): 12:48:39.606 [directMeasure@91] directMeasure start: type=Text, paramJson={"component":"Text","id":"root_c10_c0","styles":{"background-color":"transparent","border-color":"#0000001A","border-radius":"0px","border-style":"solid","border-width":"0px","color":"#666666","filter":"none","font-family":"system","font-size":"28px","fontSize":13,"fontWeight":"bold","height":0.0,"line-clamp":1,"line-height":"40px","opacity":1,"text-align":"left","text-overflow":"ellipsis","visibility":"visible","width":0.0,"x":0.0,"y":0.0},"text":"本周会议","variant":"body"}, maxWidth=200.0, widthMode=1, maxHeight=NaN, heightMode=0
08-27 12:48:39.610 W/MeasurementBridge(29018): 12:48:39.609 [directMeasure@108] directMeasure result: type=Text, result=MeasureResult{calcType=0, width=201.0, height=41.0, lineCount=1}
08-27 12:48:39.612 D/AGenUI  (29018): 12:48:39.611 [measure@235] [JNI] AndroidBridgeMeasurement.measure result: type=Text, result=MeasureResult{calcType=Sync, width=201.000000, height=41.000000, countOfLines=1}
08-27 12:48:39.613 D/AGenUI  (29018): 12:48:39.612 [measure@193] [JNI] AndroidBridgeMeasurement.measure start: type=Text, paramJson={"component":"Text","id":"root_c11_c1_c0","styles":{"background-color":"transparent","border-color":"#0000001A","border-radius":"0px","border-style":"solid","border-width":"0px","color":"#181818","filter":"none","font-family":"system","font-size":"28px","fontSize":14,"fontWeight":"bold","height":0.0,"line-clamp":1,"line-height":"40px","opacity":1,"text-align":"left","text-overflow":"ellipsis","visibility":"visible","width":0.0,"x":0.0,"y":0.0},"text":"Q3 季度规划评审","variant":"body"}, width={maxValue=200.000000, mode=2}, height={maxValue=nan, mode=0}
08-27 12:48:39.615 W/MeasurementBridge(29018): 12:48:39.614 [directMeasure@91] directMeasure start: type=Text, paramJson={"component":"Text","id":"root_c11_c1_c0","styles":{"background-color":"transparent","border-color":"#0000001A","border-radius":"0px","border-style":"solid","border-width":"0px","color":"#181818","filter":"none","font-family":"system","font-size":"28px","fontSize":14,"fontWeight":"bold","height":0.0,"line-clamp":1,"line-height":"40px","opacity":1,"text-align":"left","text-overflow":"ellipsis","visibility":"visible","width":0.0,"x":0.0,"y":0.0},"text":"Q3 季度规划评审","variant":"body"}, maxWidth=200.0, widthMode=2, maxHeight=NaN, heightMode=0
08-27 12:48:39.619 W/MeasurementBridge(29018): 12:48:39.618 [directMeasure@108] directMeasure result: type=Text, result=MeasureResult{calcType=0, width=201.0, height=41.0, lineCount=1}
08-27 12:48:39.620 D/AGenUI  (29018): 12:48:39.619 [measure@235] [JNI] AndroidBridgeMeasurement.measure result: type=Text, result=MeasureResult{calcType=Sync, width=201.000000, height=41.000000, countOfLines=1}
08-27 12:48:39.622 D/AGenUI  (29018): 12:48:39.621 [measure@193] [JNI] AndroidBridgeMeasurement.measure start: type=Text, paramJson={"component":"Text","id":"root_c11_c1_c1","styles":{"background-color":"transparent","border-color":"#0000001A","border-radius":"0px","border-style":"solid","border-width":"0px","color":"#999999","filter":"none","font-family":"system","font-size":"28px","fontSize":12,"height":0.0,"line-clamp":1,"line-height":"40px","marginTop":2,"opacity":1,"text-align":"left","text-overflow":"ellipsis","visibility":"visible","width":0.0,"x":0.0,"y":0.0},"text":"8 人参会","variant":"body"}, width={maxValue=200.000000, mode=2}, height={maxValue=nan, mode=0}
08-27 12:48:39.623 W/MeasurementBridge(29018): 12:48:39.622 [directMeasure@91] directMeasure start: type=Text, paramJson={"component":"Text","id":"root_c11_c1_c1","styles":{"background-color":"transparent","border-color":"#0000001A","border-radius":"0px","border-style":"solid","border-width":"0px","color":"#999999","filter":"none","font-family":"system","font-size":"28px","fontSize":12,"height":0.0,"line-clamp":1,"line-height":"40px","marginTop":2,"opacity":1,"text-align":"left","text-overflow":"ellipsis","visibility":"visible","width":0.0,"x":0.0,"y":0.0},"text":"8 人参会","variant":"body"}, maxWidth=200.0, widthMode=2, maxHeight=NaN, heightMode=0
08-27 12:48:39.627 W/MeasurementBridge(29018): 12:48:39.626 [directMeasure@108] directMeasure result: type=Text, result=MeasureResult{calcType=0, width=109.0, height=41.0, lineCount=1}
08-27 12:48:39.628 D/AGenUI  (29018): 12:48:39.627 [measure@235] [JNI] AndroidBridgeMeasurement.measure result: type=Text, result=MeasureResult{calcType=Sync, width=109.000000, height=41.000000, countOfLines=1}
08-27 12:48:39.630 D/AGenUI  (29018): 12:48:39.629 [measure@193] [JNI] AndroidBridgeMeasurement.measure start: type=Text, paramJson={"component":"Text","id":"root_c11_c2_c0","styles":{"background-color":"transparent","border-color":"#0000001A","border-radius":"0px","border-style":"solid","border-width":"0px","color":"#007DFF","filter":"none","font-family":"system","font-size":"28px","fontSize":11,"height":0.0,"line-clamp":1,"line-height":"40px","opacity":1,"text-align":"left","text-overflow":"ellipsis","visibility":"visible","width":0.0,"x":0.0,"y":0.0},"text":"待开始","variant":"body"}, width={maxValue=200.000000, mode=2}, height={maxValue=22.000000, mode=2}
08-27 12:48:39.631 W/MeasurementBridge(29018): 12:48:39.630 [directMeasure@91] directMeasure start: type=Text, paramJson={"component":"Text","id":"root_c11_c2_c0","styles":{"background-color":"transparent","border-color":"#0000001A","border-radius":"0px","border-style":"solid","border-width":"0px","color":"#007DFF","filter":"none","font-family":"system","font-size":"28px","fontSize":11,"height":0.0,"line-clamp":1,"line-height":"40px","opacity":1,"text-align":"left","text-overflow":"ellipsis","visibility":"visible","width":0.0,"x":0.0,"y":0.0},"text":"待开始","variant":"body"}, maxWidth=200.0, widthMode=2, maxHeight=22.0, heightMode=2
08-27 12:48:39.634 W/MeasurementBridge(29018): 12:48:39.633 [directMeasure@108] directMeasure result: type=Text, result=MeasureResult{calcType=0, width=85.0, height=23.0, lineCount=1}
08-27 12:48:39.636 D/AGenUI  (29018): 12:48:39.635 [measure@235] [JNI] AndroidBridgeMeasurement.measure result: type=Text, result=MeasureResult{calcType=Sync, width=85.000000, height=23.000000, countOfLines=1}
08-27 12:48:39.637 D/AGenUI  (29018): 12:48:39.636 [measure@193] [JNI] AndroidBridgeMeasurement.measure start: type=Text, paramJson={"component":"Text","id":"root_c11_c2_c0","styles":{"background-color":"transparent","border-color":"#0000001A","border-radius":"0px","border-style":"solid","border-width":"0px","color":"#007DFF","filter":"none","font-family":"system","font-size":"28px","fontSize":11,"height":0.0,"line-clamp":1,"line-height":"40px","lines":1,"opacity":1,"text-align":"left","text-overflow":"ellipsis","visibility":"visible","width":0.0,"x":0.0,"y":0.0},"text":"待开始","variant":"body"}, width={maxValue=200.000000, mode=2}, height={maxValue=22.000000, mode=1}
08-27 12:48:39.639 W/MeasurementBridge(29018): 12:48:39.638 [directMeasure@91] directMeasure start: type=Text, paramJson={"component":"Text","id":"root_c11_c2_c0","styles":{"background-color":"transparent","border-color":"#0000001A","border-radius":"0px","border-style":"solid","border-width":"0px","color":"#007DFF","filter":"none","font-family":"system","font-size":"28px","fontSize":11,"height":0.0,"line-clamp":1,"line-height":"40px","lines":1,"opacity":1,"text-align":"left","text-overflow":"ellipsis","visibility":"visible","width":0.0,"x":0.0,"y":0.0},"text":"待开始","variant":"body"}, maxWidth=200.0, widthMode=2, maxHeight=22.0, heightMode=1
08-27 12:48:39.642 W/MeasurementBridge(29018): 12:48:39.641 [directMeasure@108] directMeasure result: type=Text, result=MeasureResult{calcType=0, width=85.0, height=23.0, lineCount=1}
08-27 12:48:39.643 D/AGenUI  (29018): 12:48:39.642 [measure@235] [JNI] AndroidBridgeMeasurement.measure result: type=Text, result=MeasureResult{calcType=Sync, width=85.000000, height=23.000000, countOfLines=1}
08-27 12:48:39.645 D/AGenUI  (29018): 12:48:39.644 [measure@193] [JNI] AndroidBridgeMeasurement.measure start: type=Text, paramJson={"component":"Text","id":"root_c11_c0_c0","styles":{"background-color":"transparent","border-color":"#0000001A","border-radius":"0px","border-style":"solid","border-width":"0px","color":"#999999","filter":"none","font-family":"system","font-size":"28px","fontSize":11,"height":0.0,"line-clamp":1,"line-height":"40px","opacity":1,"text-align":"left","text-overflow":"ellipsis","visibility":"visible","width":0.0,"x":0.0,"y":0.0},"text":"周一","variant":"body"}, width={maxValue=32.748539, mode=2}, height={maxValue=nan, mode=0}
08-27 12:48:39.646 W/MeasurementBridge(29018): 12:48:39.645 [directMeasure@91] directMeasure start: type=Text, paramJson={"component":"Text","id":"root_c11_c0_c0","styles":{"background-color":"transparent","border-color":"#0000001A","border-radius":"0px","border-style":"solid","border-width":"0px","color":"#999999","filter":"none","font-family":"system","font-size":"28px","fontSize":11,"height":0.0,"line-clamp":1,"line-height":"40px","opacity":1,"text-align":"left","text-overflow":"ellipsis","visibility":"visible","width":0.0,"x":0.0,"y":0.0},"text":"周一","variant":"body"}, maxWidth=32.74854, widthMode=2, maxHeight=NaN, heightMode=0
08-27 12:48:39.651 W/MeasurementBridge(29018): 12:48:39.649 [directMeasure@108] directMeasure result: type=Text, result=MeasureResult{calcType=0, width=34.0, height=41.0, lineCount=1}
08-27 12:48:39.652 D/AGenUI  (29018): 12:48:39.651 [measure@235] [JNI] AndroidBridgeMeasurement.measure result: type=Text, result=MeasureResult{calcType=Sync, width=34.000000, height=41.000000, countOfLines=1}
08-27 12:48:39.654 D/AGenUI  (29018): 12:48:39.653 [measure@193] [JNI] AndroidBridgeMeasurement.measure start: type=Text, paramJson={"component":"Text","id":"root_c11_c0_c1","styles":{"background-color":"transparent","border-color":"#0000001A","border-radius":"0px","border-style":"solid","border-width":"0px","color":"#181818","filter":"none","font-family":"system","font-size":"28px","fontSize":14,"fontWeight":"bold","height":0.0,"line-clamp":1,"line-height":"40px","marginTop":2,"opacity":1,"text-align":"left","text-overflow":"ellipsis","visibility":"visible","width":0.0,"x":0.0,"y":0.0},"text":"09:30","variant":"body"}, width={maxValue=32.748539, mode=2}, height={maxValue=nan, mode=0}
08-27 12:48:39.655 W/MeasurementBridge(29018): 12:48:39.654 [directMeasure@91] directMeasure start: type=Text, paramJson={"component":"Text","id":"root_c11_c0_c1","styles":{"background-color":"transparent","border-color":"#0000001A","border-radius":"0px","border-style":"solid","border-width":"0px","color":"#181818","filter":"none","font-family":"system","font-size":"28px","fontSize":14,"fontWeight":"bold","height":0.0,"line-clamp":1,"line-height":"40px","marginTop":2,"opacity":1,"text-align":"left","text-overflow":"ellipsis","visibility":"visible","width":0.0,"x":0.0,"y":0.0},"text":"09:30","variant":"body"}, maxWidth=32.74854, widthMode=2, maxHeight=NaN, heightMode=0
08-27 12:48:39.659 W/MeasurementBridge(29018): 12:48:39.658 [directMeasure@108] directMeasure result: type=Text, result=MeasureResult{calcType=0, width=34.0, height=41.0, lineCount=1}
08-27 12:48:39.660 D/AGenUI  (29018): 12:48:39.659 [measure@235] [JNI] AndroidBridgeMeasurement.measure result: type=Text, result=MeasureResult{calcType=Sync, width=34.000000, height=41.000000, countOfLines=1}
08-27 12:48:39.662 D/AGenUI  (29018): 12:48:39.661 [measure@193] [JNI] AndroidBridgeMeasurement.measure start: type=Text, paramJson={"component":"Text","id":"root_c11_c1_c0","styles":{"background-color":"transparent","border-color":"#0000001A","border-radius":"0px","border-style":"solid","border-width":"0px","color":"#181818","filter":"none","font-family":"system","font-size":"28px","fontSize":14,"fontWeight":"bold","height":0.0,"line-clamp":1,"line-height":"40px","lines":1,"opacity":1,"text-align":"left","text-overflow":"ellipsis","visibility":"visible","width":0.0,"x":0.0,"y":0.0},"text":"Q3 季度规划评审","variant":"body"}, width={maxValue=117.543861, mode=1}, height={maxValue=nan, mode=0}
08-27 12:48:39.664 W/MeasurementBridge(29018): 12:48:39.662 [directMeasure@91] directMeasure start: type=Text, paramJson={"component":"Text","id":"root_c11_c1_c0","styles":{"background-color":"transparent","border-color":"#0000001A","border-radius":"0px","border-style":"solid","border-width":"0px","color":"#181818","filter":"none","font-family":"system","font-size":"28px","fontSize":14,"fontWeight":"bold","height":0.0,"line-clamp":1,"line-height":"40px","lines":1,"opacity":1,"text-align":"left","text-overflow":"ellipsis","visibility":"visible","width":0.0,"x":0.0,"y":0.0},"text":"Q3 季度规划评审","variant":"body"}, maxWidth=117.54386, widthMode=1, maxHeight=NaN, heightMode=0
08-27 12:48:39.667 W/MeasurementBridge(29018): 12:48:39.666 [directMeasure@108] directMeasure result: type=Text, result=MeasureResult{calcType=0, width=119.0, height=41.0, lineCount=1}
08-27 12:48:39.668 D/AGenUI  (29018): 12:48:39.667 [measure@235] [JNI] AndroidBridgeMeasurement.measure result: type=Text, result=MeasureResult{calcType=Sync, width=119.000000, height=41.000000, countOfLines=1}
08-27 12:48:39.670 D/AGenUI  (29018): 12:48:39.669 [measure@193] [JNI] AndroidBridgeMeasurement.measure start: type=Text, paramJson={"component":"Text","id":"root_c11_c1_c1","styles":{"background-color":"transparent","border-color":"#0000001A","border-radius":"0px","border-style":"solid","border-width":"0px","color":"#999999","filter":"none","font-family":"system","font-size":"28px","fontSize":12,"height":0.0,"line-clamp":1,"line-height":"40px","lines":1,"marginTop":2,"opacity":1,"text-align":"left","text-overflow":"ellipsis","visibility":"visible","width":0.0,"x":0.0,"y":0.0},"text":"8 人参会","variant":"body"}, width={maxValue=117.543861, mode=1}, height={maxValue=nan, mode=0}
08-27 12:48:39.671 W/MeasurementBridge(29018): 12:48:39.670 [directMeasure@91] directMeasure start: type=Text, paramJson={"component":"Text","id":"root_c11_c1_c1","styles":{"background-color":"transparent","border-color":"#0000001A","border-radius":"0px","border-style":"solid","border-width":"0px","color":"#999999","filter":"none","font-family":"system","font-size":"28px","fontSize":12,"height":0.0,"line-clamp":1,"line-height":"40px","lines":1,"marginTop":2,"opacity":1,"text-align":"left","text-overflow":"ellipsis","visibility":"visible","width":0.0,"x":0.0,"y":0.0},"text":"8 人参会","variant":"body"}, maxWidth=117.54386, widthMode=1, maxHeight=NaN, heightMode=0
08-27 12:48:39.674 W/MeasurementBridge(29018): 12:48:39.673 [directMeasure@108] directMeasure result: type=Text, result=MeasureResult{calcType=0, width=119.0, height=41.0, lineCount=1}
08-27 12:48:39.675 D/AGenUI  (29018): 12:48:39.674 [measure@235] [JNI] AndroidBridgeMeasurement.measure result: type=Text, result=MeasureResult{calcType=Sync, width=119.000000, height=41.000000, countOfLines=1}
08-27 12:48:39.677 D/AGenUI  (29018): 12:48:39.676 [measure@193] [JNI] AndroidBridgeMeasurement.measure start: type=Text, paramJson={"component":"Text","id":"root_c12_c1_c0","styles":{"background-color":"transparent","border-color":"#0000001A","border-radius":"0px","border-style":"solid","border-width":"0px","color":"#181818","filter":"none","font-family":"system","font-size":"28px","fontSize":14,"fontWeight":"bold","height":0.0,"line-clamp":1,"line-height":"40px","opacity":1,"text-align":"left","text-overflow":"ellipsis","visibility":"visible","width":0.0,"x":0.0,"y":0.0},"text":"跨团队同步周会","variant":"body"}, width={maxValue=200.000000, mode=2}, height={maxValue=nan, mode=0}
08-27 12:48:39.678 W/MeasurementBridge(29018): 12:48:39.677 [directMeasure@91] directMeasure start: type=Text, paramJson={"component":"Text","id":"root_c12_c1_c0","styles":{"background-color":"transparent","border-color":"#0000001A","border-radius":"0px","border-style":"solid","border-width":"0px","color":"#181818","filter":"none","font-family":"system","font-size":"28px","fontSize":14,"fontWeight":"bold","height":0.0,"line-clamp":1,"line-height":"40px","opacity":1,"text-align":"left","text-overflow":"ellipsis","visibility":"visible","width":0.0,"x":0.0,"y":0.0},"text":"跨团队同步周会","variant":"body"}, maxWidth=200.0, widthMode=2, maxHeight=NaN, heightMode=0
08-27 12:48:39.682 W/MeasurementBridge(29018): 12:48:39.680 [directMeasure@108] directMeasure result: type=Text, result=MeasureResult{calcType=0, width=197.0, height=41.0, lineCount=1}
08-27 12:48:39.684 D/AGenUI  (29018): 12:48:39.683 [measure@235] [JNI] AndroidBridgeMeasurement.measure result: type=Text, result=MeasureResult{calcType=Sync, width=197.000000, height=41.000000, countOfLines=1}
08-27 12:48:39.686 D/AGenUI  (29018): 12:48:39.685 [measure@193] [JNI] AndroidBridgeMeasurement.measure start: type=Text, paramJson={"component":"Text","id":"root_c12_c1_c1","styles":{"background-color":"transparent","border-color":"#0000001A","border-radius":"0px","border-style":"solid","border-width":"0px","color":"#999999","filter":"none","font-family":"system","font-size":"28px","fontSize":12,"height":0.0,"line-clamp":1,"line-height":"40px","marginTop":2,"opacity":1,"text-align":"left","text-overflow":"ellipsis","visibility":"visible","width":0.0,"x":0.0,"y":0.0},"text":"15 人参会","variant":"body"}, width={maxValue=200.000000, mode=2}, height={maxValue=nan, mode=0}
08-27 12:48:39.687 W/MeasurementBridge(29018): 12:48:39.686 [directMeasure@91] directMeasure start: type=Text, paramJson={"component":"Text","id":"root_c12_c1_c1","styles":{"background-color":"transparent","border-color":"#0000001A","border-radius":"0px","border-style":"solid","border-width":"0px","color":"#999999","filter":"none","font-family":"system","font-size":"28px","fontSize":12,"height":0.0,"line-clamp":1,"line-height":"40px","marginTop":2,"opacity":1,"text-align":"left","text-overflow":"ellipsis","visibility":"visible","width":0.0,"x":0.0,"y":0.0},"text":"15 人参会","variant":"body"}, maxWidth=200.0, widthMode=2, maxHeight=NaN, heightMode=0
08-27 12:48:39.690 W/MeasurementBridge(29018): 12:48:39.689 [directMeasure@108] directMeasure result: type=Text, result=MeasureResult{calcType=0, width=124.0, height=41.0, lineCount=1}
08-27 12:48:39.691 D/AGenUI  (29018): 12:48:39.690 [measure@235] [JNI] AndroidBridgeMeasurement.measure result: type=Text, result=MeasureResult{calcType=Sync, width=124.000000, height=41.000000, countOfLines=1}
08-27 12:48:39.693 D/AGenUI  (29018): 12:48:39.692 [measure@193] [JNI] AndroidBridgeMeasurement.measure start: type=Text, paramJson={"component":"Text","id":"root_c12_c2_c0","styles":{"background-color":"transparent","border-color":"#0000001A","border-radius":"0px","border-style":"solid","border-width":"0px","color":"#FF9500","filter":"none","font-family":"system","font-size":"28px","fontSize":11,"height":0.0,"line-clamp":1,"line-height":"40px","opacity":1,"text-align":"left","text-overflow":"ellipsis","visibility":"visible","width":0.0,"x":0.0,"y":0.0},"text":"进行中","variant":"body"}, width={maxValue=200.000000, mode=2}, height={maxValue=22.000000, mode=2}
08-27 12:48:39.694 W/MeasurementBridge(29018): 12:48:39.693 [directMeasure@91] directMeasure start: type=Text, paramJson={"component":"Text","id":"root_c12_c2_c0","styles":{"background-color":"transparent","border-color":"#0000001A","border-radius":"0px","border-style":"solid","border-width":"0px","color":"#FF9500","filter":"none","font-family":"system","font-size":"28px","fontSize":11,"height":0.0,"line-clamp":1,"line-height":"40px","opacity":1,"text-align":"left","text-overflow":"ellipsis","visibility":"visible","width":0.0,"x":0.0,"y":0.0},"text":"进行中","variant":"body"}, maxWidth=200.0, widthMode=2, maxHeight=22.0, heightMode=2
08-27 12:48:39.697 W/MeasurementBridge(29018): 12:48:39.696 [directMeasure@108] directMeasure result: type=Text, result=MeasureResult{calcType=0, width=85.0, height=23.0, lineCount=1}
08-27 12:48:39.698 D/AGenUI  (29018): 12:48:39.697 [measure@235] [JNI] AndroidBridgeMeasurement.measure result: type=Text, result=MeasureResult{calcType=Sync, width=85.000000, height=23.000000, countOfLines=1}
08-27 12:48:39.699 D/AGenUI  (29018): 12:48:39.699 [measure@193] [JNI] AndroidBridgeMeasurement.measure start: type=Text, paramJson={"component":"Text","id":"root_c12_c2_c0","styles":{"background-color":"transparent","border-color":"#0000001A","border-radius":"0px","border-style":"solid","border-width":"0px","color":"#FF9500","filter":"none","font-family":"system","font-size":"28px","fontSize":11,"height":0.0,"line-clamp":1,"line-height":"40px","lines":1,"opacity":1,"text-align":"left","text-overflow":"ellipsis","visibility":"visible","width":0.0,"x":0.0,"y":0.0},"text":"进行中","variant":"body"}, width={maxValue=200.000000, mode=2}, height={maxValue=22.000000, mode=1}
08-27 12:48:39.701 W/MeasurementBridge(29018): 12:48:39.700 [directMeasure@91] directMeasure start: type=Text, paramJson={"component":"Text","id":"root_c12_c2_c0","styles":{"background-color":"transparent","border-color":"#0000001A","border-radius":"0px","border-style":"solid","border-width":"0px","color":"#FF9500","filter":"none","font-family":"system","font-size":"28px","fontSize":11,"height":0.0,"line-clamp":1,"line-height":"40px","lines":1,"opacity":1,"text-align":"left","text-overflow":"ellipsis","visibility":"visible","width":0.0,"x":0.0,"y":0.0},"text":"进行中","variant":"body"}, maxWidth=200.0, widthMode=2, maxHeight=22.0, heightMode=1
08-27 12:48:39.704 W/MeasurementBridge(29018): 12:48:39.703 [directMeasure@108] directMeasure result: type=Text, result=MeasureResult{calcType=0, width=85.0, height=23.0, lineCount=1}
08-27 12:48:39.705 D/AGenUI  (29018): 12:48:39.704 [measure@235] [JNI] AndroidBridgeMeasurement.measure result: type=Text, result=MeasureResult{calcType=Sync, width=85.000000, height=23.000000, countOfLines=1}
08-27 12:48:39.706 D/AGenUI  (29018): 12:48:39.706 [measure@193] [JNI] AndroidBridgeMeasurement.measure start: type=Text, paramJson={"component":"Text","id":"root_c12_c0_c0","styles":{"background-color":"transparent","border-color":"#0000001A","border-radius":"0px","border-style":"solid","border-width":"0px","color":"#999999","filter":"none","font-family":"system","font-size":"28px","fontSize":11,"height":0.0,"line-clamp":1,"line-height":"40px","opacity":1,"text-align":"left","text-overflow":"ellipsis","visibility":"visible","width":0.0,"x":0.0,"y":0.0},"text":"周三","variant":"body"}, width={maxValue=33.136093, mode=2}, height={maxValue=nan, mode=0}
08-27 12:48:39.708 W/MeasurementBridge(29018): 12:48:39.707 [directMeasure@91] directMeasure start: type=Text, paramJson={"component":"Text","id":"root_c12_c0_c0","styles":{"background-color":"transparent","border-color":"#0000001A","border-radius":"0px","border-style":"solid","border-width":"0px","color":"#999999","filter":"none","font-family":"system","font-size":"28px","fontSize":11,"height":0.0,"line-clamp":1,"line-height":"40px","opacity":1,"text-align":"left","text-overflow":"ellipsis","visibility":"visible","width":0.0,"x":0.0,"y":0.0},"text":"周三","variant":"body"}, maxWidth=33.136093, widthMode=2, maxHeight=NaN, heightMode=0
08-27 12:48:39.711 W/MeasurementBridge(29018): 12:48:39.710 [directMeasure@108] directMeasure result: type=Text, result=MeasureResult{calcType=0, width=35.0, height=41.0, lineCount=1}
08-27 12:48:39.712 D/AGenUI  (29018): 12:48:39.711 [measure@235] [JNI] AndroidBridgeMeasurement.measure result: type=Text, result=MeasureResult{calcType=Sync, width=35.000000, height=41.000000, countOfLines=1}
08-27 12:48:39.713 D/AGenUI  (29018): 12:48:39.712 [measure@193] [JNI] AndroidBridgeMeasurement.measure start: type=Text, paramJson={"component":"Text","id":"root_c12_c0_c1","styles":{"background-color":"transparent","border-color":"#0000001A","border-radius":"0px","border-style":"solid","border-width":"0px","color":"#181818","filter":"none","font-family":"system","font-size":"28px","fontSize":14,"fontWeight":"bold","height":0.0,"line-clamp":1,"line-height":"40px","marginTop":2,"opacity":1,"text-align":"left","text-overflow":"ellipsis","visibility":"visible","width":0.0,"x":0.0,"y":0.0},"text":"14:00","variant":"body"}, width={maxValue=33.136093, mode=2}, height={maxValue=nan, mode=0}
08-27 12:48:39.715 W/MeasurementBridge(29018): 12:48:39.714 [directMeasure@91] directMeasure start: type=Text, paramJson={"component":"Text","id":"root_c12_c0_c1","styles":{"background-color":"transparent","border-color":"#0000001A","border-radius":"0px","border-style":"solid","border-width":"0px","color":"#181818","filter":"none","font-family":"system","font-size":"28px","fontSize":14,"fontWeight":"bold","height":0.0,"line-clamp":1,"line-height":"40px","marginTop":2,"opacity":1,"text-align":"left","text-overflow":"ellipsis","visibility":"visible","width":0.0,"x":0.0,"y":0.0},"text":"14:00","variant":"body"}, maxWidth=33.136093, widthMode=2, maxHeight=NaN, heightMode=0
08-27 12:48:39.718 W/MeasurementBridge(29018): 12:48:39.717 [directMeasure@108] directMeasure result: type=Text, result=MeasureResult{calcType=0, width=35.0, height=41.0, lineCount=1}
08-27 12:48:39.719 D/AGenUI  (29018): 12:48:39.719 [measure@235] [JNI] AndroidBridgeMeasurement.measure result: type=Text, result=MeasureResult{calcType=Sync, width=35.000000, height=41.000000, countOfLines=1}
08-27 12:48:39.721 D/AGenUI  (29018): 12:48:39.720 [measure@193] [JNI] AndroidBridgeMeasurement.measure start: type=Text, paramJson={"component":"Text","id":"root_c12_c1_c0","styles":{"background-color":"transparent","border-color":"#0000001A","border-radius":"0px","border-style":"solid","border-width":"0px","color":"#181818","filter":"none","font-family":"system","font-size":"28px","fontSize":14,"fontWeight":"bold","height":0.0,"line-clamp":1,"line-height":"40px","lines":1,"opacity":1,"text-align":"left","text-overflow":"ellipsis","visibility":"visible","width":0.0,"x":0.0,"y":0.0},"text":"跨团队同步周会","variant":"body"}, width={maxValue=116.568047, mode=1}, height={maxValue=nan, mode=0}
08-27 12:48:39.722 W/MeasurementBridge(29018): 12:48:39.721 [directMeasure@91] directMeasure start: type=Text, paramJson={"component":"Text","id":"root_c12_c1_c0","styles":{"background-color":"transparent","border-color":"#0000001A","border-radius":"0px","border-style":"solid","border-width":"0px","color":"#181818","filter":"none","font-family":"system","font-size":"28px","fontSize":14,"fontWeight":"bold","height":0.0,"line-clamp":1,"line-height":"40px","lines":1,"opacity":1,"text-align":"left","text-overflow":"ellipsis","visibility":"visible","width":0.0,"x":0.0,"y":0.0},"text":"跨团队同步周会","variant":"body"}, maxWidth=116.56805, widthMode=1, maxHeight=NaN, heightMode=0
08-27 12:48:39.725 W/MeasurementBridge(29018): 12:48:39.724 [directMeasure@108] directMeasure result: type=Text, result=MeasureResult{calcType=0, width=118.0, height=41.0, lineCount=1}
08-27 12:48:39.726 D/AGenUI  (29018): 12:48:39.725 [measure@235] [JNI] AndroidBridgeMeasurement.measure result: type=Text, result=MeasureResult{calcType=Sync, width=118.000000, height=41.000000, countOfLines=1}
08-27 12:48:39.728 D/AGenUI  (29018): 12:48:39.727 [measure@193] [JNI] AndroidBridgeMeasurement.measure start: type=Text, paramJson={"component":"Text","id":"root_c12_c1_c1","styles":{"background-color":"transparent","border-color":"#0000001A","border-radius":"0px","border-style":"solid","border-width":"0px","color":"#999999","filter":"none","font-family":"system","font-size":"28px","fontSize":12,"height":0.0,"line-clamp":1,"line-height":"40px","lines":1,"marginTop":2,"opacity":1,"text-align":"left","text-overflow":"ellipsis","visibility":"visible","width":0.0,"x":0.0,"y":0.0},"text":"15 人参会","variant":"body"}, width={maxValue=116.568047, mode=1}, height={maxValue=nan, mode=0}
08-27 12:48:39.729 W/MeasurementBridge(29018): 12:48:39.728 [directMeasure@91] directMeasure start: type=Text, paramJson={"component":"Text","id":"root_c12_c1_c1","styles":{"background-color":"transparent","border-color":"#0000001A","border-radius":"0px","border-style":"solid","border-width":"0px","color":"#999999","filter":"none","font-family":"system","font-size":"28px","fontSize":12,"height":0.0,"line-clamp":1,"line-height":"40px","lines":1,"marginTop":2,"opacity":1,"text-align":"left","text-overflow":"ellipsis","visibility":"visible","width":0.0,"x":0.0,"y":0.0},"text":"15 人参会","variant":"body"}, maxWidth=116.56805, widthMode=1, maxHeight=NaN, heightMode=0
08-27 12:48:39.732 W/MeasurementBridge(29018): 12:48:39.731 [directMeasure@108] directMeasure result: type=Text, result=MeasureResult{calcType=0, width=118.0, height=41.0, lineCount=1}
08-27 12:48:39.733 D/AGenUI  (29018): 12:48:39.732 [measure@235] [JNI] AndroidBridgeMeasurement.measure result: type=Text, result=MeasureResult{calcType=Sync, width=118.000000, height=41.000000, countOfLines=1}
08-27 12:48:39.735 D/AGenUI  (29018): 12:48:39.735 [measure@193] [JNI] AndroidBridgeMeasurement.measure start: type=Text, paramJson={"component":"Text","id":"root_c11_c2_c0","styles":{"background-color":"transparent","border-color":"#0000001A","border-radius":"0px","border-style":"solid","border-width":"0px","color":"#007DFF","filter":"none","font-family":"system","font-size":"28px","fontSize":11,"height":0.0,"line-clamp":1,"line-height":"40px","lines":1,"opacity":1,"text-align":"left","text-overflow":"ellipsis","visibility":"visible","width":0.0,"x":0.0,"y":0.0},"text":"待开始","variant":"body"}, width={maxValue=49.707603, mode=2}, height={maxValue=22.000000, mode=2}
08-27 12:48:39.737 W/MeasurementBridge(29018): 12:48:39.736 [directMeasure@91] directMeasure start: type=Text, paramJson={"component":"Text","id":"root_c11_c2_c0","styles":{"background-color":"transparent","border-color":"#0000001A","border-radius":"0px","border-style":"solid","border-width":"0px","color":"#007DFF","filter":"none","font-family":"system","font-size":"28px","fontSize":11,"height":0.0,"line-clamp":1,"line-height":"40px","lines":1,"opacity":1,"text-align":"left","text-overflow":"ellipsis","visibility":"visible","width":0.0,"x":0.0,"y":0.0},"text":"待开始","variant":"body"}, maxWidth=49.707603, widthMode=2, maxHeight=22.0, heightMode=2
08-27 12:48:39.739 W/MeasurementBridge(29018): 12:48:39.738 [directMeasure@108] directMeasure result: type=Text, result=MeasureResult{calcType=0, width=51.0, height=23.0, lineCount=1}
08-27 12:48:39.740 D/AGenUI  (29018): 12:48:39.739 [measure@235] [JNI] AndroidBridgeMeasurement.measure result: type=Text, result=MeasureResult{calcType=Sync, width=51.000000, height=23.000000, countOfLines=1}
08-27 12:48:39.742 D/AGenUI  (29018): 12:48:39.741 [measure@193] [JNI] AndroidBridgeMeasurement.measure start: type=Text, paramJson={"component":"Text","id":"root_c11_c2_c0","styles":{"background-color":"transparent","border-color":"#0000001A","border-radius":"0px","border-style":"solid","border-width":"0px","color":"#007DFF","filter":"none","font-family":"system","font-size":"28px","fontSize":11,"height":0.0,"line-clamp":1,"line-height":"40px","lines":1,"opacity":1,"text-align":"left","text-overflow":"ellipsis","visibility":"visible","width":0.0,"x":0.0,"y":0.0},"text":"待开始","variant":"body"}, width={maxValue=49.707603, mode=2}, height={maxValue=22.000000, mode=1}
08-27 12:48:39.743 W/MeasurementBridge(29018): 12:48:39.742 [directMeasure@91] directMeasure start: type=Text, paramJson={"component":"Text","id":"root_c11_c2_c0","styles":{"background-color":"transparent","border-color":"#0000001A","border-radius":"0px","border-style":"solid","border-width":"0px","color":"#007DFF","filter":"none","font-family":"system","font-size":"28px","fontSize":11,"height":0.0,"line-clamp":1,"line-height":"40px","lines":1,"opacity":1,"text-align":"left","text-overflow":"ellipsis","visibility":"visible","width":0.0,"x":0.0,"y":0.0},"text":"待开始","variant":"body"}, maxWidth=49.707603, widthMode=2, maxHeight=22.0, heightMode=1
08-27 12:48:39.745 W/MeasurementBridge(29018): 12:48:39.744 [directMeasure@108] directMeasure result: type=Text, result=MeasureResult{calcType=0, width=51.0, height=23.0, lineCount=1}
08-27 12:48:39.747 D/AGenUI  (29018): 12:48:39.746 [measure@235] [JNI] AndroidBridgeMeasurement.measure result: type=Text, result=MeasureResult{calcType=Sync, width=51.000000, height=23.000000, countOfLines=1}
08-27 12:48:39.749 D/AGenUI  (29018): 12:48:39.747 [measure@193] [JNI] AndroidBridgeMeasurement.measure start: type=Text, paramJson={"component":"Text","id":"root_c12_c2_c0","styles":{"background-color":"transparent","border-color":"#0000001A","border-radius":"0px","border-style":"solid","border-width":"0px","color":"#FF9500","filter":"none","font-family":"system","font-size":"28px","fontSize":11,"height":0.0,"line-clamp":1,"line-height":"40px","lines":1,"opacity":1,"text-align":"left","text-overflow":"ellipsis","visibility":"visible","width":0.0,"x":0.0,"y":0.0},"text":"进行中","variant":"body"}, width={maxValue=50.295856, mode=2}, height={maxValue=22.000000, mode=2}
08-27 12:48:39.751 W/MeasurementBridge(29018): 12:48:39.750 [directMeasure@91] directMeasure start: type=Text, paramJson={"component":"Text","id":"root_c12_c2_c0","styles":{"background-color":"transparent","border-color":"#0000001A","border-radius":"0px","border-style":"solid","border-width":"0px","color":"#FF9500","filter":"none","font-family":"system","font-size":"28px","fontSize":11,"height":0.0,"line-clamp":1,"line-height":"40px","lines":1,"opacity":1,"text-align":"left","text-overflow":"ellipsis","visibility":"visible","width":0.0,"x":0.0,"y":0.0},"text":"进行中","variant":"body"}, maxWidth=50.295856, widthMode=2, maxHeight=22.0, heightMode=2
08-27 12:48:39.753 W/MeasurementBridge(29018): 12:48:39.752 [directMeasure@108] directMeasure result: type=Text, result=MeasureResult{calcType=0, width=51.0, height=23.0, lineCount=1}
08-27 12:48:39.754 D/AGenUI  (29018): 12:48:39.754 [measure@235] [JNI] AndroidBridgeMeasurement.measure result: type=Text, result=MeasureResult{calcType=Sync, width=51.000000, height=23.000000, countOfLines=1}
08-27 12:48:39.756 D/AGenUI  (29018): 12:48:39.755 [measure@193] [JNI] AndroidBridgeMeasurement.measure start: type=Text, paramJson={"component":"Text","id":"root_c12_c2_c0","styles":{"background-color":"transparent","border-color":"#0000001A","border-radius":"0px","border-style":"solid","border-width":"0px","color":"#FF9500","filter":"none","font-family":"system","font-size":"28px","fontSize":11,"height":0.0,"line-clamp":1,"line-height":"40px","lines":1,"opacity":1,"text-align":"left","text-overflow":"ellipsis","visibility":"visible","width":0.0,"x":0.0,"y":0.0},"text":"进行中","variant":"body"}, width={maxValue=50.295856, mode=2}, height={maxValue=22.000000, mode=1}
08-27 12:48:39.757 W/MeasurementBridge(29018): 12:48:39.756 [directMeasure@91] directMeasure start: type=Text, paramJson={"component":"Text","id":"root_c12_c2_c0","styles":{"background-color":"transparent","border-color":"#0000001A","border-radius":"0px","border-style":"solid","border-width":"0px","color":"#FF9500","filter":"none","font-family":"system","font-size":"28px","fontSize":11,"height":0.0,"line-clamp":1,"line-height":"40px","lines":1,"opacity":1,"text-align":"left","text-overflow":"ellipsis","visibility":"visible","width":0.0,"x":0.0,"y":0.0},"text":"进行中","variant":"body"}, maxWidth=50.295856, widthMode=2, maxHeight=22.0, heightMode=1
08-27 12:48:39.760 W/MeasurementBridge(29018): 12:48:39.759 [directMeasure@108] directMeasure result: type=Text, result=MeasureResult{calcType=0, width=51.0, height=23.0, lineCount=1}
08-27 12:48:39.761 D/AGenUI  (29018): 12:48:39.760 [measure@235] [JNI] AndroidBridgeMeasurement.measure result: type=Text, result=MeasureResult{calcType=Sync, width=51.000000, height=23.000000, countOfLines=1}
08-27 12:48:39.762 D/AGenUI  (29018): 12:48:39.761 [logYogaLayoutInfo@277] [layout] id=root type=Card parent= xywh=(0.0,0.0,200.0,386.0) flex=(0.0,1.0) child=1 aspect=nan measure=0
08-27 12:48:39.763 D/AGenUI  (29018): 12:48:39.763 [onNodeAdded@298] onNodeAdded: {"children":["root_c0"],"component":"Card","id":"root","styles":{"align-content":"stretch","align-items":"stretch","align-self":"auto","background-color":"transparent","backgroundColor":"#FFFFFF","border-color":"#0000001A","border-radius":"16px","border-style":"solid","border-width":"0px","borderRadius":16,"elevation":2,"filter":"none","flex-direction":"column","flex-grow":0,"flex-shrink":1,"flex-wrap":"nowrap","height":386.0,"justify-content":"flex-start","opacity":1,"visibility":"visible","width":200.0,"x":0.0,"y":0.0}}, parentId:
08-27 12:48:39.764 D/AGenUI  (29018): 12:48:39.764 [logYogaLayoutInfo@277] [layout] id=root_c0 type=Column parent=root xywh=(0.0,0.0,200.0,386.0) flex=(0.0,1.0) child=8 aspect=nan measure=0
08-27 12:48:39.766 D/AGenUI  (29018): 12:48:39.765 [onNodeAdded@298] onNodeAdded: {"children":["root_c0_c0","root_c0_c1","root_c0_c2","root_c0_c3","root_c0_c4","root_c10","root_c11","root_c12"],"component":"Column","id":"root_c0","styles":{"align-content":"stretch","align-items":"stretch","align-self":"auto","background-color":"transparent","border-color":"#0000001A","border-radius":"0px","border-style":"solid","border-width":"0px","filter":"none","flex-direction":"column","flex-grow":0,"flex-shrink":1,"flex-wrap":"nowrap","height":386.0,"justify-content":"flex-start","opacity":1,"visibility":"visible","width":200.0,"x":0.0,"y":0.0}}, parentId:root
08-27 12:48:39.767 D/AGenUI  (29018): 12:48:39.766 [logYogaLayoutInfo@277] [layout] id=root_c0_c0 type=Row parent=root_c0 xywh=(0.0,0.0,200.0,41.0) flex=(0.0,1.0) child=2 aspect=nan measure=0
08-27 12:48:39.769 D/AGenUI  (29018): 12:48:39.768 [onNodeAdded@298] onNodeAdded: {"children":["root_c0_c0_c0","root_c0_c0_c1"],"component":"Row","id":"root_c0_c0","styles":{"align-content":"stretch","align-items":"stretch","align-self":"auto","background-color":"transparent","border-color":"#0000001A","border-radius":"0px","border-style":"solid","border-width":"0px","filter":"none","flex-direction":"column","flex-grow":0,"flex-shrink":1,"flex-wrap":"nowrap","height":41.0,"justify-content":"flex-start","opacity":1,"paddingBottom":8,"paddingLeft":16,"paddingRight":16,"paddingTop":16,"visibility":"visible","width":200.0,"x":0.0,"y":0.0}}, parentId:root_c0
08-27 12:48:39.770 D/AGenUI  (29018): 12:48:39.769 [logYogaLayoutInfo@277] [layout] id=root_c0_c0_c0 type=Text parent=root_c0_c0 xywh=(0.0,0.0,102.0,41.0) flex=(0.0,1.0) child=0 aspect=nan measure=1
08-27 12:48:39.771 D/AGenUI  (29018): 12:48:39.771 [onNodeAdded@298] onNodeAdded: {"component":"Text","id":"root_c0_c0_c0","styles":{"align-content":"stretch","align-items":"stretch","align-self":"auto","background-color":"transparent","border-color":"#0000001A","border-radius":"0px","border-style":"solid","border-width":"0px","color":"#181818","filter":"none","flex-direction":"column","flex-grow":0,"flex-shrink":1,"flex-wrap":"nowrap","font-family":"system","font-size":"28px","fontSize":18,"fontWeight":"bold","height":41.0,"justify-content":"flex-start","line-clamp":1,"line-height":"40px","lines":1,"opacity":1,"text-align":"left","text-overflow":"ellipsis","visibility":"visible","width":102.0,"x":0.0,"y":0.0},"text":"今日议程","variant":"body"}, parentId:root_c0_c0
08-27 12:48:39.772 D/AGenUI  (29018): 12:48:39.772 [logYogaLayoutInfo@277] [layout] id=root_c0_c0_c1 type=Text parent=root_c0_c0 xywh=(101.0,0.0,99.0,41.0) flex=(0.0,1.0) child=0 aspect=nan measure=1
08-27 12:48:39.774 D/AGenUI  (29018): 12:48:39.773 [onNodeAdded@298] onNodeAdded: {"component":"Text","id":"root_c0_c0_c1","styles":{"align-content":"stretch","align-items":"stretch","align-self":"auto","background-color":"transparent","border-color":"#0000001A","border-radius":"0px","border-style":"solid","border-width":"0px","color":"#666666","filter":"none","flex-direction":"column","flex-grow":0,"flex-shrink":1,"flex-wrap":"nowrap","font-family":"system","font-size":"28px","fontSize":14,"height":41.0,"justify-content":"flex-start","line-clamp":1,"line-height":"40px","lines":1,"marginLeft":8,"opacity":1,"text-align":"left","text-overflow":"ellipsis","visibility":"visible","width":99.0,"x":101.0,"y":0.0},"text":"3 场会议","variant":"body"}, parentId:root_c0_c0
08-27 12:48:39.775 D/AGenUI  (29018): 12:48:39.774 [logYogaLayoutInfo@277] [layout] id=root_c0_c1 type=Container parent=root_c0 xywh=(0.0,41.0,200.0,41.0) flex=(0.0,1.0) child=1 aspect=nan measure=0
08-27 12:48:39.776 D/AGenUI  (29018): 12:48:39.776 [onNodeAdded@298] onNodeAdded: {"children":["root_c0_c1_c0"],"component":"Container","id":"root_c0_c1","styles":{"align-content":"stretch","align-items":"stretch","align-self":"auto","background-color":"transparent","backgroundColor":"#E8F3FF","border-color":"#0000001A","border-radius":"0px","border-style":"solid","border-width":"0px","borderRadius":8,"filter":"none","flex-direction":"column","flex-grow":0,"flex-shrink":1,"flex-wrap":"nowrap","height":41.0,"justify-content":"flex-start","marginLeft":16,"marginRight":16,"opacity":1,"paddingBottom":8,"paddingLeft":12,"paddingRight":12,"paddingTop":8,"visibility":"visible","width":200.0,"x":0.0,"y":41.0}}, parentId:root_c0
08-27 12:48:39.777 D/AGenUI  (29018): 12:48:39.777 [logYogaLayoutInfo@277] [layout] id=root_c0_c1_c0 type=Row parent=root_c0_c1 xywh=(0.0,0.0,200.0,41.0) flex=(0.0,1.0) child=2 aspect=nan measure=0
08-27 12:48:39.779 D/AGenUI  (29018): 12:48:39.778 [onNodeAdded@298] onNodeAdded: {"children":["root_c0_c1_c0_c0","root_c0_c1_c0_c1"],"component":"Row","id":"root_c0_c1_c0","styles":{"align-content":"stretch","align-items":"stretch","align-self":"auto","background-color":"transparent","border-color":"#0000001A","border-radius":"0px","border-style":"solid","border-width":"0px","filter":"none","flex-direction":"column","flex-grow":0,"flex-shrink":1,"flex-wrap":"nowrap","height":41.0,"justify-content":"flex-start","opacity":1,"visibility":"visible","width":200.0,"x":0.0,"y":0.0}}, parentId:root_c0_c1
08-27 12:48:39.780 D/AGenUI  (29018): 12:48:39.779 [logYogaLayoutInfo@277] [layout] id=root_c0_c1_c0_c0 type=Text parent=root_c0_c1_c0 xywh=(0.0,0.0,71.0,41.0) flex=(0.0,1.0) child=0 aspect=nan measure=1
08-27 12:48:39.782 D/AGenUI  (29018): 12:48:39.781 [onNodeAdded@298] onNodeAdded: {"component":"Text","id":"root_c0_c1_c0_c0","styles":{"align-content":"stretch","align-items":"stretch","align-self":"auto","background-color":"transparent","border-color":"#0000001A","border-radius":"0px","border-style":"solid","border-width":"0px","color":"#007DFF","filter":"none","flex-direction":"column","flex-grow":0,"flex-shrink":1,"flex-wrap":"nowrap","font-family":"system","font-size":"28px","fontSize":14,"fontWeight":"bold","height":41.0,"justify-content":"flex-start","line-clamp":1,"line-height":"40px","lines":1,"opacity":1,"text-align":"left","text-overflow":"ellipsis","visibility":"visible","width":71.0,"x":0.0,"y":0.0},"text":"09:00","variant":"body"}, parentId:root_c0_c1_c0
08-27 12:48:39.784 D/AGenUI  (29018): 12:48:39.783 [logYogaLayoutInfo@277] [layout] id=root_c0_c1_c0_c1 type=Text parent=root_c0_c1_c0 xywh=(71.0,0.0,113.0,41.0) flex=(0.0,1.0) child=0 aspect=nan measure=1
08-27 12:48:39.785 D/AGenUI  (29018): 12:48:39.784 [onNodeAdded@298] onNodeAdded: {"component":"Text","id":"root_c0_c1_c0_c1","styles":{"align-content":"stretch","align-items":"stretch","align-self":"auto","background-color":"transparent","border-color":"#0000001A","border-radius":"0px","border-style":"solid","border-width":"0px","color":"#181818","filter":"none","flex-direction":"column","flex-grow":0,"flex-shrink":1,"flex-wrap":"nowrap","font-family":"system","font-size":"28px","fontSize":14,"height":41.0,"justify-content":"flex-start","line-clamp":1,"line-height":"40px","lines":1,"marginLeft":12,"opacity":1,"text-align":"left","text-overflow":"ellipsis","visibility":"visible","width":113.0,"x":71.0,"y":0.0},"text":"产品周会","variant":"body"}, parentId:root_c0_c1_c0
08-27 12:48:39.786 D/AGenUI  (29018): 12:48:39.786 [logYogaLayoutInfo@277] [layout] id=root_c0_c2 type=Row parent=root_c0 xywh=(0.0,82.0,200.0,41.0) flex=(0.0,1.0) child=2 aspect=nan measure=0
08-27 12:48:39.788 D/AGenUI  (29018): 12:48:39.787 [onNodeAdded@298] onNodeAdded: {"children":["root_c0_c2_c0","root_c0_c2_c1"],"component":"Row","id":"root_c0_c2","styles":{"align-content":"stretch","align-items":"stretch","align-self":"auto","background-color":"transparent","border-color":"#0000001A","border-radius":"0px","border-style":"solid","border-width":"0px","filter":"none","flex-direction":"column","flex-grow":0,"flex-shrink":1,"flex-wrap":"nowrap","height":41.0,"justify-content":"flex-start","opacity":1,"paddingBottom":8,"paddingLeft":16,"paddingRight":16,"paddingTop":8,"visibility":"visible","width":200.0,"x":0.0,"y":82.0}}, parentId:root_c0
08-27 12:48:39.789 D/AGenUI  (29018): 12:48:39.788 [logYogaLayoutInfo@277] [layout] id=root_c0_c2_c0 type=Text parent=root_c0_c2 xywh=(0.0,0.0,71.0,41.0) flex=(0.0,1.0) child=0 aspect=nan measure=1
08-27 12:48:39.791 D/AGenUI  (29018): 12:48:39.790 [onNodeAdded@298] onNodeAdded: {"component":"Text","id":"root_c0_c2_c0","styles":{"align-content":"stretch","align-items":"stretch","align-self":"auto","background-color":"transparent","border-color":"#0000001A","border-radius":"0px","border-style":"solid","border-width":"0px","color":"#007DFF","filter":"none","flex-direction":"column","flex-grow":0,"flex-shrink":1,"flex-wrap":"nowrap","font-family":"system","font-size":"28px","fontSize":14,"fontWeight":"bold","height":41.0,"justify-content":"flex-start","line-clamp":1,"line-height":"40px","lines":1,"opacity":1,"text-align":"left","text-overflow":"ellipsis","visibility":"visible","width":71.0,"x":0.0,"y":0.0},"text":"11:00","variant":"body"}, parentId:root_c0_c2
08-27 12:48:39.792 D/AGenUI  (29018): 12:48:39.791 [logYogaLayoutInfo@277] [layout] id=root_c0_c2_c1 type=Text parent=root_c0_c2 xywh=(71.0,0.0,113.0,41.0) flex=(0.0,1.0) child=0 aspect=nan measure=1
08-27 12:48:39.793 D/AGenUI  (29018): 12:48:39.792 [onNodeAdded@298] onNodeAdded: {"component":"Text","id":"root_c0_c2_c1","styles":{"align-content":"stretch","align-items":"stretch","align-self":"auto","background-color":"transparent","border-color":"#0000001A","border-radius":"0px","border-style":"solid","border-width":"0px","color":"#181818","filter":"none","flex-direction":"column","flex-grow":0,"flex-shrink":1,"flex-wrap":"nowrap","font-family":"system","font-size":"28px","fontSize":14,"height":41.0,"justify-content":"flex-start","line-clamp":1,"line-height":"40px","lines":1,"marginLeft":12,"opacity":1,"text-align":"left","text-overflow":"ellipsis","visibility":"visible","width":113.0,"x":71.0,"y":0.0},"text":"设计评审","variant":"body"}, parentId:root_c0_c2
08-27 12:48:39.794 D/AGenUI  (29018): 12:48:39.794 [logYogaLayoutInfo@277] [layout] id=root_c0_c3 type=Divider parent=root_c0 xywh=(0.0,131.0,200.0,1.0) flex=(0.0,1.0) child=0 aspect=nan measure=0
08-27 12:48:39.796 D/AGenUI  (29018): 12:48:39.795 [onNodeAdded@298] onNodeAdded: {"axis":"horizontal","component":"Divider","id":"root_c0_c3","styles":{"align-content":"stretch","align-items":"stretch","align-self":"auto","background-color":"#0000000F","backgroundColor":"#E8EAED","border-color":"#0000001A","border-radius":"0px","border-style":"solid","border-width":"0px","filter":"none","flex-direction":"column","flex-grow":0,"flex-shrink":1,"flex-wrap":"nowrap","height":1.0,"justify-content":"flex-start","margin-bottom":"8px","margin-top":"8px","marginLeft":16,"marginRight":16,"opacity":1,"visibility":"visible","width":200.0,"x":0.0,"y":131.0}}, parentId:root_c0
08-27 12:48:39.797 D/AGenUI  (29018): 12:48:39.796 [logYogaLayoutInfo@277] [layout] id=root_c0_c4 type=Row parent=root_c0 xywh=(0.0,140.0,200.0,41.0) flex=(0.0,1.0) child=2 aspect=nan measure=0
08-27 12:48:39.798 D/AGenUI  (29018): 12:48:39.798 [onNodeAdded@298] onNodeAdded: {"children":["root_c0_c4_c0","root_c0_c4_c1"],"component":"Row","id":"root_c0_c4","styles":{"align-content":"stretch","align-items":"stretch","align-self":"auto","background-color":"transparent","border-color":"#0000001A","border-radius":"0px","border-style":"solid","border-width":"0px","filter":"none","flex-direction":"column","flex-grow":0,"flex-shrink":1,"flex-wrap":"nowrap","height":41.0,"justify-content":"flex-start","opacity":1,"paddingBottom":8,"paddingLeft":16,"paddingRight":16,"paddingTop":8,"visibility":"visible","width":200.0,"x":0.0,"y":140.0}}, parentId:root_c0
08-27 12:48:39.799 D/AGenUI  (29018): 12:48:39.799 [logYogaLayoutInfo@277] [layout] id=root_c0_c4_c0 type=Text parent=root_c0_c4 xywh=(0.0,0.0,67.0,41.0) flex=(0.0,1.0) child=0 aspect=nan measure=1
08-27 12:48:39.801 D/AGenUI  (29018): 12:48:39.800 [onNodeAdded@298] onNodeAdded: {"component":"Text","id":"root_c0_c4_c0","styles":{"align-content":"stretch","align-items":"stretch","align-self":"auto","background-color":"transparent","border-color":"#0000001A","border-radius":"0px","border-style":"solid","border-width":"0px","color":"#007DFF","filter":"none","flex-direction":"column","flex-grow":0,"flex-shrink":1,"flex-wrap":"nowrap","font-family":"system","font-size":"28px","fontSize":14,"fontWeight":"bold","height":41.0,"justify-content":"flex-start","line-clamp":1,"line-height":"40px","lines":1,"opacity":1,"text-align":"left","text-overflow":"ellipsis","visibility":"visible","width":67.0,"x":0.0,"y":0.0},"text":"14:00","variant":"body"}, parentId:root_c0_c4
08-27 12:48:39.802 D/AGenUI  (29018): 12:48:39.801 [logYogaLayoutInfo@277] [layout] id=root_c0_c4_c1 type=Text parent=root_c0_c4 xywh=(66.0,0.0,134.0,41.0) flex=(0.0,1.0) child=0 aspect=nan measure=1
08-27 12:48:39.803 D/AGenUI  (29018): 12:48:39.803 [onNodeAdded@298] onNodeAdded: {"component":"Text","id":"root_c0_c4_c1","styles":{"align-content":"stretch","align-items":"stretch","align-self":"auto","background-color":"transparent","border-color":"#0000001A","border-radius":"0px","border-style":"solid","border-width":"0px","color":"#181818","filter":"none","flex-direction":"column","flex-grow":0,"flex-shrink":1,"flex-wrap":"nowrap","font-family":"system","font-size":"28px","fontSize":14,"height":41.0,"justify-content":"flex-start","line-clamp":1,"line-height":"40px","lines":1,"marginLeft":12,"opacity":1,"text-align":"left","text-overflow":"ellipsis","visibility":"visible","width":134.0,"x":66.0,"y":0.0},"text":"技术分享会","variant":"body"}, parentId:root_c0_c4
08-27 12:48:39.804 D/AGenUI  (29018): 12:48:39.804 [logYogaLayoutInfo@277] [layout] id=root_c10 type=Container parent=root_c0 xywh=(0.0,181.0,200.0,41.0) flex=(0.0,1.0) child=1 aspect=nan measure=0
08-27 12:48:39.806 D/AGenUI  (29018): 12:48:39.805 [onNodeAdded@298] onNodeAdded: {"children":["root_c10_c0"],"component":"Container","id":"root_c10","styles":{"align-content":"stretch","align-items":"stretch","align-self":"auto","background-color":"transparent","backgroundColor":"#F5F7FA","border-color":"#0000001A","border-radius":"0px","border-style":"solid","border-width":"0px","borderRadius":8,"filter":"none","flex-direction":"column","flex-grow":0,"flex-shrink":1,"flex-wrap":"nowrap","height":41.0,"justify-content":"flex-start","marginLeft":16,"marginRight":16,"marginTop":4,"opacity":1,"paddingBottom":10,"paddingLeft":12,"paddingRight":12,"paddingTop":10,"visibility":"visible","width":200.0,"x":0.0,"y":181.0}}, parentId:root_c0
08-27 12:48:39.807 D/AGenUI  (29018): 12:48:39.806 [logYogaLayoutInfo@277] [layout] id=root_c10_c0 type=Text parent=root_c10 xywh=(0.0,0.0,200.0,41.0) flex=(0.0,1.0) child=0 aspect=nan measure=1
08-27 12:48:39.808 D/AGenUI  (29018): 12:48:39.808 [onNodeAdded@298] onNodeAdded: {"component":"Text","id":"root_c10_c0","styles":{"align-content":"stretch","align-items":"stretch","align-self":"auto","background-color":"transparent","border-color":"#0000001A","border-radius":"0px","border-style":"solid","border-width":"0px","color":"#666666","filter":"none","flex-direction":"column","flex-grow":0,"flex-shrink":1,"flex-wrap":"nowrap","font-family":"system","font-size":"28px","fontSize":13,"fontWeight":"bold","height":41.0,"justify-content":"flex-start","line-clamp":1,"line-height":"40px","lines":1,"opacity":1,"text-align":"left","text-overflow":"ellipsis","visibility":"visible","width":200.0,"x":0.0,"y":0.0},"text":"本周会议","variant":"body"}, parentId:root_c10
08-27 12:48:39.809 D/AGenUI  (29018): 12:48:39.809 [logYogaLayoutInfo@277] [layout] id=root_c11 type=Row parent=root_c0 xywh=(0.0,222.0,200.0,82.0) flex=(0.0,1.0) child=3 aspect=nan measure=0
08-27 12:48:39.811 D/AGenUI  (29018): 12:48:39.810 [onNodeAdded@298] onNodeAdded: {"children":["root_c11_c0","root_c11_c1","root_c11_c2"],"component":"Row","id":"root_c11","styles":{"align-content":"stretch","align-items":"stretch","align-self":"auto","background-color":"transparent","border-color":"#0000001A","border-radius":"0px","border-style":"solid","border-width":"0px","filter":"none","flex-direction":"column","flex-grow":0,"flex-shrink":1,"flex-wrap":"nowrap","height":82.0,"justify-content":"flex-start","opacity":1,"paddingBottom":10,"paddingLeft":16,"paddingRight":16,"paddingTop":10,"visibility":"visible","width":200.0,"x":0.0,"y":222.0}}, parentId:root_c0
08-27 12:48:39.812 D/AGenUI  (29018): 12:48:39.811 [logYogaLayoutInfo@277] [layout] id=root_c11_c0 type=Column parent=root_c11 xywh=(0.0,0.0,33.0,82.0) flex=(0.0,1.0) child=2 aspect=nan measure=0
08-27 12:48:39.814 D/AGenUI  (29018): 12:48:39.813 [onNodeAdded@298] onNodeAdded: {"children":["root_c11_c0_c0","root_c11_c0_c1"],"component":"Column","id":"root_c11_c0","styles":{"align-content":"stretch","align-items":"stretch","align-self":"auto","background-color":"transparent","border-color":"#0000001A","border-radius":"0px","border-style":"solid","border-width":"0px","filter":"none","flex-direction":"column","flex-grow":0,"flex-shrink":1,"flex-wrap":"nowrap","height":82.0,"justify-content":"flex-start","opacity":1,"visibility":"visible","width":33.0,"x":0.0,"y":0.0}}, parentId:root_c11
08-27 12:48:39.815 D/AGenUI  (29018): 12:48:39.814 [logYogaLayoutInfo@277] [layout] id=root_c11_c0_c0 type=Text parent=root_c11_c0 xywh=(-1.0,0.0,34.0,41.0) flex=(0.0,1.0) child=0 aspect=nan measure=1
08-27 12:48:39.817 D/AGenUI  (29018): 12:48:39.816 [onNodeAdded@298] onNodeAdded: {"component":"Text","id":"root_c11_c0_c0","styles":{"align-content":"stretch","align-items":"stretch","align-self":"auto","background-color":"transparent","border-color":"#0000001A","border-radius":"0px","border-style":"solid","border-width":"0px","color":"#999999","filter":"none","flex-direction":"column","flex-grow":0,"flex-shrink":1,"flex-wrap":"nowrap","font-family":"system","font-size":"28px","fontSize":11,"height":41.0,"justify-content":"flex-start","line-clamp":1,"line-height":"40px","lines":1,"opacity":1,"text-align":"left","text-overflow":"ellipsis","visibility":"visible","width":34.0,"x":-1.0,"y":0.0},"text":"周一","variant":"body"}, parentId:root_c11_c0
08-27 12:48:39.818 D/AGenUI  (29018): 12:48:39.817 [logYogaLayoutInfo@277] [layout] id=root_c11_c0_c1 type=Text parent=root_c11_c0 xywh=(-1.0,41.0,34.0,41.0) flex=(0.0,1.0) child=0 aspect=nan measure=1
08-27 12:48:39.820 D/AGenUI  (29018): 12:48:39.819 [onNodeAdded@298] onNodeAdded: {"component":"Text","id":"root_c11_c0_c1","styles":{"align-content":"stretch","align-items":"stretch","align-self":"auto","background-color":"transparent","border-color":"#0000001A","border-radius":"0px","border-style":"solid","border-width":"0px","color":"#181818","filter":"none","flex-direction":"column","flex-grow":0,"flex-shrink":1,"flex-wrap":"nowrap","font-family":"system","font-size":"28px","fontSize":14,"fontWeight":"bold","height":41.0,"justify-content":"flex-start","line-clamp":1,"line-height":"40px","lines":1,"marginTop":2,"opacity":1,"text-align":"left","text-overflow":"ellipsis","visibility":"visible","width":34.0,"x":-1.0,"y":41.0},"text":"09:30","variant":"body"}, parentId:root_c11_c0
08-27 12:48:39.821 D/AGenUI  (29018): 12:48:39.820 [logYogaLayoutInfo@277] [layout] id=root_c11_c1 type=Column parent=root_c11 xywh=(33.0,0.0,117.0,82.0) flex=(0.0,1.0) child=2 aspect=nan measure=0
08-27 12:48:39.822 D/AGenUI  (29018): 12:48:39.822 [onNodeAdded@298] onNodeAdded: {"children":["root_c11_c1_c0","root_c11_c1_c1"],"component":"Column","id":"root_c11_c1","styles":{"align-content":"stretch","align-items":"stretch","align-self":"auto","background-color":"transparent","border-color":"#0000001A","border-radius":"0px","border-style":"solid","border-width":"0px","filter":"none","flex":1,"flex-direction":"column","flex-grow":0,"flex-shrink":1,"flex-wrap":"nowrap","height":82.0,"justify-content":"flex-start","marginLeft":12,"opacity":1,"visibility":"visible","width":117.0,"x":33.0,"y":0.0}}, parentId:root_c11
08-27 12:48:39.823 D/AGenUI  (29018): 12:48:39.823 [logYogaLayoutInfo@277] [layout] id=root_c11_c1_c0 type=Text parent=root_c11_c1 xywh=(0.0,0.0,119.0,41.0) flex=(0.0,1.0) child=0 aspect=nan measure=1
08-27 12:48:39.825 D/AGenUI  (29018): 12:48:39.824 [onNodeAdded@298] onNodeAdded: {"component":"Text","id":"root_c11_c1_c0","styles":{"align-content":"stretch","align-items":"stretch","align-self":"auto","background-color":"transparent","border-color":"#0000001A","border-radius":"0px","border-style":"solid","border-width":"0px","color":"#181818","filter":"none","flex-direction":"column","flex-grow":0,"flex-shrink":1,"flex-wrap":"nowrap","font-family":"system","font-size":"28px","fontSize":14,"fontWeight":"bold","height":41.0,"justify-content":"flex-start","line-clamp":1,"line-height":"40px","lines":1,"opacity":1,"text-align":"left","text-overflow":"ellipsis","visibility":"visible","width":119.0,"x":0.0,"y":0.0},"text":"Q3 季度规划评审","variant":"body"}, parentId:root_c11_c1
08-27 12:48:39.826 D/AGenUI  (29018): 12:48:39.825 [logYogaLayoutInfo@277] [layout] id=root_c11_c1_c1 type=Text parent=root_c11_c1 xywh=(0.0,41.0,119.0,41.0) flex=(0.0,1.0) child=0 aspect=nan measure=1
08-27 12:48:39.828 D/AGenUI  (29018): 12:48:39.827 [onNodeAdded@298] onNodeAdded: {"component":"Text","id":"root_c11_c1_c1","styles":{"align-content":"stretch","align-items":"stretch","align-self":"auto","background-color":"transparent","border-color":"#0000001A","border-radius":"0px","border-style":"solid","border-width":"0px","color":"#999999","filter":"none","flex-direction":"column","flex-grow":0,"flex-shrink":1,"flex-wrap":"nowrap","font-family":"system","font-size":"28px","fontSize":12,"height":41.0,"justify-content":"flex-start","line-clamp":1,"line-height":"40px","lines":1,"marginTop":2,"opacity":1,"text-align":"left","text-overflow":"ellipsis","visibility":"visible","width":119.0,"x":0.0,"y":41.0},"text":"8 人参会","variant":"body"}, parentId:root_c11_c1
08-27 12:48:39.829 D/AGenUI  (29018): 12:48:39.828 [logYogaLayoutInfo@277] [layout] id=root_c11_c2 type=Container parent=root_c11 xywh=(150.0,30.0,50.0,22.0) flex=(0.0,1.0) child=1 aspect=nan measure=0
08-27 12:48:39.830 D/AGenUI  (29018): 12:48:39.829 [onNodeAdded@298] onNodeAdded: {"children":["root_c11_c2_c0"],"component":"Container","id":"root_c11_c2","styles":{"align-content":"stretch","align-items":"stretch","align-self":"auto","background-color":"transparent","backgroundColor":"#E8F3FF","border-color":"#0000001A","border-radius":"0px","border-style":"solid","border-width":"0px","borderRadius":11,"filter":"none","flex-direction":"column","flex-grow":0,"flex-shrink":1,"flex-wrap":"nowrap","height":22.0,"justify-content":"flex-start","opacity":1,"paddingLeft":8,"paddingRight":8,"visibility":"visible","width":50.0,"x":150.0,"y":30.0}}, parentId:root_c11
08-27 12:48:39.831 D/AGenUI  (29018): 12:48:39.831 [logYogaLayoutInfo@277] [layout] id=root_c11_c2_c0 type=Text parent=root_c11_c2 xywh=(-1.0,0.0,51.0,22.0) flex=(0.0,1.0) child=0 aspect=nan measure=1
08-27 12:48:39.833 D/AGenUI  (29018): 12:48:39.832 [onNodeAdded@298] onNodeAdded: {"component":"Text","id":"root_c11_c2_c0","styles":{"align-content":"stretch","align-items":"stretch","align-self":"auto","background-color":"transparent","border-color":"#0000001A","border-radius":"0px","border-style":"solid","border-width":"0px","color":"#007DFF","filter":"none","flex-direction":"column","flex-grow":0,"flex-shrink":1,"flex-wrap":"nowrap","font-family":"system","font-size":"28px","fontSize":11,"height":22.0,"justify-content":"flex-start","line-clamp":1,"line-height":"40px","lines":1,"opacity":1,"text-align":"left","text-overflow":"ellipsis","visibility":"visible","width":51.0,"x":-1.0,"y":0.0},"text":"待开始","variant":"body"}, parentId:root_c11_c2
08-27 12:48:39.834 D/AGenUI  (29018): 12:48:39.833 [logYogaLayoutInfo@277] [layout] id=root_c12 type=Row parent=root_c0 xywh=(0.0,304.0,200.0,82.0) flex=(0.0,1.0) child=3 aspect=nan measure=0
08-27 12:48:39.836 D/AGenUI  (29018): 12:48:39.835 [onNodeAdded@298] onNodeAdded: {"children":["root_c12_c0","root_c12_c1","root_c12_c2"],"component":"Row","id":"root_c12","styles":{"align-content":"stretch","align-items":"stretch","align-self":"auto","background-color":"transparent","border-color":"#0000001A","border-radius":"0px","border-style":"solid","border-width":"0px","filter":"none","flex-direction":"column","flex-grow":0,"flex-shrink":1,"flex-wrap":"nowrap","height":82.0,"justify-content":"flex-start","opacity":1,"paddingBottom":16,"paddingLeft":16,"paddingRight":16,"paddingTop":10,"visibility":"visible","width":200.0,"x":0.0,"y":304.0}}, parentId:root_c0
08-27 12:48:39.837 D/AGenUI  (29018): 12:48:39.836 [logYogaLayoutInfo@277] [layout] id=root_c12_c0 type=Column parent=root_c12 xywh=(0.0,0.0,33.0,82.0) flex=(0.0,1.0) child=2 aspect=nan measure=0
08-27 12:48:39.838 D/AGenUI  (29018): 12:48:39.837 [onNodeAdded@298] onNodeAdded: {"children":["root_c12_c0_c0","root_c12_c0_c1"],"component":"Column","id":"root_c12_c0","styles":{"align-content":"stretch","align-items":"stretch","align-self":"auto","background-color":"transparent","border-color":"#0000001A","border-radius":"0px","border-style":"solid","border-width":"0px","filter":"none","flex-direction":"column","flex-grow":0,"flex-shrink":1,"flex-wrap":"nowrap","height":82.0,"justify-content":"flex-start","opacity":1,"visibility":"visible","width":33.0,"x":0.0,"y":0.0}}, parentId:root_c12
08-27 12:48:39.839 D/AGenUI  (29018): 12:48:39.839 [logYogaLayoutInfo@277] [layout] id=root_c12_c0_c0 type=Text parent=root_c12_c0 xywh=(-1.0,0.0,35.0,41.0) flex=(0.0,1.0) child=0 aspect=nan measure=1
08-27 12:48:39.841 D/AGenUI  (29018): 12:48:39.840 [onNodeAdded@298] onNodeAdded: {"component":"Text","id":"root_c12_c0_c0","styles":{"align-content":"stretch","align-items":"stretch","align-self":"auto","background-color":"transparent","border-color":"#0000001A","border-radius":"0px","border-style":"solid","border-width":"0px","color":"#999999","filter":"none","flex-direction":"column","flex-grow":0,"flex-shrink":1,"flex-wrap":"nowrap","font-family":"system","font-size":"28px","fontSize":11,"height":41.0,"justify-content":"flex-start","line-clamp":1,"line-height":"40px","lines":1,"opacity":1,"text-align":"left","text-overflow":"ellipsis","visibility":"visible","width":35.0,"x":-1.0,"y":0.0},"text":"周三","variant":"body"}, parentId:root_c12_c0
08-27 12:48:39.842 D/AGenUI  (29018): 12:48:39.841 [logYogaLayoutInfo@277] [layout] id=root_c12_c0_c1 type=Text parent=root_c12_c0 xywh=(-1.0,41.0,35.0,41.0) flex=(0.0,1.0) child=0 aspect=nan measure=1
08-27 12:48:39.843 D/AGenUI  (29018): 12:48:39.843 [onNodeAdded@298] onNodeAdded: {"component":"Text","id":"root_c12_c0_c1","styles":{"align-content":"stretch","align-items":"stretch","align-self":"auto","background-color":"transparent","border-color":"#0000001A","border-radius":"0px","border-style":"solid","border-width":"0px","color":"#181818","filter":"none","flex-direction":"column","flex-grow":0,"flex-shrink":1,"flex-wrap":"nowrap","font-family":"system","font-size":"28px","fontSize":14,"fontWeight":"bold","height":41.0,"justify-content":"flex-start","line-clamp":1,"line-height":"40px","lines":1,"marginTop":2,"opacity":1,"text-align":"left","text-overflow":"ellipsis","visibility":"visible","width":35.0,"x":-1.0,"y":41.0},"text":"14:00","variant":"body"}, parentId:root_c12_c0
08-27 12:48:39.844 D/AGenUI  (29018): 12:48:39.844 [logYogaLayoutInfo@277] [layout] id=root_c12_c1 type=Column parent=root_c12 xywh=(33.0,0.0,117.0,82.0) flex=(0.0,1.0) child=2 aspect=nan measure=0
08-27 12:48:39.846 D/AGenUI  (29018): 12:48:39.845 [onNodeAdded@298] onNodeAdded: {"children":["root_c12_c1_c0","root_c12_c1_c1"],"component":"Column","id":"root_c12_c1","styles":{"align-content":"stretch","align-items":"stretch","align-self":"auto","background-color":"transparent","border-color":"#0000001A","border-radius":"0px","border-style":"solid","border-width":"0px","filter":"none","flex":1,"flex-direction":"column","flex-grow":0,"flex-shrink":1,"flex-wrap":"nowrap","height":82.0,"justify-content":"flex-start","marginLeft":12,"opacity":1,"visibility":"visible","width":117.0,"x":33.0,"y":0.0}}, parentId:root_c12
08-27 12:48:39.847 D/AGenUI  (29018): 12:48:39.846 [logYogaLayoutInfo@277] [layout] id=root_c12_c1_c0 type=Text parent=root_c12_c1 xywh=(0.0,0.0,117.0,41.0) flex=(0.0,1.0) child=0 aspect=nan measure=1
08-27 12:48:39.849 D/AGenUI  (29018): 12:48:39.848 [onNodeAdded@298] onNodeAdded: {"component":"Text","id":"root_c12_c1_c0","styles":{"align-content":"stretch","align-items":"stretch","align-self":"auto","background-color":"transparent","border-color":"#0000001A","border-radius":"0px","border-style":"solid","border-width":"0px","color":"#181818","filter":"none","flex-direction":"column","flex-grow":0,"flex-shrink":1,"flex-wrap":"nowrap","font-family":"system","font-size":"28px","fontSize":14,"fontWeight":"bold","height":41.0,"justify-content":"flex-start","line-clamp":1,"line-height":"40px","lines":1,"opacity":1,"text-align":"left","text-overflow":"ellipsis","visibility":"visible","width":117.0,"x":0.0,"y":0.0},"text":"跨团队同步周会","variant":"body"}, parentId:root_c12_c1
08-27 12:48:39.851 D/AGenUI  (29018): 12:48:39.850 [logYogaLayoutInfo@277] [layout] id=root_c12_c1_c1 type=Text parent=root_c12_c1 xywh=(0.0,41.0,117.0,41.0) flex=(0.0,1.0) child=0 aspect=nan measure=1
08-27 12:48:39.853 D/AGenUI  (29018): 12:48:39.852 [onNodeAdded@298] onNodeAdded: {"component":"Text","id":"root_c12_c1_c1","styles":{"align-content":"stretch","align-items":"stretch","align-self":"auto","background-color":"transparent","border-color":"#0000001A","border-radius":"0px","border-style":"solid","border-width":"0px","color":"#999999","filter":"none","flex-direction":"column","flex-grow":0,"flex-shrink":1,"flex-wrap":"nowrap","font-family":"system","font-size":"28px","fontSize":12,"height":41.0,"justify-content":"flex-start","line-clamp":1,"line-height":"40px","lines":1,"marginTop":2,"opacity":1,"text-align":"left","text-overflow":"ellipsis","visibility":"visible","width":117.0,"x":0.0,"y":41.0},"text":"15 人参会","variant":"body"}, parentId:root_c12_c1
08-27 12:48:39.854 D/AGenUI  (29018): 12:48:39.853 [logYogaLayoutInfo@277] [layout] id=root_c12_c2 type=Container parent=root_c12 xywh=(150.0,30.0,50.0,22.0) flex=(0.0,1.0) child=1 aspect=nan measure=0
08-27 12:48:39.855 D/AGenUI  (29018): 12:48:39.855 [onNodeAdded@298] onNodeAdded: {"children":["root_c12_c2_c0"],"component":"Container","id":"root_c12_c2","styles":{"align-content":"stretch","align-items":"stretch","align-self":"auto","background-color":"transparent","backgroundColor":"#FFF3E0","border-color":"#0000001A","border-radius":"0px","border-style":"solid","border-width":"0px","borderRadius":11,"filter":"none","flex-direction":"column","flex-grow":0,"flex-shrink":1,"flex-wrap":"nowrap","height":22.0,"justify-content":"flex-start","opacity":1,"paddingLeft":8,"paddingRight":8,"visibility":"visible","width":50.0,"x":150.0,"y":30.0}}, parentId:root_c12
08-27 12:48:39.857 D/AGenUI  (29018): 12:48:39.856 [logYogaLayoutInfo@277] [layout] id=root_c12_c2_c0 type=Text parent=root_c12_c2 xywh=(-1.0,0.0,51.0,22.0) flex=(0.0,1.0) child=0 aspect=nan measure=1
08-27 12:48:39.859 D/AGenUI  (29018): 12:48:39.858 [onNodeAdded@298] onNodeAdded: {"component":"Text","id":"root_c12_c2_c0","styles":{"align-content":"stretch","align-items":"stretch","align-self":"auto","background-color":"transparent","border-color":"#0000001A","border-radius":"0px","border-style":"solid","border-width":"0px","color":"#FF9500","filter":"none","flex-direction":"column","flex-grow":0,"flex-shrink":1,"flex-wrap":"nowrap","font-family":"system","font-size":"28px","fontSize":11,"height":22.0,"justify-content":"flex-start","line-clamp":1,"line-height":"40px","lines":1,"opacity":1,"text-align":"left","text-overflow":"ellipsis","visibility":"visible","width":51.0,"x":-1.0,"y":0.0},"text":"进行中","variant":"body"}, parentId:root_c12_c2
08-27 12:48:39.863 I/NativeEventBridge(29018): 12:48:39.861 [onComponentsAdd@70] onComponentsAdd: surfaceId=widget_-1_1787806119314, parents=36, components=36, components=[{"children":["root_c0"],"component":"Card","id":"root","styles":{"align-content":"stretch","align-items":"stretch","align-self":"auto","background-color":"transparent","backgroundColor":"#FFFFFF","border-color":"#0000001A","border-radius":"16px","border-style":"solid","border-width":"0px","borderRadius":16,"elevation":2,"filter":"none","flex-direction":"column","flex-grow":0,"flex-shrink":1,"flex-wrap":"nowrap","height":386.0,"justify-content":"flex-start","opacity":1,"visibility":"visible","width":200.0,"x":0.0,"y":0.0}}, {"children":["root_c0_c0","root_c0_c1","root_c0_c2","root_c0_c3","root_c0_c4","root_c10","root_c11","root_c12"],"component":"Column","id":"root_c0","styles":{"align-content":"stretch","align-items":"stretch","align-self":"auto","background-color":"transparent","border-color":"#0000001A","border-radius":"0px","border-style":"solid","border-width":"0px","filter":"none","flex-direction":"column","flex-grow":0,"flex-shrink":1,"flex-wrap":"nowrap","height":386.0,"justify-content":"flex-start","opacity":1,"visibility":"visible","width":200.0,"x":0.0,"y":0.0}}, {"children":["root_c0_c0_c0","root_c0_c0_c1"],"component":"Row","id":"root_c0_c0","styles":{"align-content":"stretch","align-items":"stretch","align-self":"auto","background-color":"transparent","border-color":"#0000001A","border-radius":"0px","border-style":"solid","border-width":"0px","filter":"none","flex-direction":"column","flex-grow":0,"flex-shrink":1,"flex-wrap":"nowrap","height":41.0,"justify-content":"flex-start","opacity":1,"paddingBottom":8,"paddingLeft":16,"paddingRight":16,"paddingTop":16,"visibility":"visible","width":200.0,"x":0.0,"y":0.0}}, {"component":"Text","id":"root_c0_c0_c0","styles":{"align-content":"stretch","align-items":"stretch","align-self":"auto","background-color":"transparent","border-color":"#0000001A","border-radius":"0px","border-style":"solid","border-width":"0px","color":"#181818","filter":"none","flex-direction":"column","flex-grow":0,"flex-shrink":1,"flex-wrap":"nowrap","font-family":"system","font-size":"28px","fontSize":18,"fontWeight":"bold","height":41.0,"justify-content":"flex-start","line-clamp":1,"line-height":"40px","lines":1,"opacity":1,"text-align":"left","text-overflow":"ellipsis","visibility":"visible","width":102.0,"x":0.0,"y":0.0},"text":"今日议程","variant":"body"}, {"component":"Text","id":"root_c0_c0_c1","styles":{"align-content":"stretch","align-items":"stretch","align-self":"auto","background-color":"transparent","border-color":"#0000001A","border-radius":"0px","border-style":"solid","border-width":"0px","color":"#666666","filter":"none","flex-direction":"column","flex-grow":0,"flex-shrink":1,"flex-wrap":"nowrap","font-family":"system","font-size":"28px","fontSize":14,"height":41.0,"justify-content":"flex-start","line-clamp":1,"line-height":"40px","lines":1,"marginLeft":8,"opacity":1,"text-align":"left","text-overflow":"ellipsis","visibility":"visible","width":99.0,"x":101.0,"y":0.0},"text":"3 场会议","variant":"body"}, {"children":["root_c0_c1_c0"],"component":"Container","id":"root_c0_c1","styles":{"align-content":"stretch","align-items":"stretch","align-self":"auto","background-color":"transparent","backgroundColor":"#E8F3FF","border-color":"#0000001A","border-radius":"0px","border-style":"solid","border-width":"0px","borderRadius":8,"filter":"none","flex-direction":"column","flex-grow":0,"flex-shrink":1,"flex-wrap":"nowrap","height":41.0,"justify-content":"flex-start","marginLeft":16,"marginRight":16,"opacity":1,"paddingBottom":8,"paddingLeft":12,"paddingRight":12,"paddingTop":8,"visibility":"visible","width":200.0,"x":0.0,"y":41.0}}, {"children":["root_c0_c1_c0_c0","root_c0_c1_c0_c1"],"component":"Row","id":"root_c0_c1_c0","styles":{"align-content":"stretch","align-items":"stretch","align-self":"auto","background-color":"transparent","border-color":"#0000001A","border-radius":"0px","border-style":"solid","border-wi
08-27 12:48:39.864 D/AGenUI  (29018): 12:48:39.863 [updateComponents@112] success: {"version":"v0.9","updateComponents":{"surfaceId":"widget_-1_1787806119314","components":[{"id":"root_c0_c0_c0","component":"Text","text":"今日议程","styles":{"fontSize":18,"fontWeight":"bold","color":"#181818"}},{"id":"root_c0_c0_c1","component":"Text","text":"3 场会议","styles":{"fontSize":14,"color":"#666666","marginLeft":8}},{"id":"root_c0_c0","component":"Row","styles":{"paddingLeft":16,"paddingTop":16,"paddingRight":16,"paddingBottom":8,"alignItems":"center"},"children":["root_c0_c0_c0","root_c0_c0_c1"]},{"id":"root_c0_c1_c0_c0","component":"Text","text":"09:00","styles":{"fontSize":14,"fontWeight":"bold","color":"#007DFF"}},{"id":"root_c0_c1_c0_c1","component":"Text","text":"产品周会","styles":{"fontSize":14,"color":"#181818","marginLeft":12}},{"id":"root_c0_c1_c0","component":"Row","styles":{"alignItems":"center"},"children":["root_c0_c1_c0_c0","root_c0_c1_c0_c1"]},{"id":"root_c0_c1","component":"Container","styles":{"backgroundColor":"#E8F3FF","borderRadius":8,"marginLeft":16,"marginRight":16,"paddingLeft":12,"paddingRight":12,"paddingTop":8,"paddingBottom":8},"children":["root_c0_c1_c0"]},{"id":"root_c0_c2_c0","component":"Text","text":"11:00","styles":{"fontSize":14,"fontWeight":"bold","color":"#007DFF"}},{"id":"root_c0_c2_c1","component":"Text","text":"设计评审","styles":{"fontSize":14,"color":"#181818","marginLeft":12}},{"id":"root_c0_c2","component":"Row","styles":{"paddingLeft":16,"paddingRight":16,"paddingTop":8,"paddingBottom":8,"alignItems":"center"},"children":["root_c0_c2_c0","root_c0_c2_c1"]},{"id":"root_c0_c3","component":"Divider","styles":{"backgroundColor":"#E8EAED","height":1,"marginLeft":16,"marginRight":16}},{"id":"root_c0_c4_c0","component":"Text","text":"14:00","styles":{"fontSize":14,"fontWeight":"bold","color":"#007DFF"}},{"id":"root_c0_c4_c1","component":"Text","text":"技术分享会","styles":{"fontSize":14,"color":"#181818","marginLeft":12}},{"id":"root_c0_c4","component":"Row","styles":{"paddingLeft":16,"paddingRight":16,"paddingTop":8,"paddingBottom":8,"alignItems":"center"},"children":["root_c0_c4_c0","root_c0_c4_c1"]},{"id":"root_c10_c0","component":"Text","text":"本周会议","styles":{"fontSize":13,"fontWeight":"bold","color":"#666666"}},{"id":"root_c10","component":"Container","styles":{"backgroundColor":"#F5F7FA","borderRadius":8,"marginLeft":16,"marginRight":16,"marginTop":4,"paddingLeft":12,"paddingRight":12,"paddingTop":10,"paddingBottom":10},"children":["root_c10_c0"]},{"id":"root_c11_c0_c0","component":"Text","text":"周一","styles":{"fontSize":11,"color":"#999999"}},{"id":"root_c11_c0_c1","component":"Text","text":"09:30","styles":{"fontSize":14,"fontWeight":"bold","color":"#181818","marginTop":2}},{"id":"root_c11_c0","component":"Column","styles":{"width":56,"alignItems":"center"},"children":["root_c11_c0_c0","root_c11_c0_c1"]},{"id":"root_c11_c1_c0","component":"Text","text":"Q3 季度规划评审","styles":{"fontSize":14,"fontWeight":"bold","color":"#181818"}},{"id":"root_c11_c1_c1","component":"Text","text":"8 人参会","styles":{"fontSize":12,"color":"#999999","marginTop":2}},{"id":"root_c11_c1","component":"Column","styles":{"marginLeft":12,"flex":1},"children":["root_c11_c1_c0","root_c11_c1_c1"]},{"id":"root_c11_c2_c0","component":"Text","text":"待开始","styles":{"fontSize":11,"color":"#007DFF"}},{"id":"root_c11_c2","component":"Container","styles":{"height":22,"borderRadius":11,"backgroundColor":"#E8F3FF","paddingLeft":8,"paddingRight":8,"alignItems":"center","justifyContent":"center"},"children":["root_c11_c2_c0"]},{"id":"root_c11","component":"Row","styles":{"paddingLeft":16,"paddingRight":16,"paddingTop":10,"paddingBottom":10,"alignItems":"center"},"children":["root_c11_c0","root_c11_c1","root_c11_c2"]},{"id":"root_c12_c0_c0","component":"Text","text":"周三","styles":{"fontSize":11,"color":"#999999"}},{"id":"root_c12_c0_c1","component":"Text","text":"14:00","styles":{"fontSize":14,"fontWeight":"bold","color":"#181818","marginTop":2}},{"id":"root_c12_c0","com
08-27 12:48:39.866 D/surface_updateDataModel_begin(29018): [PERF] 12:48:39.865 [updateDataModel@234] widget_-1_1787806119314
08-27 12:48:39.868 D/AGenUI  (29018): 12:48:39.867 [updateData@50] path:/, jsonValue:{"view":"today","weekMeetings":[{"attendees":8,"day":"周一","status":"待开始","time":"09:30","title":"Q3 季度规划评审"},{"attendees":15,"day":"周三","status":"进行中","time":"14:00","title":"跨团队同步周会"}]}
08-27 12:48:39.869 D/surface_updateDataModel_end(29018): [PERF] 12:48:39.868 [updateDataModel@253] widget_-1_1787806119314
08-27 12:48:39.871 D/AGenUI  (29018): 12:48:39.870 [updateDataModel@137] success: {"version":"v0.9","updateDataModel":{"surfaceId":"widget_-1_1787806119314","value":{"view":"today","weekMeetings":[{"day":"周一","time":"09:30","title":"Q3 季度规划评审","attendees":8,"status":"待开始"},{"day":"周三","time":"14:00","title":"跨团队同步周会","attendees":15,"status":"进行中"}]}}}
08-27 12:48:39.872 D/stream_assembling_end(29018): [PERF] 12:48:39.871 [processDataAssembling@57] 
08-27 12:48:39.873 D/AGenUI  (29018): 12:48:39.872 [processDataEnding@61] processing end
08-27 12:48:39.874 D/stream_end(29018): [PERF] 12:48:39.873 [processDataEnding@66] 
08-27 12:48:39.935 D/DividerComponent(29018): 12:48:39.934 [updateDivider@169] updateDivider: axis=horizontal, thickness=1.0, imgUrl=null
08-27 12:48:39.994 D/AGenUIWidgetRenderSvc(29018): onRootComponentUpdate: widget_-1_1787806119314, props={children=[root_c0], styles={align-content=stretch, align-items=stretch, align-self=auto, background-color=transparent, backgroundColor=#FFFFFF, border-color=#0000001A, border-radius=16px, border-style=solid, border-width=0px, borderRadius=16.0, elevation=2.0, filter=none, flex-direction=column, flex-grow=0.0, flex-shrink=1.0, flex-wrap=nowrap, height=386.0, justify-content=flex-start, opacity=1.0, visibility=visible, width=200.0, x=0.0, y=0.0}}
08-27 12:48:39.996 D/components_applied(29018): [PERF] 12:48:39.995 [lambda$onComponentsAdd$2$com-amap-agenui-render-surface-NativeEventBridge@76] widget_-1_1787806119314
08-27 12:48:40.094 D/AGenUIWidgetRenderSvc(29018): Surface ready, proceeding to draw
08-27 12:48:40.109 D/WidgetBitmapRenderer(29018): Measured: 300x400
08-27 12:48:40.111 D/AGenUI  (29018): 12:48:40.110 [handleSurfaceSizeChanged@286] handleSurfaceSizeChanged: surfaceId:widget_-1_1787806119314, width:200.0, height:266.7
08-27 12:48:40.137 D/WidgetBitmapRenderer(29018): Bitmap: 300x400, bytes=480000
08-27 12:48:40.151 D/WidgetBitmapRenderer(29018): Debug bitmap saved: /storage/emulated/0/Android/data/com.amap.agenuiplayground/files/widget_render_debug.png
08-27 12:48:40.152 D/WidgetBitmapRenderer(29018): View hierarchy:
08-27 12:48:40.152 D/WidgetBitmapRenderer(29018):  [300x400] measured=[300x400] vis=0 tag=null
08-27 12:48:40.152 D/WidgetBitmapRenderer(29018):    [300x579] measured=[300x579] vis=0 tag=null
08-27 12:48:40.152 D/WidgetBitmapRenderer(29018):     YogaAbsoluteLayout [300x579] measured=[300x579] vis=0 tag=null
08-27 12:48:40.152 D/WidgetBitmapRenderer(29018):       YogaAbsoluteLayout [300x579] measured=[300x579] vis=0 tag=null
08-27 12:48:40.152 D/WidgetBitmapRenderer(29018):         YogaAbsoluteLayout [300x62] measured=[300x62] vis=0 tag=null
08-27 12:48:40.152 D/WidgetBitmapRenderer(29018):           TextView [153x62] measured=[153x62] vis=0 tag=null
08-27 12:48:40.152 D/WidgetBitmapRenderer(29018):           TextView [149x62] measured=[149x62] vis=0 tag=null
08-27 12:48:40.152 D/WidgetBitmapRenderer(29018):         YogaAbsoluteLayout [300x62] measured=[300x62] vis=0 tag=null
08-27 12:48:40.152 D/WidgetBitmapRenderer(29018):           YogaAbsoluteLayout [300x62] measured=[300x62] vis=0 tag=null
08-27 12:48:40.152 D/WidgetBitmapRenderer(29018):             TextView [107x62] measured=[107x62] vis=0 tag=null
08-27 12:48:40.152 D/WidgetBitmapRenderer(29018):             TextView [170x62] measured=[170x62] vis=0 tag=null
08-27 12:48:40.152 D/WidgetBitmapRenderer(29018):         YogaAbsoluteLayout [300x62] measured=[300x62] vis=0 tag=null
08-27 12:48:40.152 D/WidgetBitmapRenderer(29018):           TextView [107x62] measured=[107x62] vis=0 tag=null
08-27 12:48:40.152 D/WidgetBitmapRenderer(29018):           TextView [170x62] measured=[170x62] vis=0 tag=null
08-27 12:48:40.152 D/WidgetBitmapRenderer(29018):         DividerView [300x2] measured=[300x2] vis=0 tag=null
08-27 12:48:40.152 D/WidgetBitmapRenderer(29018):         YogaAbsoluteLayout [300x62] measured=[300x62] vis=0 tag=null
08-27 12:48:40.152 D/WidgetBitmapRenderer(29018):           TextView [101x62] measured=[101x62] vis=0 tag=null
08-27 12:48:40.152 D/WidgetBitmapRenderer(29018):           TextView [201x62] measured=[201x62] vis=0 tag=null
08-27 12:48:40.152 D/WidgetBitmapRenderer(29018):         YogaAbsoluteLayout [300x62] measured=[300x62] vis=0 tag=null
08-27 12:48:40.152 D/WidgetBitmapRenderer(29018):           TextView [300x62] measured=[300x62] vis=0 tag=null
08-27 12:48:40.152 D/WidgetBitmapRenderer(29018):         YogaAbsoluteLayout [300x123] measured=[300x123] vis=0 tag=null
08-27 12:48:40.152 D/WidgetBitmapRenderer(29018):           YogaAbsoluteLayout [50x123] measured=[50x123] vis=0 tag=null
08-27 12:48:40.152 D/WidgetBitmapRenderer(29018):             TextView [51x62] measured=[51x62] vis=0 tag=null
08-27 12:48:40.152 D/WidgetBitmapRenderer(29018):             TextView [51x62] measured=[51x62] vis=0 tag=null
08-27 12:48:40.152 D/WidgetBitmapRenderer(29018):           YogaAbsoluteLayout [176x123] measured=[176x123] vis=0 tag=null
08-27 12:48:40.152 D/WidgetBitmapRenderer(29018):             TextView [179x62] measured=[179x62] vis=0 tag=null
08-27 12:48:40.152 D/WidgetBitmapRenderer(29018):             TextView [179x62] measured=[179x62] vis=0 tag=null
08-27 12:48:40.152 D/WidgetBitmapRenderer(29018):           YogaAbsoluteLayout [75x33] measured=[75x33] vis=0 tag=null
08-27 12:48:40.152 D/WidgetBitmapRenderer(29018):             TextView [77x33] measured=[77x33] vis=0 tag=null
08-27 12:48:40.152 D/WidgetBitmapRenderer(29018):         YogaAbsoluteLayout [300x123] measured=[300x123] vis=0 tag=null
08-27 12:48:40.152 D/WidgetBitmapRenderer(29018):           YogaAbsoluteLayout [50x123] measured=[50x123] vis=0 tag=null
08-27 12:48:40.152 D/WidgetBitmapRenderer(29018):             TextView [53x62] measured=[53x62] vis=0 tag=null
08-27 12:48:40.152 D/WidgetBitmapRenderer(29018):             TextView [53x62] measured=[53x62] vis=0 tag=null
08-27 12:48:40.152 D/WidgetBitmapRenderer(29018):           YogaAbsoluteLayout [176x123] measured=[176x123] vis=0 tag=null
08-27 12:48:40.152 D/WidgetBitmapRenderer(29018):             TextView [176x62] measured=[176x62] vis=0 tag=null
08-27 12:48:40.152 D/WidgetBitmapRenderer(29018):             TextView [176x62] measured=[176x62] vis=0 tag=null
08-27 12:48:40.152 D/WidgetBitmapRenderer(29018):           YogaAbsoluteLayout [75x33] measured=[75x33] vis=0 tag=null
08-27 12:48:40.152 D/WidgetBitmapRenderer(29018):             TextView [77x33] measured=[77x33] vis=0 tag=null
08-27 12:48:40.153 D/AGenUIWidgetRenderSvc(29018): Widget updated: AGenUI · agenda
08-27 12:48:40.153 D/WidgetSurfacePool(29018): Released SurfaceManager for template=agenda, pool size=1
08-27 12:48:40.153 D/AGenUIWidgetRenderSvc(29018): renderSync: id=-1, template=todo
08-27 12:48:40.153 D/AGenUIWidgetRenderSvc(29018): Widget dimensions: 300x400 (MEDIUM)
08-27 12:48:40.155 D/WidgetTemplateValidator(29018): Validated: 16 unique component IDs
08-27 12:48:40.162 D/AGenUIWidgetRenderSvc(29018): Converted 3 chunks for template: todo
08-27 12:48:40.163 W/AGenUI  (29018): 12:48:40.162 [initialize@68] Module already initialized
08-27 12:48:40.164 D/AGenUI  (29018): 12:48:40.163 [setDebug@278] build type set to debug
08-27 12:48:40.165 D/AGenUI  (29018): 12:48:40.164 [jni_createSurfaceManager@42] [JNI] createSurfaceManager
08-27 12:48:40.166 D/AGenUI  (29018): 12:48:40.165 [createSurfaceManager@90] begin creating
08-27 12:48:40.167 D/AGenUI  (29018): 12:48:40.166 [enterRunning@22] enter running, 4
08-27 12:48:40.168 D/AGenUI  (29018): 12:48:40.167 [init@40] init, 4
08-27 12:48:40.168 D/AGenUI  (29018): 12:48:40.167 [createSurfaceManager@109] created, 4
08-27 12:48:40.169 D/AGenUI  (29018): 12:48:40.169 [jni_createSurfaceManager@54] [JNI] createSurfaceManager: created with instanceId=4
08-27 12:48:40.169 D/AGenUI  (29018): 12:48:40.169 [SurfaceCoordinator@34] construction finished
08-27 12:48:40.170 I/AGenUI  (29018): 12:48:40.169 [createSurfaceManager@168] SurfaceManager created: instanceId=4
08-27 12:48:40.171 D/AGenUI  (29018): 12:48:40.170 [jni_addEventListener@47] [JNI] addEventListener: instanceId=4
08-27 12:48:40.172 D/AGenUI  (29018): 12:48:40.171 [addSurfaceEventListener@84] add lisenter success 4, listener:0xb4000078d1e9b0f0, 0xb400007971e8fdd0
08-27 12:48:40.173 D/AGenUI  (29018): 12:48:40.172 [addEventListener@7] listener:0xb4000078d1e9b0f0, 0
08-27 12:48:40.174 D/AGenUI  (29018): 12:48:40.173 [jni_addEventListener@66] [JNI] addEventListener: success, instanceId=4
08-27 12:48:40.174 I/SurfaceManager(29018): 12:48:40.174 [addMessageListener@200] UIMessage listener registered: instanceId=4
08-27 12:48:40.175 D/AGenUI  (29018): 12:48:40.175 [jni_setSurfaceSizeProvider@241] [JNI] setSurfaceSizeProvider: instanceId=4
08-27 12:48:40.176 I/SurfaceManager(29018): 12:48:40.176 [<init>@90] SurfaceManager created with Context, instanceId=4
08-27 12:48:40.176 D/AGenUIWidgetRenderSvc(29018): Created new SurfaceManager
08-27 12:48:40.177 D/SurfaceManager(29018): 12:48:40.177 [addListener@167] Listener added: 
08-27 12:48:40.178 D/AGenUI  (29018): 12:48:40.178 [beginTextStream@144] begin text stream
08-27 12:48:40.179 D/surface_begin_text_stream(29018): [PERF] 12:48:40.178 [beginTextStream@148] instanceId=4
08-27 12:48:40.180 D/surface_receive_text_chunk(29018): [PERF] 12:48:40.179 [receiveTextChunk@185] instanceId=4, bytes=171
08-27 12:48:40.180 D/AGenUI  (29018): 12:48:40.180 [processDataBeginning@36] processing begin
08-27 12:48:40.181 D/surface_receive_text_chunk(29018): [PERF] 12:48:40.180 [receiveTextChunk@185] instanceId=4, bytes=2256
08-27 12:48:40.181 D/stream_begin(29018): [PERF] 12:48:40.181 [processDataBeginning@39] 
08-27 12:48:40.183 D/surface_receive_text_chunk(29018): [PERF] 12:48:40.182 [receiveTextChunk@185] instanceId=4, bytes=297
08-27 12:48:40.183 D/stream_assembling_begin(29018): [PERF] 12:48:40.182 [processDataAssembling@43] 
08-27 12:48:40.184 D/AGenUI  (29018): 12:48:40.183 [endTextStream@163] end text stream
08-27 12:48:40.184 D/AGenUI  (29018): 12:48:40.183 [processDataAssembling@44] {"version":"v0.9","createSurface":{"surfaceId":"widget_-1_1787806120153","catalogId":"https:\/\/a2ui.org\/specification\/v0_9\/catalogs\/basic\/catalog.json","width":300}}
08-27 12:48:40.185 D/surface_end_text_stream(29018): [PERF] 12:48:40.184 [endTextStream@167] instanceId=4
08-27 12:48:40.185 D/surface_create_begin(29018): [PERF] 12:48:40.184 [Surface@26] widget_-1_1787806120153
08-27 12:48:40.186 D/surface_create_end(29018): [PERF] 12:48:40.186 [Surface@49] widget_-1_1787806120153
08-27 12:48:40.187 D/AGenUI  (29018): 12:48:40.187 [createSurface@82] success: {"version":"v0.9","createSurface":{"surfaceId":"widget_-1_1787806120153","catalogId":"https:\/\/a2ui.org\/specification\/v0_9\/catalogs\/basic\/catalog.json","width":300}}
08-27 12:48:40.188 D/AGenUI  (29018): 12:48:40.188 [dispatchCreateSurface@36] surfaceId:widget_-1_1787806120153
08-27 12:48:40.190 I/NativeEventBridge(29018): 12:48:40.189 [onCreateSurface@45] onCreateSurface: surfaceId=widget_-1_1787806120153, catalogId=https://a2ui.org/specification/v0_9/catalogs/basic/catalog.json
08-27 12:48:40.191 D/SurfaceManager(29018): 12:48:40.190 [createSurface@324] createSurface: surfaceId=widget_-1_1787806120153
08-27 12:48:40.191 D/stream_assembling_end(29018): [PERF] 12:48:40.190 [processDataAssembling@57] 
08-27 12:48:40.192 D/stream_assembling_begin(29018): [PERF] 12:48:40.191 [processDataAssembling@43] 
08-27 12:48:40.192 D/Surface (29018): 12:48:40.191 [<init>@127] Surface created: id=widget_-1_1787806120153
08-27 12:48:40.192 D/AGenUIWidgetRenderSvc(29018): onCreateSurface: widget_-1_1787806120153
08-27 12:48:40.193 D/AGenUI  (29018): 12:48:40.192 [processDataAssembling@44] {"version":"v0.9","updateComponents":{"surfaceId":"widget_-1_1787806120153","components":[{"id":"root_c0_c0_c0","component":"Text","text":"待办事项","styles":{"fontSize":18,"fontWeight":"bold","color":"#181818"}},{"id":"root_c0_c0_c1","component":"Text","text":"1\/3","styles":{"fontSize":14,"fontWeight":"bold","color":"#007DFF","marginLeft":8}},{"id":"root_c0_c0","component":"Row","styles":{"paddingLeft":16,"paddingTop":16,"paddingRight":16,"paddingBottom":12,"alignItems":"center"},"children":["root_c0_c0_c0","root_c0_c0_c1"]},{"id":"root_c0_c1_c0","component":"CheckBox","checked":true,"styles":{"color":"#007DFF"}},{"id":"root_c0_c1_c1","component":"Text","text":"完成鸿蒙令牌迁移","styles":{"fontSize":14,"color":"#999999","textDecoration":"line-through"}},{"id":"root_c0_c1","component":"Row","styles":{"paddingLeft":16,"paddingRight":16,"paddingTop":4,"paddingBottom":4,"alignItems":"center"},"children":["root_c0_c1_c0","root_c0_c1_c1"]},{"id":"root_c0_c2","component":"Divider","styles":{"backgroundColor":"#E8EAED","height":1,"marginLeft":16,"marginRight":16}},{"id":"root_c0_c3_c0","component":"CheckBox","checked":false,"styles":{"color":"#007DFF"}},{"id":"root_c0_c3_c1","component":"Text","text":"Playground 控件适配","styles":{"fontSize":14,"color":"#181818"}},{"id":"root_c0_c3","component":"Row","styles":{"paddingLeft":16,"paddingRight":16,"paddingTop":4,"paddingBottom":4,"alignItems":"center"},"children":["root_c0_c3_c0","root_c0_c3_c1"]},{"id":"root_c0_c4","component":"Divider","styles":{"backgroundColor":"#E8EAED","height":1,"marginLeft":16,"marginRight":16}},{"id":"root_c0_c5_c0","component":"CheckBox","checked":false,"styles":{"color":"#007DFF"}},{"id":"root_c0_c5_c1","component":"Text","text":"Widget 模板风格化","styles":{"fontSize":14,"color":"#181818"}},{"id":"root_c0_c5","component":"Row","styles":{"paddingLeft":16,"paddingRight":16,"paddingTop":4,"paddingBottom":16,"alignItems":"center"},"children":["root_c0_c5_c0","root_c0_c5_c1"]},{"id":"root_c0","component":"Column","children":["root_c0_c0","root_c0_c1","root_c0_c2","root_c0_c3","root_c0_c4","root_c0_c5"]},{"id":"root","component":"Card","styles":{"borderRadius":16,"backgroundColor":"#FFFFFF","elevation":2},"children":["root_c0"]}]}}
08-27 12:48:40.193 D/SurfaceManager(29018): 12:48:40.192 [createSurface@404] ✓ Surface created: widget_-1_1787806120153
08-27 12:48:40.194 D/stream_assembling_end(29018): [PERF] 12:48:40.193 [processDataAssembling@57] 
08-27 12:48:40.195 D/stream_assembling_begin(29018): [PERF] 12:48:40.194 [processDataAssembling@43] 
08-27 12:48:40.196 D/AGenUI  (29018): 12:48:40.195 [processDataAssembling@44] {"version":"v0.9","updateDataModel":{"surfaceId":"widget_-1_1787806120153","value":{"title":"待办事项","progress":"1\/3","view":"pending","items":[{"text":"完成鸿蒙令牌迁移","done":true},{"text":"Playground 控件适配","done":false},{"text":"Widget 模板风格化","done":false}]}}}
08-27 12:48:40.198 D/AGenUI  (29018): 12:48:40.197 [updateComponents@209] none template: Text
08-27 12:48:40.199 D/AGenUI  (29018): 12:48:40.198 [updateComponents@209] none template: Text
08-27 12:48:40.200 D/AGenUI  (29018): 12:48:40.199 [updateComponents@209] none template: Row
08-27 12:48:40.201 D/AGenUI  (29018): 12:48:40.200 [updateComponents@209] none template: CheckBox
08-27 12:48:40.202 D/AGenUI  (29018): 12:48:40.201 [updateComponents@209] none template: Text
08-27 12:48:40.203 D/AGenUI  (29018): 12:48:40.202 [updateComponents@209] none template: Row
08-27 12:48:40.204 D/AGenUI  (29018): 12:48:40.203 [updateComponents@209] none template: Divider
08-27 12:48:40.205 D/AGenUI  (29018): 12:48:40.204 [updateComponents@209] none template: CheckBox
08-27 12:48:40.206 D/AGenUI  (29018): 12:48:40.205 [updateComponents@209] none template: Text
08-27 12:48:40.206 D/AGenUI  (29018): 12:48:40.206 [updateComponents@209] none template: Row
08-27 12:48:40.207 D/AGenUI  (29018): 12:48:40.207 [updateComponents@209] none template: Divider
08-27 12:48:40.208 D/AGenUI  (29018): 12:48:40.208 [updateComponents@209] none template: CheckBox
08-27 12:48:40.211 D/AGenUI  (29018): 12:48:40.209 [updateComponents@209] none template: Text
08-27 12:48:40.213 D/AGenUI  (29018): 12:48:40.212 [updateComponents@209] none template: Row
08-27 12:48:40.214 D/AGenUI  (29018): 12:48:40.213 [updateComponents@209] none template: Column
08-27 12:48:40.216 D/AGenUI  (29018): 12:48:40.215 [updateComponents@209] none template: Card
08-27 12:48:40.223 D/AGenUI  (29018): 12:48:40.223 [getValueData@71] calling FunctionCallManager.executeFunctionCallSync: name=token, args={"name":"Color_Black"}
08-27 12:48:40.225 D/AGenUI  (29018): 12:48:40.224 [execute@20] token:Color_Black, resolved:#000000
08-27 12:48:40.226 D/AGenUI  (29018): 12:48:40.225 [getValueData@71] calling FunctionCallManager.executeFunctionCallSync: name=token, args={"name":"Color_Gray_06"}
08-27 12:48:40.227 D/AGenUI  (29018): 12:48:40.226 [execute@20] token:Color_Gray_06, resolved:#0000000F
08-27 12:48:40.228 D/AGenUI  (29018): 12:48:40.228 [getValueData@71] calling FunctionCallManager.executeFunctionCallSync: name=token, args={"name":"Color_Black"}
08-27 12:48:40.229 D/AGenUI  (29018): 12:48:40.228 [execute@20] token:Color_Black, resolved:#000000
08-27 12:48:40.230 D/AGenUI  (29018): 12:48:40.230 [getValueData@71] calling FunctionCallManager.executeFunctionCallSync: name=token, args={"name":"Color_Gray_06"}
08-27 12:48:40.231 D/AGenUI  (29018): 12:48:40.230 [execute@20] token:Color_Gray_06, resolved:#0000000F
08-27 12:48:40.232 D/AGenUI  (29018): 12:48:40.231 [getValueData@71] calling FunctionCallManager.executeFunctionCallSync: name=token, args={"name":"Color_Black"}
08-27 12:48:40.233 D/AGenUI  (29018): 12:48:40.232 [execute@20] token:Color_Black, resolved:#000000
08-27 12:48:40.234 D/AGenUI  (29018): 12:48:40.234 [setupMeasureFunctionIfNeeded@329] [setupMeasureFunc] id=root_c0_c0_c0 comp=Text decision=Register
08-27 12:48:40.236 D/AGenUI  (29018): 12:48:40.235 [setupMeasureFunctionIfNeeded@329] [setupMeasureFunc] id=root_c0_c0_c1 comp=Text decision=Register
08-27 12:48:40.238 D/AGenUI  (29018): 12:48:40.237 [setupMeasureFunctionIfNeeded@329] [setupMeasureFunc] id=root_c0_c1_c0 comp=CheckBox decision=Register
08-27 12:48:40.239 D/AGenUI  (29018): 12:48:40.239 [setupMeasureFunctionIfNeeded@329] [setupMeasureFunc] id=root_c0_c1_c1 comp=Text decision=Register
08-27 12:48:40.242 D/AGenUI  (29018): 12:48:40.241 [setupMeasureFunctionIfNeeded@329] [setupMeasureFunc] id=root_c0_c3_c0 comp=CheckBox decision=Register
08-27 12:48:40.245 D/AGenUI  (29018): 12:48:40.243 [setupMeasureFunctionIfNeeded@329] [setupMeasureFunc] id=root_c0_c3_c1 comp=Text decision=Register
08-27 12:48:40.247 D/AGenUI  (29018): 12:48:40.246 [setupMeasureFunctionIfNeeded@329] [setupMeasureFunc] id=root_c0_c5_c0 comp=CheckBox decision=Register
08-27 12:48:40.250 D/AGenUI  (29018): 12:48:40.249 [setupMeasureFunctionIfNeeded@329] [setupMeasureFunc] id=root_c0_c5_c1 comp=Text decision=Register
08-27 12:48:40.253 D/AGenUI  (29018): 12:48:40.252 [measure@193] [JNI] AndroidBridgeMeasurement.measure start: type=Text, paramJson={"component":"Text","id":"root_c0_c0_c0","styles":{"background-color":"transparent","border-color":"#0000001A","border-radius":"0px","border-style":"solid","border-width":"0px","color":"#181818","filter":"none","font-family":"system","font-size":"28px","fontSize":18,"fontWeight":"bold","height":0.0,"line-clamp":1,"line-height":"40px","opacity":1,"text-align":"left","text-overflow":"ellipsis","visibility":"visible","width":0.0,"x":0.0,"y":0.0},"text":"待办事项","variant":"body"}, width={maxValue=200.000000, mode=2}, height={maxValue=nan, mode=0}
08-27 12:48:40.254 W/MeasurementBridge(29018): 12:48:40.253 [directMeasure@91] directMeasure start: type=Text, paramJson={"component":"Text","id":"root_c0_c0_c0","styles":{"background-color":"transparent","border-color":"#0000001A","border-radius":"0px","border-style":"solid","border-width":"0px","color":"#181818","filter":"none","font-family":"system","font-size":"28px","fontSize":18,"fontWeight":"bold","height":0.0,"line-clamp":1,"line-height":"40px","opacity":1,"text-align":"left","text-overflow":"ellipsis","visibility":"visible","width":0.0,"x":0.0,"y":0.0},"text":"待办事项","variant":"body"}, maxWidth=200.0, widthMode=2, maxHeight=NaN, heightMode=0
08-27 12:48:40.256 W/MeasurementBridge(29018): 12:48:40.256 [directMeasure@108] directMeasure result: type=Text, result=MeasureResult{calcType=0, width=113.0, height=41.0, lineCount=1}
08-27 12:48:40.257 D/AGenUI  (29018): 12:48:40.257 [measure@235] [JNI] AndroidBridgeMeasurement.measure result: type=Text, result=MeasureResult{calcType=Sync, width=113.000000, height=41.000000, countOfLines=1}
08-27 12:48:40.258 D/AGenUI  (29018): 12:48:40.258 [measure@193] [JNI] AndroidBridgeMeasurement.measure start: type=Text, paramJson={"component":"Text","id":"root_c0_c0_c1","styles":{"background-color":"transparent","border-color":"#0000001A","border-radius":"0px","border-style":"solid","border-width":"0px","color":"#007DFF","filter":"none","font-family":"system","font-size":"28px","fontSize":14,"fontWeight":"bold","height":0.0,"line-clamp":1,"line-height":"40px","marginLeft":8,"opacity":1,"text-align":"left","text-overflow":"ellipsis","visibility":"visible","width":0.0,"x":0.0,"y":0.0},"text":"1/3","variant":"body"}, width={maxValue=200.000000, mode=2}, height={maxValue=nan, mode=0}
08-27 12:48:40.259 W/MeasurementBridge(29018): 12:48:40.258 [directMeasure@91] directMeasure start: type=Text, paramJson={"component":"Text","id":"root_c0_c0_c1","styles":{"background-color":"transparent","border-color":"#0000001A","border-radius":"0px","border-style":"solid","border-width":"0px","color":"#007DFF","filter":"none","font-family":"system","font-size":"28px","fontSize":14,"fontWeight":"bold","height":0.0,"line-clamp":1,"line-height":"40px","marginLeft":8,"opacity":1,"text-align":"left","text-overflow":"ellipsis","visibility":"visible","width":0.0,"x":0.0,"y":0.0},"text":"1/3","variant":"body"}, maxWidth=200.0, widthMode=2, maxHeight=NaN, heightMode=0
08-27 12:48:40.262 W/MeasurementBridge(29018): 12:48:40.261 [directMeasure@108] directMeasure result: type=Text, result=MeasureResult{calcType=0, width=45.0, height=41.0, lineCount=1}
08-27 12:48:40.263 D/AGenUI  (29018): 12:48:40.262 [measure@235] [JNI] AndroidBridgeMeasurement.measure result: type=Text, result=MeasureResult{calcType=Sync, width=45.000000, height=41.000000, countOfLines=1}
08-27 12:48:40.264 D/AGenUI  (29018): 12:48:40.263 [measure@193] [JNI] AndroidBridgeMeasurement.measure start: type=CheckBox, paramJson={"checked":true,"component":"CheckBox","id":"root_c0_c1_c0","label":"","styles":{"background-color":"transparent","border-color":"#0000001A","border-radius":"0px","border-style":"solid","border-width":"0px","color":"#007DFF","filter":"none","font-size":"32px","height":0.0,"opacity":1,"text-color":"#000000","visibility":"visible","width":0.0,"x":0.0,"y":0.0},"value":false}, width={maxValue=200.000000, mode=2}, height={maxValue=nan, mode=0}
08-27 12:48:40.265 W/MeasurementBridge(29018): 12:48:40.264 [directMeasure@91] directMeasure start: type=CheckBox, paramJson={"checked":true,"component":"CheckBox","id":"root_c0_c1_c0","label":"","styles":{"background-color":"transparent","border-color":"#0000001A","border-radius":"0px","border-style":"solid","border-width":"0px","color":"#007DFF","filter":"none","font-size":"32px","height":0.0,"opacity":1,"text-color":"#000000","visibility":"visible","width":0.0,"x":0.0,"y":0.0},"value":false}, maxWidth=200.0, widthMode=2, maxHeight=NaN, heightMode=0
08-27 12:48:40.268 D/ComponentStyleConfig(29018): 12:48:40.267 [loadConfig@87] Loaded config for component: Tabs, styles: 11
08-27 12:48:40.269 D/ComponentStyleConfig(29018): 12:48:40.268 [loadConfig@87] Loaded config for component: Modal, styles: 4
08-27 12:48:40.270 D/ComponentStyleConfig(29018): 12:48:40.269 [loadConfig@87] Loaded config for component: Button, styles: 1
08-27 12:48:40.271 D/ComponentStyleConfig(29018): 12:48:40.270 [loadConfig@87] Loaded config for component: CheckBox, styles: 13
08-27 12:48:40.271 D/ComponentStyleConfig(29018): 12:48:40.271 [loadConfig@87] Loaded config for component: ChoicePicker, styles: 34
08-27 12:48:40.272 D/ComponentStyleConfig(29018): 12:48:40.272 [loadConfig@87] Loaded config for component: Slider, styles: 9
08-27 12:48:40.273 D/ComponentStyleConfig(29018): 12:48:40.272 [loadConfig@87] Loaded config for component: AudioPlayer, styles: 11
08-27 12:48:40.274 D/ComponentStyleConfig(29018): 12:48:40.274 [loadConfig@87] Loaded config for component: DateTimeInput, styles: 44
08-27 12:48:40.275 D/ComponentStyleConfig(29018): 12:48:40.274 [loadConfig@87] Loaded config for component: Carousel, styles: 10
08-27 12:48:40.278 D/ComponentStyleConfig(29018): 12:48:40.275 [loadConfig@87] Loaded config for component: Table, styles: 17
08-27 12:48:40.279 D/ComponentStyleConfig(29018): 12:48:40.278 [loadConfig@91] Successfully loaded component styles config
08-27 12:48:40.281 W/MeasurementBridge(29018): 12:48:40.280 [directMeasure@108] directMeasure result: type=CheckBox, result=MeasureResult{calcType=0, width=32.0, height=32.0, lineCount=0}
08-27 12:48:40.283 D/AGenUI  (29018): 12:48:40.281 [measure@235] [JNI] AndroidBridgeMeasurement.measure result: type=CheckBox, result=MeasureResult{calcType=Sync, width=32.000000, height=32.000000, countOfLines=0}
08-27 12:48:40.284 D/AGenUI  (29018): 12:48:40.283 [measure@193] [JNI] AndroidBridgeMeasurement.measure start: type=Text, paramJson={"component":"Text","id":"root_c0_c1_c1","styles":{"background-color":"transparent","border-color":"#0000001A","border-radius":"0px","border-style":"solid","border-width":"0px","color":"#999999","filter":"none","font-family":"system","font-size":"28px","fontSize":14,"height":0.0,"line-clamp":1,"line-height":"40px","opacity":1,"text-align":"left","text-overflow":"ellipsis","textDecoration":"line-through","visibility":"visible","width":0.0,"x":0.0,"y":0.0},"text":"完成鸿蒙令牌迁移","variant":"body"}, width={maxValue=200.000000, mode=2}, height={maxValue=nan, mode=0}
08-27 12:48:40.286 W/MeasurementBridge(29018): 12:48:40.285 [directMeasure@91] directMeasure start: type=Text, paramJson={"component":"Text","id":"root_c0_c1_c1","styles":{"background-color":"transparent","border-color":"#0000001A","border-radius":"0px","border-style":"solid","border-width":"0px","color":"#999999","filter":"none","font-family":"system","font-size":"28px","fontSize":14,"height":0.0,"line-clamp":1,"line-height":"40px","opacity":1,"text-align":"left","text-overflow":"ellipsis","textDecoration":"line-through","visibility":"visible","width":0.0,"x":0.0,"y":0.0},"text":"完成鸿蒙令牌迁移","variant":"body"}, maxWidth=200.0, widthMode=2, maxHeight=NaN, heightMode=0
08-27 12:48:40.288 W/MeasurementBridge(29018): 12:48:40.288 [directMeasure@108] directMeasure result: type=Text, result=MeasureResult{calcType=0, width=201.0, height=41.0, lineCount=1}
08-27 12:48:40.289 D/AGenUI  (29018): 12:48:40.289 [measure@235] [JNI] AndroidBridgeMeasurement.measure result: type=Text, result=MeasureResult{calcType=Sync, width=201.000000, height=41.000000, countOfLines=1}
08-27 12:48:40.291 D/AGenUI  (29018): 12:48:40.290 [measure@193] [JNI] AndroidBridgeMeasurement.measure start: type=CheckBox, paramJson={"checked":true,"component":"CheckBox","id":"root_c0_c1_c0","label":"","styles":{"background-color":"transparent","border-color":"#0000001A","border-radius":"0px","border-style":"solid","border-width":"0px","color":"#007DFF","filter":"none","font-size":"32px","height":0.0,"opacity":1,"text-color":"#000000","visibility":"visible","width":0.0,"x":0.0,"y":0.0},"value":false}, width={maxValue=27.467812, mode=1}, height={maxValue=nan, mode=0}
08-27 12:48:40.292 W/MeasurementBridge(29018): 12:48:40.291 [directMeasure@91] directMeasure start: type=CheckBox, paramJson={"checked":true,"component":"CheckBox","id":"root_c0_c1_c0","label":"","styles":{"background-color":"transparent","border-color":"#0000001A","border-radius":"0px","border-style":"solid","border-width":"0px","color":"#007DFF","filter":"none","font-size":"32px","height":0.0,"opacity":1,"text-color":"#000000","visibility":"visible","width":0.0,"x":0.0,"y":0.0},"value":false}, maxWidth=27.467812, widthMode=1, maxHeight=NaN, heightMode=0
08-27 12:48:40.293 W/MeasurementBridge(29018): 12:48:40.292 [directMeasure@108] directMeasure result: type=CheckBox, result=MeasureResult{calcType=0, width=27.467812, height=32.0, lineCount=0}
08-27 12:48:40.294 D/AGenUI  (29018): 12:48:40.293 [measure@235] [JNI] AndroidBridgeMeasurement.measure result: type=CheckBox, result=MeasureResult{calcType=Sync, width=27.467812, height=32.000000, countOfLines=0}
08-27 12:48:40.295 D/AGenUI  (29018): 12:48:40.294 [measure@193] [JNI] AndroidBridgeMeasurement.measure start: type=Text, paramJson={"component":"Text","id":"root_c0_c1_c1","styles":{"background-color":"transparent","border-color":"#0000001A","border-radius":"0px","border-style":"solid","border-width":"0px","color":"#999999","filter":"none","font-family":"system","font-size":"28px","fontSize":14,"height":0.0,"line-clamp":1,"line-height":"40px","lines":1,"opacity":1,"text-align":"left","text-overflow":"ellipsis","textDecoration":"line-through","visibility":"visible","width":0.0,"x":0.0,"y":0.0},"text":"完成鸿蒙令牌迁移","variant":"body"}, width={maxValue=172.532196, mode=1}, height={maxValue=nan, mode=0}
08-27 12:48:40.296 W/MeasurementBridge(29018): 12:48:40.295 [directMeasure@91] directMeasure start: type=Text, paramJson={"component":"Text","id":"root_c0_c1_c1","styles":{"background-color":"transparent","border-color":"#0000001A","border-radius":"0px","border-style":"solid","border-width":"0px","color":"#999999","filter":"none","font-family":"system","font-size":"28px","fontSize":14,"height":0.0,"line-clamp":1,"line-height":"40px","lines":1,"opacity":1,"text-align":"left","text-overflow":"ellipsis","textDecoration":"line-through","visibility":"visible","width":0.0,"x":0.0,"y":0.0},"text":"完成鸿蒙令牌迁移","variant":"body"}, maxWidth=172.5322, widthMode=1, maxHeight=NaN, heightMode=0
08-27 12:48:40.298 W/MeasurementBridge(29018): 12:48:40.298 [directMeasure@108] directMeasure result: type=Text, result=MeasureResult{calcType=0, width=174.0, height=41.0, lineCount=1}
08-27 12:48:40.299 D/AGenUI  (29018): 12:48:40.298 [measure@235] [JNI] AndroidBridgeMeasurement.measure result: type=Text, result=MeasureResult{calcType=Sync, width=174.000000, height=41.000000, countOfLines=1}
08-27 12:48:40.300 D/AGenUI  (29018): 12:48:40.300 [measure@193] [JNI] AndroidBridgeMeasurement.measure start: type=CheckBox, paramJson={"checked":false,"component":"CheckBox","id":"root_c0_c3_c0","label":"","styles":{"background-color":"transparent","border-color":"#0000001A","border-radius":"0px","border-style":"solid","border-width":"0px","color":"#007DFF","filter":"none","font-size":"32px","height":0.0,"opacity":1,"text-color":"#000000","visibility":"visible","width":0.0,"x":0.0,"y":0.0},"value":false}, width={maxValue=200.000000, mode=2}, height={maxValue=nan, mode=0}
08-27 12:48:40.301 W/MeasurementBridge(29018): 12:48:40.301 [directMeasure@91] directMeasure start: type=CheckBox, paramJson={"checked":false,"component":"CheckBox","id":"root_c0_c3_c0","label":"","styles":{"background-color":"transparent","border-color":"#0000001A","border-radius":"0px","border-style":"solid","border-width":"0px","color":"#007DFF","filter":"none","font-size":"32px","height":0.0,"opacity":1,"text-color":"#000000","visibility":"visible","width":0.0,"x":0.0,"y":0.0},"value":false}, maxWidth=200.0, widthMode=2, maxHeight=NaN, heightMode=0
08-27 12:48:40.303 W/MeasurementBridge(29018): 12:48:40.302 [directMeasure@108] directMeasure result: type=CheckBox, result=MeasureResult{calcType=0, width=32.0, height=32.0, lineCount=0}
08-27 12:48:40.303 D/AGenUI  (29018): 12:48:40.303 [measure@235] [JNI] AndroidBridgeMeasurement.measure result: type=CheckBox, result=MeasureResult{calcType=Sync, width=32.000000, height=32.000000, countOfLines=0}
08-27 12:48:40.305 D/AGenUI  (29018): 12:48:40.304 [measure@193] [JNI] AndroidBridgeMeasurement.measure start: type=Text, paramJson={"component":"Text","id":"root_c0_c3_c1","styles":{"background-color":"transparent","border-color":"#0000001A","border-radius":"0px","border-style":"solid","border-width":"0px","color":"#181818","filter":"none","font-family":"system","font-size":"28px","fontSize":14,"height":0.0,"line-clamp":1,"line-height":"40px","opacity":1,"text-align":"left","text-overflow":"ellipsis","visibility":"visible","width":0.0,"x":0.0,"y":0.0},"text":"Playground 控件适配","variant":"body"}, width={maxValue=200.000000, mode=2}, height={maxValue=nan, mode=0}
08-27 12:48:40.306 W/MeasurementBridge(29018): 12:48:40.305 [directMeasure@91] directMeasure start: type=Text, paramJson={"component":"Text","id":"root_c0_c3_c1","styles":{"background-color":"transparent","border-color":"#0000001A","border-radius":"0px","border-style":"solid","border-width":"0px","color":"#181818","filter":"none","font-family":"system","font-size":"28px","fontSize":14,"height":0.0,"line-clamp":1,"line-height":"40px","opacity":1,"text-align":"left","text-overflow":"ellipsis","visibility":"visible","width":0.0,"x":0.0,"y":0.0},"text":"Playground 控件适配","variant":"body"}, maxWidth=200.0, widthMode=2, maxHeight=NaN, heightMode=0
08-27 12:48:40.308 W/MeasurementBridge(29018): 12:48:40.308 [directMeasure@108] directMeasure result: type=Text, result=MeasureResult{calcType=0, width=201.0, height=41.0, lineCount=1}
08-27 12:48:40.311 D/AGenUI  (29018): 12:48:40.309 [measure@235] [JNI] AndroidBridgeMeasurement.measure result: type=Text, result=MeasureResult{calcType=Sync, width=201.000000, height=41.000000, countOfLines=1}
08-27 12:48:40.313 D/AGenUI  (29018): 12:48:40.312 [measure@193] [JNI] AndroidBridgeMeasurement.measure start: type=CheckBox, paramJson={"checked":false,"component":"CheckBox","id":"root_c0_c3_c0","label":"","styles":{"background-color":"transparent","border-color":"#0000001A","border-radius":"0px","border-style":"solid","border-width":"0px","color":"#007DFF","filter":"none","font-size":"32px","height":0.0,"opacity":1,"text-color":"#000000","visibility":"visible","width":0.0,"x":0.0,"y":0.0},"value":false}, width={maxValue=27.467812, mode=1}, height={maxValue=nan, mode=0}
08-27 12:48:40.314 W/MeasurementBridge(29018): 12:48:40.313 [directMeasure@91] directMeasure start: type=CheckBox, paramJson={"checked":false,"component":"CheckBox","id":"root_c0_c3_c0","label":"","styles":{"background-color":"transparent","border-color":"#0000001A","border-radius":"0px","border-style":"solid","border-width":"0px","color":"#007DFF","filter":"none","font-size":"32px","height":0.0,"opacity":1,"text-color":"#000000","visibility":"visible","width":0.0,"x":0.0,"y":0.0},"value":false}, maxWidth=27.467812, widthMode=1, maxHeight=NaN, heightMode=0
08-27 12:48:40.317 W/MeasurementBridge(29018): 12:48:40.315 [directMeasure@108] directMeasure result: type=CheckBox, result=MeasureResult{calcType=0, width=27.467812, height=32.0, lineCount=0}
08-27 12:48:40.318 D/AGenUI  (29018): 12:48:40.317 [measure@235] [JNI] AndroidBridgeMeasurement.measure result: type=CheckBox, result=MeasureResult{calcType=Sync, width=27.467812, height=32.000000, countOfLines=0}
08-27 12:48:40.319 D/AGenUI  (29018): 12:48:40.318 [measure@193] [JNI] AndroidBridgeMeasurement.measure start: type=Text, paramJson={"component":"Text","id":"root_c0_c3_c1","styles":{"background-color":"transparent","border-color":"#0000001A","border-radius":"0px","border-style":"solid","border-width":"0px","color":"#181818","filter":"none","font-family":"system","font-size":"28px","fontSize":14,"height":0.0,"line-clamp":1,"line-height":"40px","lines":1,"opacity":1,"text-align":"left","text-overflow":"ellipsis","visibility":"visible","width":0.0,"x":0.0,"y":0.0},"text":"Playground 控件适配","variant":"body"}, width={maxValue=172.532196, mode=1}, height={maxValue=nan, mode=0}
08-27 12:48:40.320 W/MeasurementBridge(29018): 12:48:40.319 [directMeasure@91] directMeasure start: type=Text, paramJson={"component":"Text","id":"root_c0_c3_c1","styles":{"background-color":"transparent","border-color":"#0000001A","border-radius":"0px","border-style":"solid","border-width":"0px","color":"#181818","filter":"none","font-family":"system","font-size":"28px","fontSize":14,"height":0.0,"line-clamp":1,"line-height":"40px","lines":1,"opacity":1,"text-align":"left","text-overflow":"ellipsis","visibility":"visible","width":0.0,"x":0.0,"y":0.0},"text":"Playground 控件适配","variant":"body"}, maxWidth=172.5322, widthMode=1, maxHeight=NaN, heightMode=0
08-27 12:48:40.323 W/MeasurementBridge(29018): 12:48:40.322 [directMeasure@108] directMeasure result: type=Text, result=MeasureResult{calcType=0, width=174.0, height=41.0, lineCount=1}
08-27 12:48:40.324 D/AGenUI  (29018): 12:48:40.323 [measure@235] [JNI] AndroidBridgeMeasurement.measure result: type=Text, result=MeasureResult{calcType=Sync, width=174.000000, height=41.000000, countOfLines=1}
08-27 12:48:40.325 D/AGenUI  (29018): 12:48:40.324 [measure@193] [JNI] AndroidBridgeMeasurement.measure start: type=CheckBox, paramJson={"checked":false,"component":"CheckBox","id":"root_c0_c5_c0","label":"","styles":{"background-color":"transparent","border-color":"#0000001A","border-radius":"0px","border-style":"solid","border-width":"0px","color":"#007DFF","filter":"none","font-size":"32px","height":0.0,"opacity":1,"text-color":"#000000","visibility":"visible","width":0.0,"x":0.0,"y":0.0},"value":false}, width={maxValue=200.000000, mode=2}, height={maxValue=nan, mode=0}
08-27 12:48:40.326 W/MeasurementBridge(29018): 12:48:40.325 [directMeasure@91] directMeasure start: type=CheckBox, paramJson={"checked":false,"component":"CheckBox","id":"root_c0_c5_c0","label":"","styles":{"background-color":"transparent","border-color":"#0000001A","border-radius":"0px","border-style":"solid","border-width":"0px","color":"#007DFF","filter":"none","font-size":"32px","height":0.0,"opacity":1,"text-color":"#000000","visibility":"visible","width":0.0,"x":0.0,"y":0.0},"value":false}, maxWidth=200.0, widthMode=2, maxHeight=NaN, heightMode=0
08-27 12:48:40.327 W/MeasurementBridge(29018): 12:48:40.326 [directMeasure@108] directMeasure result: type=CheckBox, result=MeasureResult{calcType=0, width=32.0, height=32.0, lineCount=0}
08-27 12:48:40.328 D/AGenUI  (29018): 12:48:40.327 [measure@235] [JNI] AndroidBridgeMeasurement.measure result: type=CheckBox, result=MeasureResult{calcType=Sync, width=32.000000, height=32.000000, countOfLines=0}
08-27 12:48:40.329 D/AGenUI  (29018): 12:48:40.329 [measure@193] [JNI] AndroidBridgeMeasurement.measure start: type=Text, paramJson={"component":"Text","id":"root_c0_c5_c1","styles":{"background-color":"transparent","border-color":"#0000001A","border-radius":"0px","border-style":"solid","border-width":"0px","color":"#181818","filter":"none","font-family":"system","font-size":"28px","fontSize":14,"height":0.0,"line-clamp":1,"line-height":"40px","opacity":1,"text-align":"left","text-overflow":"ellipsis","visibility":"visible","width":0.0,"x":0.0,"y":0.0},"text":"Widget 模板风格化","variant":"body"}, width={maxValue=200.000000, mode=2}, height={maxValue=nan, mode=0}
08-27 12:48:40.330 W/MeasurementBridge(29018): 12:48:40.330 [directMeasure@91] directMeasure start: type=Text, paramJson={"component":"Text","id":"root_c0_c5_c1","styles":{"background-color":"transparent","border-color":"#0000001A","border-radius":"0px","border-style":"solid","border-width":"0px","color":"#181818","filter":"none","font-family":"system","font-size":"28px","fontSize":14,"height":0.0,"line-clamp":1,"line-height":"40px","opacity":1,"text-align":"left","text-overflow":"ellipsis","visibility":"visible","width":0.0,"x":0.0,"y":0.0},"text":"Widget 模板风格化","variant":"body"}, maxWidth=200.0, widthMode=2, maxHeight=NaN, heightMode=0
08-27 12:48:40.333 W/MeasurementBridge(29018): 12:48:40.332 [directMeasure@108] directMeasure result: type=Text, result=MeasureResult{calcType=0, width=201.0, height=41.0, lineCount=1}
08-27 12:48:40.334 D/AGenUI  (29018): 12:48:40.333 [measure@235] [JNI] AndroidBridgeMeasurement.measure result: type=Text, result=MeasureResult{calcType=Sync, width=201.000000, height=41.000000, countOfLines=1}
08-27 12:48:40.335 D/AGenUI  (29018): 12:48:40.335 [measure@193] [JNI] AndroidBridgeMeasurement.measure start: type=CheckBox, paramJson={"checked":false,"component":"CheckBox","id":"root_c0_c5_c0","label":"","styles":{"background-color":"transparent","border-color":"#0000001A","border-radius":"0px","border-style":"solid","border-width":"0px","color":"#007DFF","filter":"none","font-size":"32px","height":0.0,"opacity":1,"text-color":"#000000","visibility":"visible","width":0.0,"x":0.0,"y":0.0},"value":false}, width={maxValue=27.467812, mode=1}, height={maxValue=nan, mode=0}
08-27 12:48:40.336 W/MeasurementBridge(29018): 12:48:40.336 [directMeasure@91] directMeasure start: type=CheckBox, paramJson={"checked":false,"component":"CheckBox","id":"root_c0_c5_c0","label":"","styles":{"background-color":"transparent","border-color":"#0000001A","border-radius":"0px","border-style":"solid","border-width":"0px","color":"#007DFF","filter":"none","font-size":"32px","height":0.0,"opacity":1,"text-color":"#000000","visibility":"visible","width":0.0,"x":0.0,"y":0.0},"value":false}, maxWidth=27.467812, widthMode=1, maxHeight=NaN, heightMode=0
08-27 12:48:40.337 W/MeasurementBridge(29018): 12:48:40.337 [directMeasure@108] directMeasure result: type=CheckBox, result=MeasureResult{calcType=0, width=27.467812, height=32.0, lineCount=0}
08-27 12:48:40.338 D/AGenUI  (29018): 12:48:40.338 [measure@235] [JNI] AndroidBridgeMeasurement.measure result: type=CheckBox, result=MeasureResult{calcType=Sync, width=27.467812, height=32.000000, countOfLines=0}
08-27 12:48:40.339 D/AGenUI  (29018): 12:48:40.339 [measure@193] [JNI] AndroidBridgeMeasurement.measure start: type=Text, paramJson={"component":"Text","id":"root_c0_c5_c1","styles":{"background-color":"transparent","border-color":"#0000001A","border-radius":"0px","border-style":"solid","border-width":"0px","color":"#181818","filter":"none","font-family":"system","font-size":"28px","fontSize":14,"height":0.0,"line-clamp":1,"line-height":"40px","lines":1,"opacity":1,"text-align":"left","text-overflow":"ellipsis","visibility":"visible","width":0.0,"x":0.0,"y":0.0},"text":"Widget 模板风格化","variant":"body"}, width={maxValue=172.532196, mode=1}, height={maxValue=nan, mode=0}
08-27 12:48:40.340 W/MeasurementBridge(29018): 12:48:40.340 [directMeasure@91] directMeasure start: type=Text, paramJson={"component":"Text","id":"root_c0_c5_c1","styles":{"background-color":"transparent","border-color":"#0000001A","border-radius":"0px","border-style":"solid","border-width":"0px","color":"#181818","filter":"none","font-family":"system","font-size":"28px","fontSize":14,"height":0.0,"line-clamp":1,"line-height":"40px","lines":1,"opacity":1,"text-align":"left","text-overflow":"ellipsis","visibility":"visible","width":0.0,"x":0.0,"y":0.0},"text":"Widget 模板风格化","variant":"body"}, maxWidth=172.5322, widthMode=1, maxHeight=NaN, heightMode=0
08-27 12:48:40.345 W/MeasurementBridge(29018): 12:48:40.342 [directMeasure@108] directMeasure result: type=Text, result=MeasureResult{calcType=0, width=174.0, height=41.0, lineCount=1}
08-27 12:48:40.346 D/AGenUI  (29018): 12:48:40.345 [measure@235] [JNI] AndroidBridgeMeasurement.measure result: type=Text, result=MeasureResult{calcType=Sync, width=174.000000, height=41.000000, countOfLines=1}
08-27 12:48:40.349 D/AGenUI  (29018): 12:48:40.347 [logYogaLayoutInfo@277] [layout] id=root type=Card parent= xywh=(0.0,0.0,200.0,198.0) flex=(0.0,1.0) child=1 aspect=nan measure=0
08-27 12:48:40.351 D/AGenUI  (29018): 12:48:40.351 [onNodeAdded@298] onNodeAdded: {"children":["root_c0"],"component":"Card","id":"root","styles":{"align-content":"stretch","align-items":"stretch","align-self":"auto","background-color":"transparent","backgroundColor":"#FFFFFF","border-color":"#0000001A","border-radius":"16px","border-style":"solid","border-width":"0px","borderRadius":16,"elevation":2,"filter":"none","flex-direction":"column","flex-grow":0,"flex-shrink":1,"flex-wrap":"nowrap","height":198.0,"justify-content":"flex-start","opacity":1,"visibility":"visible","width":200.0,"x":0.0,"y":0.0}}, parentId:
08-27 12:48:40.353 D/AGenUI  (29018): 12:48:40.352 [logYogaLayoutInfo@277] [layout] id=root_c0 type=Column parent=root xywh=(0.0,0.0,200.0,198.0) flex=(0.0,1.0) child=6 aspect=nan measure=0
08-27 12:48:40.354 D/AGenUI  (29018): 12:48:40.353 [onNodeAdded@298] onNodeAdded: {"children":["root_c0_c0","root_c0_c1","root_c0_c2","root_c0_c3","root_c0_c4","root_c0_c5"],"component":"Column","id":"root_c0","styles":{"align-content":"stretch","align-items":"stretch","align-self":"auto","background-color":"transparent","border-color":"#0000001A","border-radius":"0px","border-style":"solid","border-width":"0px","filter":"none","flex-direction":"column","flex-grow":0,"flex-shrink":1,"flex-wrap":"nowrap","height":198.0,"justify-content":"flex-start","opacity":1,"visibility":"visible","width":200.0,"x":0.0,"y":0.0}}, parentId:root
08-27 12:48:40.355 D/AGenUI  (29018): 12:48:40.354 [logYogaLayoutInfo@277] [layout] id=root_c0_c0 type=Row parent=root_c0 xywh=(0.0,0.0,200.0,41.0) flex=(0.0,1.0) child=2 aspect=nan measure=0
08-27 12:48:40.357 D/AGenUI  (29018): 12:48:40.356 [onNodeAdded@298] onNodeAdded: {"children":["root_c0_c0_c0","root_c0_c0_c1"],"component":"Row","id":"root_c0_c0","styles":{"align-content":"stretch","align-items":"stretch","align-self":"auto","background-color":"transparent","border-color":"#0000001A","border-radius":"0px","border-style":"solid","border-width":"0px","filter":"none","flex-direction":"column","flex-grow":0,"flex-shrink":1,"flex-wrap":"nowrap","height":41.0,"justify-content":"flex-start","opacity":1,"paddingBottom":12,"paddingLeft":16,"paddingRight":16,"paddingTop":16,"visibility":"visible","width":200.0,"x":0.0,"y":0.0}}, parentId:root_c0
08-27 12:48:40.358 D/AGenUI  (29018): 12:48:40.357 [logYogaLayoutInfo@277] [layout] id=root_c0_c0_c0 type=Text parent=root_c0_c0 xywh=(0.0,0.0,113.0,41.0) flex=(0.0,1.0) child=0 aspect=nan measure=1
08-27 12:48:40.360 D/AGenUI  (29018): 12:48:40.358 [onNodeAdded@298] onNodeAdded: {"component":"Text","id":"root_c0_c0_c0","styles":{"align-content":"stretch","align-items":"stretch","align-self":"auto","background-color":"transparent","border-color":"#0000001A","border-radius":"0px","border-style":"solid","border-width":"0px","color":"#181818","filter":"none","flex-direction":"column","flex-grow":0,"flex-shrink":1,"flex-wrap":"nowrap","font-family":"system","font-size":"28px","fontSize":18,"fontWeight":"bold","height":41.0,"justify-content":"flex-start","line-clamp":1,"line-height":"40px","lines":1,"opacity":1,"text-align":"left","text-overflow":"ellipsis","visibility":"visible","width":113.0,"x":0.0,"y":0.0},"text":"待办事项","variant":"body"}, parentId:root_c0_c0
08-27 12:48:40.361 D/AGenUI  (29018): 12:48:40.360 [logYogaLayoutInfo@277] [layout] id=root_c0_c0_c1 type=Text parent=root_c0_c0 xywh=(113.0,0.0,45.0,41.0) flex=(0.0,1.0) child=0 aspect=nan measure=1
08-27 12:48:40.362 D/AGenUI  (29018): 12:48:40.362 [onNodeAdded@298] onNodeAdded: {"component":"Text","id":"root_c0_c0_c1","styles":{"align-content":"stretch","align-items":"stretch","align-self":"auto","background-color":"transparent","border-color":"#0000001A","border-radius":"0px","border-style":"solid","border-width":"0px","color":"#007DFF","filter":"none","flex-direction":"column","flex-grow":0,"flex-shrink":1,"flex-wrap":"nowrap","font-family":"system","font-size":"28px","fontSize":14,"fontWeight":"bold","height":41.0,"justify-content":"flex-start","line-clamp":1,"line-height":"40px","lines":1,"marginLeft":8,"opacity":1,"text-align":"left","text-overflow":"ellipsis","visibility":"visible","width":45.0,"x":113.0,"y":0.0},"text":"1/3","variant":"body"}, parentId:root_c0_c0
08-27 12:48:40.363 D/AGenUI  (29018): 12:48:40.363 [logYogaLayoutInfo@277] [layout] id=root_c0_c1 type=Row parent=root_c0 xywh=(0.0,41.0,200.0,41.0) flex=(0.0,1.0) child=2 aspect=nan measure=0
08-27 12:48:40.365 D/AGenUI  (29018): 12:48:40.364 [onNodeAdded@298] onNodeAdded: {"children":["root_c0_c1_c0","root_c0_c1_c1"],"component":"Row","id":"root_c0_c1","styles":{"align-content":"stretch","align-items":"stretch","align-self":"auto","background-color":"transparent","border-color":"#0000001A","border-radius":"0px","border-style":"solid","border-width":"0px","filter":"none","flex-direction":"column","flex-grow":0,"flex-shrink":1,"flex-wrap":"nowrap","height":41.0,"justify-content":"flex-start","opacity":1,"paddingBottom":4,"paddingLeft":16,"paddingRight":16,"paddingTop":4,"visibility":"visible","width":200.0,"x":0.0,"y":41.0}}, parentId:root_c0
08-27 12:48:40.366 D/AGenUI  (29018): 12:48:40.365 [logYogaLayoutInfo@277] [layout] id=root_c0_c1_c0 type=CheckBox parent=root_c0_c1 xywh=(0.0,4.0,28.0,32.0) flex=(0.0,1.0) child=0 aspect=nan measure=1
08-27 12:48:40.368 D/AGenUI  (29018): 12:48:40.367 [onNodeAdded@298] onNodeAdded: {"checked":true,"component":"CheckBox","id":"root_c0_c1_c0","label":"","styles":{"align-content":"stretch","align-items":"stretch","align-self":"auto","background-color":"transparent","border-color":"#0000001A","border-radius":"0px","border-style":"solid","border-width":"0px","color":"#007DFF","filter":"none","flex-direction":"column","flex-grow":0,"flex-shrink":1,"flex-wrap":"nowrap","font-size":"32px","height":32.0,"justify-content":"flex-start","opacity":1,"text-color":"#000000","visibility":"visible","width":28.0,"x":0.0,"y":4.0},"value":false}, parentId:root_c0_c1
08-27 12:48:40.371 D/AGenUI  (29018): 12:48:40.370 [logYogaLayoutInfo@277] [layout] id=root_c0_c1_c1 type=Text parent=root_c0_c1 xywh=(27.0,0.0,173.0,41.0) flex=(0.0,1.0) child=0 aspect=nan measure=1
08-27 12:48:40.373 D/AGenUI  (29018): 12:48:40.372 [onNodeAdded@298] onNodeAdded: {"component":"Text","id":"root_c0_c1_c1","styles":{"align-content":"stretch","align-items":"stretch","align-self":"auto","background-color":"transparent","border-color":"#0000001A","border-radius":"0px","border-style":"solid","border-width":"0px","color":"#999999","filter":"none","flex-direction":"column","flex-grow":0,"flex-shrink":1,"flex-wrap":"nowrap","font-family":"system","font-size":"28px","fontSize":14,"height":41.0,"justify-content":"flex-start","line-clamp":1,"line-height":"40px","lines":1,"opacity":1,"text-align":"left","text-overflow":"ellipsis","textDecoration":"line-through","visibility":"visible","width":173.0,"x":27.0,"y":0.0},"text":"完成鸿蒙令牌迁移","variant":"body"}, parentId:root_c0_c1
08-27 12:48:40.374 D/AGenUI  (29018): 12:48:40.373 [logYogaLayoutInfo@277] [layout] id=root_c0_c2 type=Divider parent=root_c0 xywh=(0.0,90.0,200.0,1.0) flex=(0.0,1.0) child=0 aspect=nan measure=0
08-27 12:48:40.376 D/AGenUI  (29018): 12:48:40.375 [onNodeAdded@298] onNodeAdded: {"axis":"horizontal","component":"Divider","id":"root_c0_c2","styles":{"align-content":"stretch","align-items":"stretch","align-self":"auto","background-color":"#0000000F","backgroundColor":"#E8EAED","border-color":"#0000001A","border-radius":"0px","border-style":"solid","border-width":"0px","filter":"none","flex-direction":"column","flex-grow":0,"flex-shrink":1,"flex-wrap":"nowrap","height":1.0,"justify-content":"flex-start","margin-bottom":"8px","margin-top":"8px","marginLeft":16,"marginRight":16,"opacity":1,"visibility":"visible","width":200.0,"x":0.0,"y":90.0}}, parentId:root_c0
08-27 12:48:40.377 D/AGenUI  (29018): 12:48:40.376 [logYogaLayoutInfo@277] [layout] id=root_c0_c3 type=Row parent=root_c0 xywh=(0.0,99.0,200.0,41.0) flex=(0.0,1.0) child=2 aspect=nan measure=0
08-27 12:48:40.379 D/AGenUI  (29018): 12:48:40.378 [onNodeAdded@298] onNodeAdded: {"children":["root_c0_c3_c0","root_c0_c3_c1"],"component":"Row","id":"root_c0_c3","styles":{"align-content":"stretch","align-items":"stretch","align-self":"auto","background-color":"transparent","border-color":"#0000001A","border-radius":"0px","border-style":"solid","border-width":"0px","filter":"none","flex-direction":"column","flex-grow":0,"flex-shrink":1,"flex-wrap":"nowrap","height":41.0,"justify-content":"flex-start","opacity":1,"paddingBottom":4,"paddingLeft":16,"paddingRight":16,"paddingTop":4,"visibility":"visible","width":200.0,"x":0.0,"y":99.0}}, parentId:root_c0
08-27 12:48:40.380 D/AGenUI  (29018): 12:48:40.379 [logYogaLayoutInfo@277] [layout] id=root_c0_c3_c0 type=CheckBox parent=root_c0_c3 xywh=(0.0,4.0,28.0,32.0) flex=(0.0,1.0) child=0 aspect=nan measure=1
08-27 12:48:40.382 D/AGenUI  (29018): 12:48:40.381 [onNodeAdded@298] onNodeAdded: {"checked":false,"component":"CheckBox","id":"root_c0_c3_c0","label":"","styles":{"align-content":"stretch","align-items":"stretch","align-self":"auto","background-color":"transparent","border-color":"#0000001A","border-radius":"0px","border-style":"solid","border-width":"0px","color":"#007DFF","filter":"none","flex-direction":"column","flex-grow":0,"flex-shrink":1,"flex-wrap":"nowrap","font-size":"32px","height":32.0,"justify-content":"flex-start","opacity":1,"text-color":"#000000","visibility":"visible","width":28.0,"x":0.0,"y":4.0},"value":false}, parentId:root_c0_c3
08-27 12:48:40.383 D/AGenUI  (29018): 12:48:40.383 [logYogaLayoutInfo@277] [layout] id=root_c0_c3_c1 type=Text parent=root_c0_c3 xywh=(27.0,0.0,173.0,41.0) flex=(0.0,1.0) child=0 aspect=nan measure=1
08-27 12:48:40.385 D/AGenUI  (29018): 12:48:40.384 [onNodeAdded@298] onNodeAdded: {"component":"Text","id":"root_c0_c3_c1","styles":{"align-content":"stretch","align-items":"stretch","align-self":"auto","background-color":"transparent","border-color":"#0000001A","border-radius":"0px","border-style":"solid","border-width":"0px","color":"#181818","filter":"none","flex-direction":"column","flex-grow":0,"flex-shrink":1,"flex-wrap":"nowrap","font-family":"system","font-size":"28px","fontSize":14,"height":41.0,"justify-content":"flex-start","line-clamp":1,"line-height":"40px","lines":1,"opacity":1,"text-align":"left","text-overflow":"ellipsis","visibility":"visible","width":173.0,"x":27.0,"y":0.0},"text":"Playground 控件适配","variant":"body"}, parentId:root_c0_c3
08-27 12:48:40.386 D/AGenUI  (29018): 12:48:40.386 [logYogaLayoutInfo@277] [layout] id=root_c0_c4 type=Divider parent=root_c0 xywh=(0.0,148.0,200.0,1.0) flex=(0.0,1.0) child=0 aspect=nan measure=0
08-27 12:48:40.388 D/AGenUI  (29018): 12:48:40.387 [onNodeAdded@298] onNodeAdded: {"axis":"horizontal","component":"Divider","id":"root_c0_c4","styles":{"align-content":"stretch","align-items":"stretch","align-self":"auto","background-color":"#0000000F","backgroundColor":"#E8EAED","border-color":"#0000001A","border-radius":"0px","border-style":"solid","border-width":"0px","filter":"none","flex-direction":"column","flex-grow":0,"flex-shrink":1,"flex-wrap":"nowrap","height":1.0,"justify-content":"flex-start","margin-bottom":"8px","margin-top":"8px","marginLeft":16,"marginRight":16,"opacity":1,"visibility":"visible","width":200.0,"x":0.0,"y":148.0}}, parentId:root_c0
08-27 12:48:40.389 D/AGenUI  (29018): 12:48:40.388 [logYogaLayoutInfo@277] [layout] id=root_c0_c5 type=Row parent=root_c0 xywh=(0.0,157.0,200.0,41.0) flex=(0.0,1.0) child=2 aspect=nan measure=0
08-27 12:48:40.390 D/AGenUI  (29018): 12:48:40.390 [onNodeAdded@298] onNodeAdded: {"children":["root_c0_c5_c0","root_c0_c5_c1"],"component":"Row","id":"root_c0_c5","styles":{"align-content":"stretch","align-items":"stretch","align-self":"auto","background-color":"transparent","border-color":"#0000001A","border-radius":"0px","border-style":"solid","border-width":"0px","filter":"none","flex-direction":"column","flex-grow":0,"flex-shrink":1,"flex-wrap":"nowrap","height":41.0,"justify-content":"flex-start","opacity":1,"paddingBottom":16,"paddingLeft":16,"paddingRight":16,"paddingTop":4,"visibility":"visible","width":200.0,"x":0.0,"y":157.0}}, parentId:root_c0
08-27 12:48:40.391 D/AGenUI  (29018): 12:48:40.391 [logYogaLayoutInfo@277] [layout] id=root_c0_c5_c0 type=CheckBox parent=root_c0_c5 xywh=(0.0,4.0,28.0,32.0) flex=(0.0,1.0) child=0 aspect=nan measure=1
08-27 12:48:40.393 D/AGenUI  (29018): 12:48:40.392 [onNodeAdded@298] onNodeAdded: {"checked":false,"component":"CheckBox","id":"root_c0_c5_c0","label":"","styles":{"align-content":"stretch","align-items":"stretch","align-self":"auto","background-color":"transparent","border-color":"#0000001A","border-radius":"0px","border-style":"solid","border-width":"0px","color":"#007DFF","filter":"none","flex-direction":"column","flex-grow":0,"flex-shrink":1,"flex-wrap":"nowrap","font-size":"32px","height":32.0,"justify-content":"flex-start","opacity":1,"text-color":"#000000","visibility":"visible","width":28.0,"x":0.0,"y":4.0},"value":false}, parentId:root_c0_c5
08-27 12:48:40.394 D/AGenUI  (29018): 12:48:40.393 [logYogaLayoutInfo@277] [layout] id=root_c0_c5_c1 type=Text parent=root_c0_c5 xywh=(27.0,0.0,173.0,41.0) flex=(0.0,1.0) child=0 aspect=nan measure=1
08-27 12:48:40.396 D/AGenUI  (29018): 12:48:40.395 [onNodeAdded@298] onNodeAdded: {"component":"Text","id":"root_c0_c5_c1","styles":{"align-content":"stretch","align-items":"stretch","align-self":"auto","background-color":"transparent","border-color":"#0000001A","border-radius":"0px","border-style":"solid","border-width":"0px","color":"#181818","filter":"none","flex-direction":"column","flex-grow":0,"flex-shrink":1,"flex-wrap":"nowrap","font-family":"system","font-size":"28px","fontSize":14,"height":41.0,"justify-content":"flex-start","line-clamp":1,"line-height":"40px","lines":1,"opacity":1,"text-align":"left","text-overflow":"ellipsis","visibility":"visible","width":173.0,"x":27.0,"y":0.0},"text":"Widget 模板风格化","variant":"body"}, parentId:root_c0_c5
08-27 12:48:40.397 I/NativeEventBridge(29018): 12:48:40.397 [onComponentsAdd@70] onComponentsAdd: surfaceId=widget_-1_1787806120153, parents=16, components=16, components=[{"children":["root_c0"],"component":"Card","id":"root","styles":{"align-content":"stretch","align-items":"stretch","align-self":"auto","background-color":"transparent","backgroundColor":"#FFFFFF","border-color":"#0000001A","border-radius":"16px","border-style":"solid","border-width":"0px","borderRadius":16,"elevation":2,"filter":"none","flex-direction":"column","flex-grow":0,"flex-shrink":1,"flex-wrap":"nowrap","height":198.0,"justify-content":"flex-start","opacity":1,"visibility":"visible","width":200.0,"x":0.0,"y":0.0}}, {"children":["root_c0_c0","root_c0_c1","root_c0_c2","root_c0_c3","root_c0_c4","root_c0_c5"],"component":"Column","id":"root_c0","styles":{"align-content":"stretch","align-items":"stretch","align-self":"auto","background-color":"transparent","border-color":"#0000001A","border-radius":"0px","border-style":"solid","border-width":"0px","filter":"none","flex-direction":"column","flex-grow":0,"flex-shrink":1,"flex-wrap":"nowrap","height":198.0,"justify-content":"flex-start","opacity":1,"visibility":"visible","width":200.0,"x":0.0,"y":0.0}}, {"children":["root_c0_c0_c0","root_c0_c0_c1"],"component":"Row","id":"root_c0_c0","styles":{"align-content":"stretch","align-items":"stretch","align-self":"auto","background-color":"transparent","border-color":"#0000001A","border-radius":"0px","border-style":"solid","border-width":"0px","filter":"none","flex-direction":"column","flex-grow":0,"flex-shrink":1,"flex-wrap":"nowrap","height":41.0,"justify-content":"flex-start","opacity":1,"paddingBottom":12,"paddingLeft":16,"paddingRight":16,"paddingTop":16,"visibility":"visible","width":200.0,"x":0.0,"y":0.0}}, {"component":"Text","id":"root_c0_c0_c0","styles":{"align-content":"stretch","align-items":"stretch","align-self":"auto","background-color":"transparent","border-color":"#0000001A","border-radius":"0px","border-style":"solid","border-width":"0px","color":"#181818","filter":"none","flex-direction":"column","flex-grow":0,"flex-shrink":1,"flex-wrap":"nowrap","font-family":"system","font-size":"28px","fontSize":18,"fontWeight":"bold","height":41.0,"justify-content":"flex-start","line-clamp":1,"line-height":"40px","lines":1,"opacity":1,"text-align":"left","text-overflow":"ellipsis","visibility":"visible","width":113.0,"x":0.0,"y":0.0},"text":"待办事项","variant":"body"}, {"component":"Text","id":"root_c0_c0_c1","styles":{"align-content":"stretch","align-items":"stretch","align-self":"auto","background-color":"transparent","border-color":"#0000001A","border-radius":"0px","border-style":"solid","border-width":"0px","color":"#007DFF","filter":"none","flex-direction":"column","flex-grow":0,"flex-shrink":1,"flex-wrap":"nowrap","font-family":"system","font-size":"28px","fontSize":14,"fontWeight":"bold","height":41.0,"justify-content":"flex-start","line-clamp":1,"line-height":"40px","lines":1,"marginLeft":8,"opacity":1,"text-align":"left","text-overflow":"ellipsis","visibility":"visible","width":45.0,"x":113.0,"y":0.0},"text":"1/3","variant":"body"}, {"children":["root_c0_c1_c0","root_c0_c1_c1"],"component":"Row","id":"root_c0_c1","styles":{"align-content":"stretch","align-items":"stretch","align-self":"auto","background-color":"transparent","border-color":"#0000001A","border-radius":"0px","border-style":"solid","border-width":"0px","filter":"none","flex-direction":"column","flex-grow":0,"flex-shrink":1,"flex-wrap":"nowrap","height":41.0,"justify-content":"flex-start","opacity":1,"paddingBottom":4,"paddingLeft":16,"paddingRight":16,"paddingTop":4,"visibility":"visible","width":200.0,"x":0.0,"y":41.0}}, {"checked":true,"component":"CheckBox","id":"root_c0_c1_c0","label":"","styles":{"align-content":"stretch","align-items":"stretch","align-self":"auto","background-color":"transparent","border-color":"#0000001A","border-radius":"0px","border-style":"solid","border-width":"0px","color":"#007DFF","filter":"none","flex-direction":"column","flex-grow":0,"flex-shri
08-27 12:48:40.399 D/AGenUI  (29018): 12:48:40.398 [updateComponents@112] success: {"version":"v0.9","updateComponents":{"surfaceId":"widget_-1_1787806120153","components":[{"id":"root_c0_c0_c0","component":"Text","text":"待办事项","styles":{"fontSize":18,"fontWeight":"bold","color":"#181818"}},{"id":"root_c0_c0_c1","component":"Text","text":"1\/3","styles":{"fontSize":14,"fontWeight":"bold","color":"#007DFF","marginLeft":8}},{"id":"root_c0_c0","component":"Row","styles":{"paddingLeft":16,"paddingTop":16,"paddingRight":16,"paddingBottom":12,"alignItems":"center"},"children":["root_c0_c0_c0","root_c0_c0_c1"]},{"id":"root_c0_c1_c0","component":"CheckBox","checked":true,"styles":{"color":"#007DFF"}},{"id":"root_c0_c1_c1","component":"Text","text":"完成鸿蒙令牌迁移","styles":{"fontSize":14,"color":"#999999","textDecoration":"line-through"}},{"id":"root_c0_c1","component":"Row","styles":{"paddingLeft":16,"paddingRight":16,"paddingTop":4,"paddingBottom":4,"alignItems":"center"},"children":["root_c0_c1_c0","root_c0_c1_c1"]},{"id":"root_c0_c2","component":"Divider","styles":{"backgroundColor":"#E8EAED","height":1,"marginLeft":16,"marginRight":16}},{"id":"root_c0_c3_c0","component":"CheckBox","checked":false,"styles":{"color":"#007DFF"}},{"id":"root_c0_c3_c1","component":"Text","text":"Playground 控件适配","styles":{"fontSize":14,"color":"#181818"}},{"id":"root_c0_c3","component":"Row","styles":{"paddingLeft":16,"paddingRight":16,"paddingTop":4,"paddingBottom":4,"alignItems":"center"},"children":["root_c0_c3_c0","root_c0_c3_c1"]},{"id":"root_c0_c4","component":"Divider","styles":{"backgroundColor":"#E8EAED","height":1,"marginLeft":16,"marginRight":16}},{"id":"root_c0_c5_c0","component":"CheckBox","checked":false,"styles":{"color":"#007DFF"}},{"id":"root_c0_c5_c1","component":"Text","text":"Widget 模板风格化","styles":{"fontSize":14,"color":"#181818"}},{"id":"root_c0_c5","component":"Row","styles":{"paddingLeft":16,"paddingRight":16,"paddingTop":4,"paddingBottom":16,"alignItems":"center"},"children":["root_c0_c5_c0","root_c0_c5_c1"]},{"id":"root_c0","component":"Column","children":["root_c0_c0","root_c0_c1","root_c0_c2","root_c0_c3","root_c0_c4","root_c0_c5"]},{"id":"root","component":"Card","styles":{"borderRadius":16,"backgroundColor":"#FFFFFF","elevation":2},"children":["root_c0"]}]}}
08-27 12:48:40.400 D/surface_updateDataModel_begin(29018): [PERF] 12:48:40.399 [updateDataModel@234] widget_-1_1787806120153
08-27 12:48:40.401 D/AGenUI  (29018): 12:48:40.400 [updateData@50] path:/, jsonValue:{"items":[{"done":true,"text":"完成鸿蒙令牌迁移"},{"done":false,"text":"Playground 控件适配"},{"done":false,"text":"Widget 模板风格化"}],"progress":"1/3","title":"待办事项","view":"pending"}
08-27 12:48:40.402 D/surface_updateDataModel_end(29018): [PERF] 12:48:40.401 [updateDataModel@253] widget_-1_1787806120153
08-27 12:48:40.403 D/AGenUI  (29018): 12:48:40.402 [updateDataModel@137] success: {"version":"v0.9","updateDataModel":{"surfaceId":"widget_-1_1787806120153","value":{"title":"待办事项","progress":"1\/3","view":"pending","items":[{"text":"完成鸿蒙令牌迁移","done":true},{"text":"Playground 控件适配","done":false},{"text":"Widget 模板风格化","done":false}]}}}
08-27 12:48:40.404 D/stream_assembling_end(29018): [PERF] 12:48:40.403 [processDataAssembling@57] 
08-27 12:48:40.405 D/AGenUI  (29018): 12:48:40.404 [processDataEnding@61] processing end
08-27 12:48:40.406 D/stream_end(29018): [PERF] 12:48:40.405 [processDataEnding@66] 
08-27 12:48:40.417 D/StyleHelper(29018): 12:48:40.416 [parseDimension@296] parseDimension '32px' -> 48px
08-27 12:48:40.418 D/StyleHelper(29018): 12:48:40.418 [parseDimension@296] parseDimension '3px' -> 5px
08-27 12:48:40.420 D/StyleHelper(29018): 12:48:40.419 [parseDimension@296] parseDimension '12px' -> 18px
08-27 12:48:40.427 D/DividerComponent(29018): 12:48:40.427 [updateDivider@169] updateDivider: axis=horizontal, thickness=1.0, imgUrl=null
08-27 12:48:40.437 D/DividerComponent(29018): 12:48:40.436 [updateDivider@169] updateDivider: axis=horizontal, thickness=1.0, imgUrl=null
08-27 12:48:40.445 D/AGenUIWidgetRenderSvc(29018): onRootComponentUpdate: widget_-1_1787806120153, props={children=[root_c0], styles={align-content=stretch, align-items=stretch, align-self=auto, background-color=transparent, backgroundColor=#FFFFFF, border-color=#0000001A, border-radius=16px, border-style=solid, border-width=0px, borderRadius=16.0, elevation=2.0, filter=none, flex-direction=column, flex-grow=0.0, flex-shrink=1.0, flex-wrap=nowrap, height=198.0, justify-content=flex-start, opacity=1.0, visibility=visible, width=200.0, x=0.0, y=0.0}}
08-27 12:48:40.447 D/components_applied(29018): [PERF] 12:48:40.446 [lambda$onComponentsAdd$2$com-amap-agenui-render-surface-NativeEventBridge@76] widget_-1_1787806120153
08-27 12:48:40.545 D/AGenUIWidgetRenderSvc(29018): Surface ready, proceeding to draw
08-27 12:48:40.556 D/WidgetBitmapRenderer(29018): Measured: 300x297
08-27 12:48:40.558 D/AGenUI  (29018): 12:48:40.557 [handleSurfaceSizeChanged@286] handleSurfaceSizeChanged: surfaceId:widget_-1_1787806120153, width:200.0, height:198.0
08-27 12:48:40.559 D/AGenUI  (29018): 12:48:40.558 [notifySurfaceSizeChanged@250] notifySurfaceSizeChanged
08-27 12:48:40.571 D/WidgetBitmapRenderer(29018): Bitmap: 300x297, bytes=356400
08-27 12:48:40.583 D/WidgetBitmapRenderer(29018): Debug bitmap saved: /storage/emulated/0/Android/data/com.amap.agenuiplayground/files/widget_render_debug.png
08-27 12:48:40.584 D/WidgetBitmapRenderer(29018): View hierarchy:
08-27 12:48:40.584 D/WidgetBitmapRenderer(29018):  [300x297] measured=[300x297] vis=0 tag=null
08-27 12:48:40.584 D/WidgetBitmapRenderer(29018):    [300x297] measured=[300x297] vis=0 tag=null
08-27 12:48:40.584 D/WidgetBitmapRenderer(29018):     YogaAbsoluteLayout [300x297] measured=[300x297] vis=0 tag=null
08-27 12:48:40.584 D/WidgetBitmapRenderer(29018):       YogaAbsoluteLayout [300x297] measured=[300x297] vis=0 tag=null
08-27 12:48:40.584 D/WidgetBitmapRenderer(29018):         YogaAbsoluteLayout [300x62] measured=[300x62] vis=0 tag=null
08-27 12:48:40.584 D/WidgetBitmapRenderer(29018):           TextView [170x62] measured=[170x62] vis=0 tag=null
08-27 12:48:40.584 D/WidgetBitmapRenderer(29018):           TextView [68x62] measured=[68x62] vis=0 tag=null
08-27 12:48:40.584 D/WidgetBitmapRenderer(29018):         YogaAbsoluteLayout [300x62] measured=[300x62] vis=0 tag=null
08-27 12:48:40.584 D/WidgetBitmapRenderer(29018):           LinearLayout [42x48] measured=[42x48] vis=0 tag=null
08-27 12:48:40.584 D/WidgetBitmapRenderer(29018):             LinearLayout [42x48] measured=[42x48] vis=0 tag=null
08-27 12:48:40.584 D/WidgetBitmapRenderer(29018):               CustomCheckBoxView [48x48] measured=[48x48] vis=0 tag=null
08-27 12:48:40.584 D/WidgetBitmapRenderer(29018):               TextView [0x48] measured=[0x48] vis=0 tag=null
08-27 12:48:40.584 D/WidgetBitmapRenderer(29018):             TextView [0x0] measured=[0x0] vis=8 tag=null
08-27 12:48:40.584 D/WidgetBitmapRenderer(29018):           TextView [260x62] measured=[260x62] vis=0 tag=null
08-27 12:48:40.584 D/WidgetBitmapRenderer(29018):         DividerView [300x2] measured=[300x2] vis=0 tag=null
08-27 12:48:40.584 D/WidgetBitmapRenderer(29018):         YogaAbsoluteLayout [300x62] measured=[300x62] vis=0 tag=null
08-27 12:48:40.584 D/WidgetBitmapRenderer(29018):           LinearLayout [42x48] measured=[42x48] vis=0 tag=null
08-27 12:48:40.584 D/WidgetBitmapRenderer(29018):             LinearLayout [42x48] measured=[42x48] vis=0 tag=null
08-27 12:48:40.584 D/WidgetBitmapRenderer(29018):               CustomCheckBoxView [48x48] measured=[48x48] vis=0 tag=null
08-27 12:48:40.584 D/WidgetBitmapRenderer(29018):               TextView [0x48] measured=[0x48] vis=0 tag=null
08-27 12:48:40.584 D/WidgetBitmapRenderer(29018):             TextView [0x0] measured=[0x0] vis=8 tag=null
08-27 12:48:40.584 D/WidgetBitmapRenderer(29018):           TextView [260x62] measured=[260x62] vis=0 tag=null
08-27 12:48:40.584 D/WidgetBitmapRenderer(29018):         DividerView [300x2] measured=[300x2] vis=0 tag=null
08-27 12:48:40.584 D/WidgetBitmapRenderer(29018):         YogaAbsoluteLayout [300x62] measured=[300x62] vis=0 tag=null
08-27 12:48:40.584 D/WidgetBitmapRenderer(29018):           LinearLayout [42x48] measured=[42x48] vis=0 tag=null
08-27 12:48:40.584 D/WidgetBitmapRenderer(29018):             LinearLayout [42x48] measured=[42x48] vis=0 tag=null
08-27 12:48:40.584 D/WidgetBitmapRenderer(29018):               CustomCheckBoxView [48x48] measured=[48x48] vis=0 tag=null
08-27 12:48:40.584 D/WidgetBitmapRenderer(29018):               TextView [0x48] measured=[0x48] vis=0 tag=null
08-27 12:48:40.584 D/WidgetBitmapRenderer(29018):             TextView [0x0] measured=[0x0] vis=8 tag=null
08-27 12:48:40.584 D/WidgetBitmapRenderer(29018):           TextView [260x62] measured=[260x62] vis=0 tag=null
08-27 12:48:40.584 D/AGenUIWidgetRenderSvc(29018): Widget updated: AGenUI · todo
08-27 12:48:40.584 D/WidgetSurfacePool(29018): Released SurfaceManager for template=todo, pool size=1
08-27 12:48:40.584 D/AGenUIWidgetRenderSvc(29018): renderSync: id=-1, template=meeting
08-27 12:48:40.585 D/AGenUIWidgetRenderSvc(29018): Widget dimensions: 300x400 (MEDIUM)
08-27 12:48:40.587 D/WidgetTemplateValidator(29018): Validated: 23 unique component IDs
08-27 12:48:40.597 D/AGenUIWidgetRenderSvc(29018): Converted 3 chunks for template: meeting
08-27 12:48:40.598 W/AGenUI  (29018): 12:48:40.597 [initialize@68] Module already initialized
08-27 12:48:40.599 D/AGenUI  (29018): 12:48:40.598 [setDebug@278] build type set to debug
08-27 12:48:40.600 D/AGenUI  (29018): 12:48:40.599 [jni_createSurfaceManager@42] [JNI] createSurfaceManager
08-27 12:48:40.601 D/AGenUI  (29018): 12:48:40.600 [createSurfaceManager@90] begin creating
08-27 12:48:40.602 D/AGenUI  (29018): 12:48:40.601 [enterRunning@22] enter running, 5
08-27 12:48:40.603 D/AGenUI  (29018): 12:48:40.602 [createSurfaceManager@109] created, 5
08-27 12:48:40.603 D/AGenUI  (29018): 12:48:40.602 [init@40] init, 5
08-27 12:48:40.604 D/AGenUI  (29018): 12:48:40.603 [SurfaceCoordinator@34] construction finished
08-27 12:48:40.604 D/AGenUI  (29018): 12:48:40.603 [jni_createSurfaceManager@54] [JNI] createSurfaceManager: created with instanceId=5
08-27 12:48:40.605 I/AGenUI  (29018): 12:48:40.604 [createSurfaceManager@168] SurfaceManager created: instanceId=5
08-27 12:48:40.606 D/AGenUI  (29018): 12:48:40.605 [jni_addEventListener@47] [JNI] addEventListener: instanceId=5
08-27 12:48:40.607 D/AGenUI  (29018): 12:48:40.606 [addSurfaceEventListener@84] add lisenter success 5, listener:0xb4000078d1eba650, 0xb400007971e7c690
08-27 12:48:40.608 D/AGenUI  (29018): 12:48:40.607 [addEventListener@7] listener:0xb4000078d1eba650, 0
08-27 12:48:40.608 D/AGenUI  (29018): 12:48:40.608 [jni_addEventListener@66] [JNI] addEventListener: success, instanceId=5
08-27 12:48:40.612 I/SurfaceManager(29018): 12:48:40.609 [addMessageListener@200] UIMessage listener registered: instanceId=5
08-27 12:48:40.613 D/AGenUI  (29018): 12:48:40.612 [jni_setSurfaceSizeProvider@241] [JNI] setSurfaceSizeProvider: instanceId=5
08-27 12:48:40.614 I/SurfaceManager(29018): 12:48:40.613 [<init>@90] SurfaceManager created with Context, instanceId=5
08-27 12:48:40.614 D/AGenUIWidgetRenderSvc(29018): Created new SurfaceManager
08-27 12:48:40.617 D/SurfaceManager(29018): 12:48:40.615 [addListener@167] Listener added: 
08-27 12:48:40.618 D/AGenUI  (29018): 12:48:40.617 [beginTextStream@144] begin text stream
08-27 12:48:40.619 D/surface_begin_text_stream(29018): [PERF] 12:48:40.619 [beginTextStream@148] instanceId=5
08-27 12:48:40.621 D/AGenUI  (29018): 12:48:40.620 [processDataBeginning@36] processing begin
08-27 12:48:40.621 D/surface_receive_text_chunk(29018): [PERF] 12:48:40.620 [receiveTextChunk@185] instanceId=5, bytes=171
08-27 12:48:40.622 D/surface_receive_text_chunk(29018): [PERF] 12:48:40.621 [receiveTextChunk@185] instanceId=5, bytes=3852
08-27 12:48:40.622 D/stream_begin(29018): [PERF] 12:48:40.621 [processDataBeginning@39] 
08-27 12:48:40.623 D/surface_receive_text_chunk(29018): [PERF] 12:48:40.622 [receiveTextChunk@185] instanceId=5, bytes=336
08-27 12:48:40.623 D/stream_assembling_begin(29018): [PERF] 12:48:40.622 [processDataAssembling@43] 
08-27 12:48:40.624 D/AGenUI  (29018): 12:48:40.624 [endTextStream@163] end text stream
08-27 12:48:40.624 D/AGenUI  (29018): 12:48:40.624 [processDataAssembling@44] {"version":"v0.9","createSurface":{"surfaceId":"widget_-1_1787806120585","catalogId":"https:\/\/a2ui.org\/specification\/v0_9\/catalogs\/basic\/catalog.json","width":300}}
08-27 12:48:40.626 D/surface_end_text_stream(29018): [PERF] 12:48:40.625 [endTextStream@167] instanceId=5
08-27 12:48:40.626 D/surface_create_begin(29018): [PERF] 12:48:40.625 [Surface@26] widget_-1_1787806120585
08-27 12:48:40.628 D/surface_create_end(29018): [PERF] 12:48:40.627 [Surface@49] widget_-1_1787806120585
08-27 12:48:40.629 D/AGenUI  (29018): 12:48:40.628 [createSurface@82] success: {"version":"v0.9","createSurface":{"surfaceId":"widget_-1_1787806120585","catalogId":"https:\/\/a2ui.org\/specification\/v0_9\/catalogs\/basic\/catalog.json","width":300}}
08-27 12:48:40.630 D/AGenUI  (29018): 12:48:40.629 [dispatchCreateSurface@36] surfaceId:widget_-1_1787806120585
08-27 12:48:40.631 I/NativeEventBridge(29018): 12:48:40.630 [onCreateSurface@45] onCreateSurface: surfaceId=widget_-1_1787806120585, catalogId=https://a2ui.org/specification/v0_9/catalogs/basic/catalog.json
08-27 12:48:40.632 D/SurfaceManager(29018): 12:48:40.632 [createSurface@324] createSurface: surfaceId=widget_-1_1787806120585
08-27 12:48:40.632 D/stream_assembling_end(29018): [PERF] 12:48:40.631 [processDataAssembling@57] 
08-27 12:48:40.633 D/stream_assembling_begin(29018): [PERF] 12:48:40.633 [processDataAssembling@43] 
08-27 12:48:40.633 D/Surface (29018): 12:48:40.633 [<init>@127] Surface created: id=widget_-1_1787806120585
08-27 12:48:40.634 D/AGenUIWidgetRenderSvc(29018): onCreateSurface: widget_-1_1787806120585
08-27 12:48:40.634 D/AGenUI  (29018): 12:48:40.634 [processDataAssembling@44] {"version":"v0.9","updateComponents":{"surfaceId":"widget_-1_1787806120585","components":[{"id":"root_c0_c0_c0_c0","component":"Text","text":"📅","styles":{"fontSize":18,"color":"#FFFFFF"}},{"id":"root_c0_c0_c0","component":"Container","styles":{"width":40,"height":40,"borderRadius":999,"backgroundColor":"rgba(255,255,255,0.15)","alignItems":"center","justifyContent":"center"},"children":["root_c0_c0_c0_c0"]},{"id":"root_c0_c0_c1","component":"Text","text":"产品周会","styles":{"fontSize":16,"fontWeight":"bold","color":"#FFFFFF","marginLeft":12,"flex":1}},{"id":"root_c0_c0","component":"Row","styles":{"paddingLeft":16,"paddingRight":16,"paddingTop":16,"paddingBottom":8,"alignItems":"center"},"children":["root_c0_c0_c0","root_c0_c0_c1"]},{"id":"root_c1_c0","component":"Text","text":"15:42","styles":{"fontSize":56,"fontWeight":"bold","color":"#FFFFFF","textAlign":"center"}},{"id":"root_c1_c1","component":"Text","text":"后开始","styles":{"fontSize":14,"color":"rgba(255,255,255,0.7)","textAlign":"center","marginTop":4}},{"id":"root_c1","component":"Column","styles":{"paddingLeft":16,"paddingRight":16,"paddingTop":8,"paddingBottom":16,"alignItems":"center"},"children":["root_c1_c0","root_c1_c1"]},{"id":"root_c2_c0_c0","component":"Text","text":"张","styles":{"fontSize":13,"color":"#FFFFFF"}},{"id":"root_c2_c0","component":"Container","styles":{"width":32,"height":32,"borderRadius":999,"backgroundColor":"#007DFF","alignItems":"center","justifyContent":"center"},"children":["root_c2_c0_c0"]},{"id":"root_c2_c1_c0","component":"Text","text":"李","styles":{"fontSize":13,"color":"#FFFFFF"}},{"id":"root_c2_c1","component":"Container","styles":{"width":32,"height":32,"borderRadius":999,"backgroundColor":"#34C759","marginLeft":-8,"alignItems":"center","justifyContent":"center"},"children":["root_c2_c1_c0"]},{"id":"root_c2_c2_c0","component":"Text","text":"王","styles":{"fontSize":13,"color":"#FFFFFF"}},{"id":"root_c2_c2","component":"Container","styles":{"width":32,"height":32,"borderRadius":999,"backgroundColor":"#FF9500","marginLeft":-8,"alignItems":"center","justifyContent":"center"},"children":["root_c2_c2_c0"]},{"id":"root_c2_c3_c0","component":"Text","text":"+5人","styles":{"fontSize":12,"color":"#FFFFFF"}},{"id":"root_c2_c3","component":"Container","styles":{"height":32,"borderRadius":999,"backgroundColor":"rgba(255,255,255,0.2)","marginLeft":-8,"paddingLeft":10,"paddingRight":10,"alignItems":"center","justifyContent":"center"},"children":["root_c2_c3_c0"]},{"id":"root_c2","component":"Row","styles":{"paddingLeft":16,"paddingRight":16,"paddingBottom":16,"alignItems":"center"},"children":["root_c2_c0","root_c2_c1","root_c2_c2","root_c2_c3"]},{"id":"root_c3_c0_c0","component":"Text","text":"📞 一键入会","styles":{"fontSize":14,"fontWeight":"bold","color":"#FFFFFF"}},{"id":"root_c3_c0","component":"Container","styles":{"height":40,"borderRadius":20,"backgroundColor":"#34C759","alignItems":"center","justifyContent":"center","paddingLeft":20,"paddingRight":20,"flex":1},"children":["root_c3_c0_c0"]},{"id":"root_c3_c1_c0","component":"Text","text":"议程","styles":{"fontSize":14,"color":"#FFFFFF"}},{"id":"root_c3_c1","component":"Container","styles":{"height":40,"borderRadius":20,"backgroundColor":"rgba(255,255,255,0.15)","alignItems":"center","justifyContent":"center","paddingLeft":16,"paddingRight":16,"marginLeft":8},"children":["root_c3_c1_c0"]},{"id":"root_c3","component":"Row","styles":{"paddingLeft":16,"paddingRight":16,"paddingBottom":16,"alignItems":"center"},"children":["root_c3_c0","root_c3_c1"]},{"id":"root_c0","component":"Column","children":["root_c0_c0","root_c1","root_c2","root_c3"]},{"id":"root","component":"Card","styles":{"borderRadius":16,"backgroundColor":"linear-gradient(135deg,#1a1a2e 0%,#16213e 50%,#0f3460 100%)","elevation":4},"children":["root_c0"]}]}}
08-27 12:48:40.634 D/SurfaceManager(29018): 12:48:40.634 [createSurface@404] ✓ Surface created: widget_-1_1787806120585
08-27 12:48:40.636 D/stream_assembling_end(29018): [PERF] 12:48:40.635 [processDataAssembling@57] 
08-27 12:48:40.637 D/stream_assembling_begin(29018): [PERF] 12:48:40.636 [processDataAssembling@43] 
08-27 12:48:40.638 D/AGenUI  (29018): 12:48:40.637 [processDataAssembling@44] {"version":"v0.9","updateDataModel":{"surfaceId":"widget_-1_1787806120585","value":{"meetingTitle":"产品周会","countdown":"15:42","startTime":"2026-08-27T10:00:00","attendees":["张三","李四","王五","赵六","钱七","孙八","周九","吴十"],"agenda":["上周进度回顾","本周目标对齐","风险与阻塞项","Q&A"]}}}
08-27 12:48:40.641 D/AGenUI  (29018): 12:48:40.640 [updateComponents@209] none template: Text
08-27 12:48:40.642 D/AGenUI  (29018): 12:48:40.641 [updateComponents@209] none template: Container
08-27 12:48:40.643 D/AGenUI  (29018): 12:48:40.642 [updateComponents@209] none template: Text
08-27 12:48:40.645 D/AGenUI  (29018): 12:48:40.644 [updateComponents@209] none template: Row
08-27 12:48:40.646 D/AGenUI  (29018): 12:48:40.645 [updateComponents@209] none template: Text
08-27 12:48:40.647 D/AGenUI  (29018): 12:48:40.646 [updateComponents@209] none template: Text
08-27 12:48:40.649 D/AGenUI  (29018): 12:48:40.648 [updateComponents@209] none template: Column
08-27 12:48:40.651 D/AGenUI  (29018): 12:48:40.649 [updateComponents@209] none template: Text
08-27 12:48:40.652 D/AGenUI  (29018): 12:48:40.651 [updateComponents@209] none template: Container
08-27 12:48:40.653 D/AGenUI  (29018): 12:48:40.653 [updateComponents@209] none template: Text
08-27 12:48:40.655 D/AGenUI  (29018): 12:48:40.654 [updateComponents@209] none template: Container
08-27 12:48:40.656 D/AGenUI  (29018): 12:48:40.655 [updateComponents@209] none template: Text
08-27 12:48:40.657 D/AGenUI  (29018): 12:48:40.656 [updateComponents@209] none template: Container
08-27 12:48:40.659 D/AGenUI  (29018): 12:48:40.658 [updateComponents@209] none template: Text
08-27 12:48:40.660 D/AGenUI  (29018): 12:48:40.659 [updateComponents@209] none template: Container
08-27 12:48:40.661 D/AGenUI  (29018): 12:48:40.661 [updateComponents@209] none template: Row
08-27 12:48:40.663 D/AGenUI  (29018): 12:48:40.662 [updateComponents@209] none template: Text
08-27 12:48:40.664 D/AGenUI  (29018): 12:48:40.663 [updateComponents@209] none template: Container
08-27 12:48:40.665 D/AGenUI  (29018): 12:48:40.664 [updateComponents@209] none template: Text
08-27 12:48:40.665 D/AGenUI  (29018): 12:48:40.665 [updateComponents@209] none template: Container
08-27 12:48:40.666 D/AGenUI  (29018): 12:48:40.666 [updateComponents@209] none template: Row
08-27 12:48:40.667 D/AGenUI  (29018): 12:48:40.666 [updateComponents@209] none template: Column
08-27 12:48:40.668 D/AGenUI  (29018): 12:48:40.667 [updateComponents@209] none template: Card
08-27 12:48:40.680 D/AGenUI  (29018): 12:48:40.679 [setupMeasureFunctionIfNeeded@329] [setupMeasureFunc] id=root_c0_c0_c0_c0 comp=Text decision=Register
08-27 12:48:40.683 D/AGenUI  (29018): 12:48:40.682 [setupMeasureFunctionIfNeeded@329] [setupMeasureFunc] id=root_c0_c0_c1 comp=Text decision=Register
08-27 12:48:40.685 D/AGenUI  (29018): 12:48:40.684 [setupMeasureFunctionIfNeeded@329] [setupMeasureFunc] id=root_c1_c0 comp=Text decision=Register
08-27 12:48:40.686 D/AGenUI  (29018): 12:48:40.686 [setupMeasureFunctionIfNeeded@329] [setupMeasureFunc] id=root_c1_c1 comp=Text decision=Register
08-27 12:48:40.688 D/AGenUI  (29018): 12:48:40.687 [setupMeasureFunctionIfNeeded@329] [setupMeasureFunc] id=root_c2_c0_c0 comp=Text decision=Register
08-27 12:48:40.689 D/AGenUI  (29018): 12:48:40.689 [setupMeasureFunctionIfNeeded@329] [setupMeasureFunc] id=root_c2_c1_c0 comp=Text decision=Register
08-27 12:48:40.691 D/AGenUI  (29018): 12:48:40.690 [setupMeasureFunctionIfNeeded@329] [setupMeasureFunc] id=root_c2_c2_c0 comp=Text decision=Register
08-27 12:48:40.692 D/AGenUI  (29018): 12:48:40.692 [setupMeasureFunctionIfNeeded@329] [setupMeasureFunc] id=root_c2_c3_c0 comp=Text decision=Register
08-27 12:48:40.694 D/AGenUI  (29018): 12:48:40.694 [setupMeasureFunctionIfNeeded@329] [setupMeasureFunc] id=root_c3_c0_c0 comp=Text decision=Register
08-27 12:48:40.696 D/AGenUI  (29018): 12:48:40.696 [setupMeasureFunctionIfNeeded@329] [setupMeasureFunc] id=root_c3_c1_c0 comp=Text decision=Register
08-27 12:48:40.699 D/AGenUI  (29018): 12:48:40.698 [measure@193] [JNI] AndroidBridgeMeasurement.measure start: type=Text, paramJson={"component":"Text","id":"root_c0_c0_c1","styles":{"background-color":"transparent","border-color":"#0000001A","border-radius":"0px","border-style":"solid","border-width":"0px","color":"#FFFFFF","filter":"none","flex":1,"font-family":"system","font-size":"28px","fontSize":16,"fontWeight":"bold","height":0.0,"line-clamp":1,"line-height":"40px","marginLeft":12,"opacity":1,"text-align":"left","text-overflow":"ellipsis","visibility":"visible","width":0.0,"x":0.0,"y":0.0},"text":"产品周会","variant":"body"}, width={maxValue=200.000000, mode=2}, height={maxValue=nan, mode=0}
08-27 12:48:40.700 W/MeasurementBridge(29018): 12:48:40.699 [directMeasure@91] directMeasure start: type=Text, paramJson={"component":"Text","id":"root_c0_c0_c1","styles":{"background-color":"transparent","border-color":"#0000001A","border-radius":"0px","border-style":"solid","border-width":"0px","color":"#FFFFFF","filter":"none","flex":1,"font-family":"system","font-size":"28px","fontSize":16,"fontWeight":"bold","height":0.0,"line-clamp":1,"line-height":"40px","marginLeft":12,"opacity":1,"text-align":"left","text-overflow":"ellipsis","visibility":"visible","width":0.0,"x":0.0,"y":0.0},"text":"产品周会","variant":"body"}, maxWidth=200.0, widthMode=2, maxHeight=NaN, heightMode=0
08-27 12:48:40.702 W/MeasurementBridge(29018): 12:48:40.702 [directMeasure@108] directMeasure result: type=Text, result=MeasureResult{calcType=0, width=113.0, height=41.0, lineCount=1}
08-27 12:48:40.703 D/AGenUI  (29018): 12:48:40.703 [measure@235] [JNI] AndroidBridgeMeasurement.measure result: type=Text, result=MeasureResult{calcType=Sync, width=113.000000, height=41.000000, countOfLines=1}
08-27 12:48:40.704 D/AGenUI  (29018): 12:48:40.704 [measure@193] [JNI] AndroidBridgeMeasurement.measure start: type=Text, paramJson={"component":"Text","id":"root_c1_c0","styles":{"background-color":"transparent","border-color":"#0000001A","border-radius":"0px","border-style":"solid","border-width":"0px","color":"#FFFFFF","filter":"none","font-family":"system","font-size":"28px","fontSize":56,"fontWeight":"bold","height":0.0,"line-clamp":1,"line-height":"40px","opacity":1,"text-align":"left","text-overflow":"ellipsis","textAlign":"center","visibility":"visible","width":0.0,"x":0.0,"y":0.0},"text":"15:42","variant":"body"}, width={maxValue=200.000000, mode=2}, height={maxValue=nan, mode=0}
08-27 12:48:40.705 W/MeasurementBridge(29018): 12:48:40.705 [directMeasure@91] directMeasure start: type=Text, paramJson={"component":"Text","id":"root_c1_c0","styles":{"background-color":"transparent","border-color":"#0000001A","border-radius":"0px","border-style":"solid","border-width":"0px","color":"#FFFFFF","filter":"none","font-family":"system","font-size":"28px","fontSize":56,"fontWeight":"bold","height":0.0,"line-clamp":1,"line-height":"40px","opacity":1,"text-align":"left","text-overflow":"ellipsis","textAlign":"center","visibility":"visible","width":0.0,"x":0.0,"y":0.0},"text":"15:42","variant":"body"}, maxWidth=200.0, widthMode=2, maxHeight=NaN, heightMode=0
08-27 12:48:40.708 W/MeasurementBridge(29018): 12:48:40.707 [directMeasure@108] directMeasure result: type=Text, result=MeasureResult{calcType=0, width=71.0, height=41.0, lineCount=1}
08-27 12:48:40.709 D/AGenUI  (29018): 12:48:40.708 [measure@235] [JNI] AndroidBridgeMeasurement.measure result: type=Text, result=MeasureResult{calcType=Sync, width=71.000000, height=41.000000, countOfLines=1}
08-27 12:48:40.710 D/AGenUI  (29018): 12:48:40.709 [measure@193] [JNI] AndroidBridgeMeasurement.measure start: type=Text, paramJson={"component":"Text","id":"root_c1_c1","styles":{"background-color":"transparent","border-color":"#0000001A","border-radius":"0px","border-style":"solid","border-width":"0px","color":"rgba(255,255,255,0.7)","filter":"none","font-family":"system","font-size":"28px","fontSize":14,"height":0.0,"line-clamp":1,"line-height":"40px","marginTop":4,"opacity":1,"text-align":"left","text-overflow":"ellipsis","textAlign":"center","visibility":"visible","width":0.0,"x":0.0,"y":0.0},"text":"后开始","variant":"body"}, width={maxValue=200.000000, mode=2}, height={maxValue=nan, mode=0}
08-27 12:48:40.711 W/MeasurementBridge(29018): 12:48:40.710 [directMeasure@91] directMeasure start: type=Text, paramJson={"component":"Text","id":"root_c1_c1","styles":{"background-color":"transparent","border-color":"#0000001A","border-radius":"0px","border-style":"solid","border-width":"0px","color":"rgba(255,255,255,0.7)","filter":"none","font-family":"system","font-size":"28px","fontSize":14,"height":0.0,"line-clamp":1,"line-height":"40px","marginTop":4,"opacity":1,"text-align":"left","text-overflow":"ellipsis","textAlign":"center","visibility":"visible","width":0.0,"x":0.0,"y":0.0},"text":"后开始","variant":"body"}, maxWidth=200.0, widthMode=2, maxHeight=NaN, heightMode=0
08-27 12:48:40.714 W/MeasurementBridge(29018): 12:48:40.713 [directMeasure@108] directMeasure result: type=Text, result=MeasureResult{calcType=0, width=85.0, height=41.0, lineCount=1}
08-27 12:48:40.716 D/AGenUI  (29018): 12:48:40.715 [measure@235] [JNI] AndroidBridgeMeasurement.measure result: type=Text, result=MeasureResult{calcType=Sync, width=85.000000, height=41.000000, countOfLines=1}
08-27 12:48:40.718 D/AGenUI  (29018): 12:48:40.717 [measure@193] [JNI] AndroidBridgeMeasurement.measure start: type=Text, paramJson={"component":"Text","id":"root_c2_c3_c0","styles":{"background-color":"transparent","border-color":"#0000001A","border-radius":"0px","border-style":"solid","border-width":"0px","color":"#FFFFFF","filter":"none","font-family":"system","font-size":"28px","fontSize":12,"height":0.0,"line-clamp":1,"line-height":"40px","opacity":1,"text-align":"left","text-overflow":"ellipsis","visibility":"visible","width":0.0,"x":0.0,"y":0.0},"text":"+5人","variant":"body"}, width={maxValue=200.000000, mode=2}, height={maxValue=32.000000, mode=2}
08-27 12:48:40.719 W/MeasurementBridge(29018): 12:48:40.718 [directMeasure@91] directMeasure start: type=Text, paramJson={"component":"Text","id":"root_c2_c3_c0","styles":{"background-color":"transparent","border-color":"#0000001A","border-radius":"0px","border-style":"solid","border-width":"0px","color":"#FFFFFF","filter":"none","font-family":"system","font-size":"28px","fontSize":12,"height":0.0,"line-clamp":1,"line-height":"40px","opacity":1,"text-align":"left","text-overflow":"ellipsis","visibility":"visible","width":0.0,"x":0.0,"y":0.0},"text":"+5人","variant":"body"}, maxWidth=200.0, widthMode=2, maxHeight=32.0, heightMode=2
08-27 12:48:40.721 W/MeasurementBridge(29018): 12:48:40.720 [directMeasure@108] directMeasure result: type=Text, result=MeasureResult{calcType=0, width=61.0, height=33.0, lineCount=1}
08-27 12:48:40.722 D/AGenUI  (29018): 12:48:40.722 [measure@235] [JNI] AndroidBridgeMeasurement.measure result: type=Text, result=MeasureResult{calcType=Sync, width=61.000000, height=33.000000, countOfLines=1}
08-27 12:48:40.723 D/AGenUI  (29018): 12:48:40.723 [measure@193] [JNI] AndroidBridgeMeasurement.measure start: type=Text, paramJson={"component":"Text","id":"root_c2_c3_c0","styles":{"background-color":"transparent","border-color":"#0000001A","border-radius":"0px","border-style":"solid","border-width":"0px","color":"#FFFFFF","filter":"none","font-family":"system","font-size":"28px","fontSize":12,"height":0.0,"line-clamp":1,"line-height":"40px","lines":1,"opacity":1,"text-align":"left","text-overflow":"ellipsis","visibility":"visible","width":0.0,"x":0.0,"y":0.0},"text":"+5人","variant":"body"}, width={maxValue=200.000000, mode=2}, height={maxValue=32.000000, mode=1}
08-27 12:48:40.724 W/MeasurementBridge(29018): 12:48:40.724 [directMeasure@91] directMeasure start: type=Text, paramJson={"component":"Text","id":"root_c2_c3_c0","styles":{"background-color":"transparent","border-color":"#0000001A","border-radius":"0px","border-style":"solid","border-width":"0px","color":"#FFFFFF","filter":"none","font-family":"system","font-size":"28px","fontSize":12,"height":0.0,"line-clamp":1,"line-height":"40px","lines":1,"opacity":1,"text-align":"left","text-overflow":"ellipsis","visibility":"visible","width":0.0,"x":0.0,"y":0.0},"text":"+5人","variant":"body"}, maxWidth=200.0, widthMode=2, maxHeight=32.0, heightMode=1
08-27 12:48:40.727 W/MeasurementBridge(29018): 12:48:40.726 [directMeasure@108] directMeasure result: type=Text, result=MeasureResult{calcType=0, width=61.0, height=33.0, lineCount=1}
08-27 12:48:40.728 D/AGenUI  (29018): 12:48:40.728 [measure@235] [JNI] AndroidBridgeMeasurement.measure result: type=Text, result=MeasureResult{calcType=Sync, width=61.000000, height=33.000000, countOfLines=1}
08-27 12:48:40.730 D/AGenUI  (29018): 12:48:40.729 [measure@193] [JNI] AndroidBridgeMeasurement.measure start: type=Text, paramJson={"component":"Text","id":"root_c3_c0_c0","styles":{"background-color":"transparent","border-color":"#0000001A","border-radius":"0px","border-style":"solid","border-width":"0px","color":"#FFFFFF","filter":"none","font-family":"system","font-size":"28px","fontSize":14,"fontWeight":"bold","height":0.0,"line-clamp":1,"line-height":"40px","opacity":1,"text-align":"left","text-overflow":"ellipsis","visibility":"visible","width":0.0,"x":0.0,"y":0.0},"text":"📞 一键入会","variant":"body"}, width={maxValue=200.000000, mode=2}, height={maxValue=40.000000, mode=2}
08-27 12:48:40.731 W/MeasurementBridge(29018): 12:48:40.730 [directMeasure@91] directMeasure start: type=Text, paramJson={"component":"Text","id":"root_c3_c0_c0","styles":{"background-color":"transparent","border-color":"#0000001A","border-radius":"0px","border-style":"solid","border-width":"0px","color":"#FFFFFF","filter":"none","font-family":"system","font-size":"28px","fontSize":14,"fontWeight":"bold","height":0.0,"line-clamp":1,"line-height":"40px","opacity":1,"text-align":"left","text-overflow":"ellipsis","visibility":"visible","width":0.0,"x":0.0,"y":0.0},"text":"📞 一键入会","variant":"body"}, maxWidth=200.0, widthMode=2, maxHeight=40.0, heightMode=2
08-27 12:48:40.734 W/MeasurementBridge(29018): 12:48:40.734 [directMeasure@108] directMeasure result: type=Text, result=MeasureResult{calcType=0, width=155.0, height=41.0, lineCount=1}
08-27 12:48:40.736 D/AGenUI  (29018): 12:48:40.735 [measure@235] [JNI] AndroidBridgeMeasurement.measure result: type=Text, result=MeasureResult{calcType=Sync, width=155.000000, height=41.000000, countOfLines=1}
08-27 12:48:40.737 D/AGenUI  (29018): 12:48:40.736 [measure@193] [JNI] AndroidBridgeMeasurement.measure start: type=Text, paramJson={"component":"Text","id":"root_c3_c0_c0","styles":{"background-color":"transparent","border-color":"#0000001A","border-radius":"0px","border-style":"solid","border-width":"0px","color":"#FFFFFF","filter":"none","font-family":"system","font-size":"28px","fontSize":14,"fontWeight":"bold","height":0.0,"line-clamp":1,"line-height":"40px","lines":1,"opacity":1,"text-align":"left","text-overflow":"ellipsis","visibility":"visible","width":0.0,"x":0.0,"y":0.0},"text":"📞 一键入会","variant":"body"}, width={maxValue=200.000000, mode=2}, height={maxValue=40.000000, mode=1}
08-27 12:48:40.738 W/MeasurementBridge(29018): 12:48:40.737 [directMeasure@91] directMeasure start: type=Text, paramJson={"component":"Text","id":"root_c3_c0_c0","styles":{"background-color":"transparent","border-color":"#0000001A","border-radius":"0px","border-style":"solid","border-width":"0px","color":"#FFFFFF","filter":"none","font-family":"system","font-size":"28px","fontSize":14,"fontWeight":"bold","height":0.0,"line-clamp":1,"line-height":"40px","lines":1,"opacity":1,"text-align":"left","text-overflow":"ellipsis","visibility":"visible","width":0.0,"x":0.0,"y":0.0},"text":"📞 一键入会","variant":"body"}, maxWidth=200.0, widthMode=2, maxHeight=40.0, heightMode=1
08-27 12:48:40.741 W/MeasurementBridge(29018): 12:48:40.740 [directMeasure@108] directMeasure result: type=Text, result=MeasureResult{calcType=0, width=155.0, height=41.0, lineCount=1}
08-27 12:48:40.742 D/AGenUI  (29018): 12:48:40.741 [measure@235] [JNI] AndroidBridgeMeasurement.measure result: type=Text, result=MeasureResult{calcType=Sync, width=155.000000, height=41.000000, countOfLines=1}
08-27 12:48:40.743 D/AGenUI  (29018): 12:48:40.742 [measure@193] [JNI] AndroidBridgeMeasurement.measure start: type=Text, paramJson={"component":"Text","id":"root_c3_c1_c0","styles":{"background-color":"transparent","border-color":"#0000001A","border-radius":"0px","border-style":"solid","border-width":"0px","color":"#FFFFFF","filter":"none","font-family":"system","font-size":"28px","fontSize":14,"height":0.0,"line-clamp":1,"line-height":"40px","opacity":1,"text-align":"left","text-overflow":"ellipsis","visibility":"visible","width":0.0,"x":0.0,"y":0.0},"text":"议程","variant":"body"}, width={maxValue=200.000000, mode=2}, height={maxValue=40.000000, mode=2}
08-27 12:48:40.744 W/MeasurementBridge(29018): 12:48:40.743 [directMeasure@91] directMeasure start: type=Text, paramJson={"component":"Text","id":"root_c3_c1_c0","styles":{"background-color":"transparent","border-color":"#0000001A","border-radius":"0px","border-style":"solid","border-width":"0px","color":"#FFFFFF","filter":"none","font-family":"system","font-size":"28px","fontSize":14,"height":0.0,"line-clamp":1,"line-height":"40px","opacity":1,"text-align":"left","text-overflow":"ellipsis","visibility":"visible","width":0.0,"x":0.0,"y":0.0},"text":"议程","variant":"body"}, maxWidth=200.0, widthMode=2, maxHeight=40.0, heightMode=2
08-27 12:48:40.747 W/MeasurementBridge(29018): 12:48:40.746 [directMeasure@108] directMeasure result: type=Text, result=MeasureResult{calcType=0, width=57.0, height=41.0, lineCount=1}
08-27 12:48:40.749 D/AGenUI  (29018): 12:48:40.747 [measure@235] [JNI] AndroidBridgeMeasurement.measure result: type=Text, result=MeasureResult{calcType=Sync, width=57.000000, height=41.000000, countOfLines=1}
08-27 12:48:40.751 D/AGenUI  (29018): 12:48:40.750 [measure@193] [JNI] AndroidBridgeMeasurement.measure start: type=Text, paramJson={"component":"Text","id":"root_c3_c1_c0","styles":{"background-color":"transparent","border-color":"#0000001A","border-radius":"0px","border-style":"solid","border-width":"0px","color":"#FFFFFF","filter":"none","font-family":"system","font-size":"28px","fontSize":14,"height":0.0,"line-clamp":1,"line-height":"40px","lines":1,"opacity":1,"text-align":"left","text-overflow":"ellipsis","visibility":"visible","width":0.0,"x":0.0,"y":0.0},"text":"议程","variant":"body"}, width={maxValue=200.000000, mode=2}, height={maxValue=40.000000, mode=1}
08-27 12:48:40.752 W/MeasurementBridge(29018): 12:48:40.751 [directMeasure@91] directMeasure start: type=Text, paramJson={"component":"Text","id":"root_c3_c1_c0","styles":{"background-color":"transparent","border-color":"#0000001A","border-radius":"0px","border-style":"solid","border-width":"0px","color":"#FFFFFF","filter":"none","font-family":"system","font-size":"28px","fontSize":14,"height":0.0,"line-clamp":1,"line-height":"40px","lines":1,"opacity":1,"text-align":"left","text-overflow":"ellipsis","visibility":"visible","width":0.0,"x":0.0,"y":0.0},"text":"议程","variant":"body"}, maxWidth=200.0, widthMode=2, maxHeight=40.0, heightMode=1
08-27 12:48:40.755 W/MeasurementBridge(29018): 12:48:40.754 [directMeasure@108] directMeasure result: type=Text, result=MeasureResult{calcType=0, width=57.0, height=41.0, lineCount=1}
08-27 12:48:40.756 D/AGenUI  (29018): 12:48:40.755 [measure@235] [JNI] AndroidBridgeMeasurement.measure result: type=Text, result=MeasureResult{calcType=Sync, width=57.000000, height=41.000000, countOfLines=1}
08-27 12:48:40.758 D/AGenUI  (29018): 12:48:40.757 [measure@193] [JNI] AndroidBridgeMeasurement.measure start: type=Text, paramJson={"component":"Text","id":"root_c0_c0_c0_c0","styles":{"background-color":"transparent","border-color":"#0000001A","border-radius":"0px","border-style":"solid","border-width":"0px","color":"#FFFFFF","filter":"none","font-family":"system","font-size":"28px","fontSize":18,"height":0.0,"line-clamp":1,"line-height":"40px","opacity":1,"text-align":"left","text-overflow":"ellipsis","visibility":"visible","width":0.0,"x":0.0,"y":0.0},"text":"📅","variant":"body"}, width={maxValue=40.000000, mode=2}, height={maxValue=40.000000, mode=2}
08-27 12:48:40.759 W/MeasurementBridge(29018): 12:48:40.758 [directMeasure@91] directMeasure start: type=Text, paramJson={"component":"Text","id":"root_c0_c0_c0_c0","styles":{"background-color":"transparent","border-color":"#0000001A","border-radius":"0px","border-style":"solid","border-width":"0px","color":"#FFFFFF","filter":"none","font-family":"system","font-size":"28px","fontSize":18,"height":0.0,"line-clamp":1,"line-height":"40px","opacity":1,"text-align":"left","text-overflow":"ellipsis","visibility":"visible","width":0.0,"x":0.0,"y":0.0},"text":"📅","variant":"body"}, maxWidth=40.0, widthMode=2, maxHeight=40.0, heightMode=2
08-27 12:48:40.762 W/MeasurementBridge(29018): 12:48:40.761 [directMeasure@108] directMeasure result: type=Text, result=MeasureResult{calcType=0, width=37.0, height=41.0, lineCount=1}
08-27 12:48:40.763 D/AGenUI  (29018): 12:48:40.762 [measure@235] [JNI] AndroidBridgeMeasurement.measure result: type=Text, result=MeasureResult{calcType=Sync, width=37.000000, height=41.000000, countOfLines=1}
08-27 12:48:40.764 D/AGenUI  (29018): 12:48:40.764 [measure@193] [JNI] AndroidBridgeMeasurement.measure start: type=Text, paramJson={"component":"Text","id":"root_c0_c0_c0_c0","styles":{"background-color":"transparent","border-color":"#0000001A","border-radius":"0px","border-style":"solid","border-width":"0px","color":"#FFFFFF","filter":"none","font-family":"system","font-size":"28px","fontSize":18,"height":0.0,"line-clamp":1,"line-height":"40px","lines":1,"opacity":1,"text-align":"left","text-overflow":"ellipsis","visibility":"visible","width":0.0,"x":0.0,"y":0.0},"text":"📅","variant":"body"}, width={maxValue=40.000000, mode=2}, height={maxValue=40.000000, mode=1}
08-27 12:48:40.766 W/MeasurementBridge(29018): 12:48:40.765 [directMeasure@91] directMeasure start: type=Text, paramJson={"component":"Text","id":"root_c0_c0_c0_c0","styles":{"background-color":"transparent","border-color":"#0000001A","border-radius":"0px","border-style":"solid","border-width":"0px","color":"#FFFFFF","filter":"none","font-family":"system","font-size":"28px","fontSize":18,"height":0.0,"line-clamp":1,"line-height":"40px","lines":1,"opacity":1,"text-align":"left","text-overflow":"ellipsis","visibility":"visible","width":0.0,"x":0.0,"y":0.0},"text":"📅","variant":"body"}, maxWidth=40.0, widthMode=2, maxHeight=40.0, heightMode=1
08-27 12:48:40.769 W/MeasurementBridge(29018): 12:48:40.768 [directMeasure@108] directMeasure result: type=Text, result=MeasureResult{calcType=0, width=37.0, height=41.0, lineCount=1}
08-27 12:48:40.772 D/AGenUI  (29018): 12:48:40.770 [measure@235] [JNI] AndroidBridgeMeasurement.measure result: type=Text, result=MeasureResult{calcType=Sync, width=37.000000, height=41.000000, countOfLines=1}
08-27 12:48:40.774 D/AGenUI  (29018): 12:48:40.773 [measure@193] [JNI] AndroidBridgeMeasurement.measure start: type=Text, paramJson={"component":"Text","id":"root_c2_c0_c0","styles":{"background-color":"transparent","border-color":"#0000001A","border-radius":"0px","border-style":"solid","border-width":"0px","color":"#FFFFFF","filter":"none","font-family":"system","font-size":"28px","fontSize":13,"height":0.0,"line-clamp":1,"line-height":"40px","opacity":1,"text-align":"left","text-overflow":"ellipsis","visibility":"visible","width":0.0,"x":0.0,"y":0.0},"text":"张","variant":"body"}, width={maxValue=32.000000, mode=2}, height={maxValue=32.000000, mode=2}
08-27 12:48:40.775 W/MeasurementBridge(29018): 12:48:40.774 [directMeasure@91] directMeasure start: type=Text, paramJson={"component":"Text","id":"root_c2_c0_c0","styles":{"background-color":"transparent","border-color":"#0000001A","border-radius":"0px","border-style":"solid","border-width":"0px","color":"#FFFFFF","filter":"none","font-family":"system","font-size":"28px","fontSize":13,"height":0.0,"line-clamp":1,"line-height":"40px","opacity":1,"text-align":"left","text-overflow":"ellipsis","visibility":"visible","width":0.0,"x":0.0,"y":0.0},"text":"张","variant":"body"}, maxWidth=32.0, widthMode=2, maxHeight=32.0, heightMode=2
08-27 12:48:40.778 W/MeasurementBridge(29018): 12:48:40.778 [directMeasure@108] directMeasure result: type=Text, result=MeasureResult{calcType=0, width=29.0, height=33.0, lineCount=1}
08-27 12:48:40.780 D/AGenUI  (29018): 12:48:40.779 [measure@235] [JNI] AndroidBridgeMeasurement.measure result: type=Text, result=MeasureResult{calcType=Sync, width=29.000000, height=33.000000, countOfLines=1}
08-27 12:48:40.781 D/AGenUI  (29018): 12:48:40.780 [measure@193] [JNI] AndroidBridgeMeasurement.measure start: type=Text, paramJson={"component":"Text","id":"root_c2_c0_c0","styles":{"background-color":"transparent","border-color":"#0000001A","border-radius":"0px","border-style":"solid","border-width":"0px","color":"#FFFFFF","filter":"none","font-family":"system","font-size":"28px","fontSize":13,"height":0.0,"line-clamp":1,"line-height":"40px","lines":1,"opacity":1,"text-align":"left","text-overflow":"ellipsis","visibility":"visible","width":0.0,"x":0.0,"y":0.0},"text":"张","variant":"body"}, width={maxValue=32.000000, mode=2}, height={maxValue=32.000000, mode=1}
08-27 12:48:40.783 W/MeasurementBridge(29018): 12:48:40.781 [directMeasure@91] directMeasure start: type=Text, paramJson={"component":"Text","id":"root_c2_c0_c0","styles":{"background-color":"transparent","border-color":"#0000001A","border-radius":"0px","border-style":"solid","border-width":"0px","color":"#FFFFFF","filter":"none","font-family":"system","font-size":"28px","fontSize":13,"height":0.0,"line-clamp":1,"line-height":"40px","lines":1,"opacity":1,"text-align":"left","text-overflow":"ellipsis","visibility":"visible","width":0.0,"x":0.0,"y":0.0},"text":"张","variant":"body"}, maxWidth=32.0, widthMode=2, maxHeight=32.0, heightMode=1
08-27 12:48:40.786 W/MeasurementBridge(29018): 12:48:40.785 [directMeasure@108] directMeasure result: type=Text, result=MeasureResult{calcType=0, width=29.0, height=33.0, lineCount=1}
08-27 12:48:40.787 D/AGenUI  (29018): 12:48:40.786 [measure@235] [JNI] AndroidBridgeMeasurement.measure result: type=Text, result=MeasureResult{calcType=Sync, width=29.000000, height=33.000000, countOfLines=1}
08-27 12:48:40.788 D/AGenUI  (29018): 12:48:40.787 [measure@193] [JNI] AndroidBridgeMeasurement.measure start: type=Text, paramJson={"component":"Text","id":"root_c2_c1_c0","styles":{"background-color":"transparent","border-color":"#0000001A","border-radius":"0px","border-style":"solid","border-width":"0px","color":"#FFFFFF","filter":"none","font-family":"system","font-size":"28px","fontSize":13,"height":0.0,"line-clamp":1,"line-height":"40px","opacity":1,"text-align":"left","text-overflow":"ellipsis","visibility":"visible","width":0.0,"x":0.0,"y":0.0},"text":"李","variant":"body"}, width={maxValue=32.000000, mode=2}, height={maxValue=32.000000, mode=2}
08-27 12:48:40.789 W/MeasurementBridge(29018): 12:48:40.789 [directMeasure@91] directMeasure start: type=Text, paramJson={"component":"Text","id":"root_c2_c1_c0","styles":{"background-color":"transparent","border-color":"#0000001A","border-radius":"0px","border-style":"solid","border-width":"0px","color":"#FFFFFF","filter":"none","font-family":"system","font-size":"28px","fontSize":13,"height":0.0,"line-clamp":1,"line-height":"40px","opacity":1,"text-align":"left","text-overflow":"ellipsis","visibility":"visible","width":0.0,"x":0.0,"y":0.0},"text":"李","variant":"body"}, maxWidth=32.0, widthMode=2, maxHeight=32.0, heightMode=2
08-27 12:48:40.792 W/MeasurementBridge(29018): 12:48:40.791 [directMeasure@108] directMeasure result: type=Text, result=MeasureResult{calcType=0, width=29.0, height=33.0, lineCount=1}
08-27 12:48:40.793 D/AGenUI  (29018): 12:48:40.792 [measure@235] [JNI] AndroidBridgeMeasurement.measure result: type=Text, result=MeasureResult{calcType=Sync, width=29.000000, height=33.000000, countOfLines=1}
08-27 12:48:40.794 D/AGenUI  (29018): 12:48:40.793 [measure@193] [JNI] AndroidBridgeMeasurement.measure start: type=Text, paramJson={"component":"Text","id":"root_c2_c1_c0","styles":{"background-color":"transparent","border-color":"#0000001A","border-radius":"0px","border-style":"solid","border-width":"0px","color":"#FFFFFF","filter":"none","font-family":"system","font-size":"28px","fontSize":13,"height":0.0,"line-clamp":1,"line-height":"40px","lines":1,"opacity":1,"text-align":"left","text-overflow":"ellipsis","visibility":"visible","width":0.0,"x":0.0,"y":0.0},"text":"李","variant":"body"}, width={maxValue=32.000000, mode=2}, height={maxValue=32.000000, mode=1}
08-27 12:48:40.795 W/MeasurementBridge(29018): 12:48:40.795 [directMeasure@91] directMeasure start: type=Text, paramJson={"component":"Text","id":"root_c2_c1_c0","styles":{"background-color":"transparent","border-color":"#0000001A","border-radius":"0px","border-style":"solid","border-width":"0px","color":"#FFFFFF","filter":"none","font-family":"system","font-size":"28px","fontSize":13,"height":0.0,"line-clamp":1,"line-height":"40px","lines":1,"opacity":1,"text-align":"left","text-overflow":"ellipsis","visibility":"visible","width":0.0,"x":0.0,"y":0.0},"text":"李","variant":"body"}, maxWidth=32.0, widthMode=2, maxHeight=32.0, heightMode=1
08-27 12:48:40.798 W/MeasurementBridge(29018): 12:48:40.797 [directMeasure@108] directMeasure result: type=Text, result=MeasureResult{calcType=0, width=29.0, height=33.0, lineCount=1}
08-27 12:48:40.799 D/AGenUI  (29018): 12:48:40.798 [measure@235] [JNI] AndroidBridgeMeasurement.measure result: type=Text, result=MeasureResult{calcType=Sync, width=29.000000, height=33.000000, countOfLines=1}
08-27 12:48:40.800 D/AGenUI  (29018): 12:48:40.799 [measure@193] [JNI] AndroidBridgeMeasurement.measure start: type=Text, paramJson={"component":"Text","id":"root_c2_c2_c0","styles":{"background-color":"transparent","border-color":"#0000001A","border-radius":"0px","border-style":"solid","border-width":"0px","color":"#FFFFFF","filter":"none","font-family":"system","font-size":"28px","fontSize":13,"height":0.0,"line-clamp":1,"line-height":"40px","opacity":1,"text-align":"left","text-overflow":"ellipsis","visibility":"visible","width":0.0,"x":0.0,"y":0.0},"text":"王","variant":"body"}, width={maxValue=32.000000, mode=2}, height={maxValue=32.000000, mode=2}
08-27 12:48:40.801 W/MeasurementBridge(29018): 12:48:40.800 [directMeasure@91] directMeasure start: type=Text, paramJson={"component":"Text","id":"root_c2_c2_c0","styles":{"background-color":"transparent","border-color":"#0000001A","border-radius":"0px","border-style":"solid","border-width":"0px","color":"#FFFFFF","filter":"none","font-family":"system","font-size":"28px","fontSize":13,"height":0.0,"line-clamp":1,"line-height":"40px","opacity":1,"text-align":"left","text-overflow":"ellipsis","visibility":"visible","width":0.0,"x":0.0,"y":0.0},"text":"王","variant":"body"}, maxWidth=32.0, widthMode=2, maxHeight=32.0, heightMode=2
08-27 12:48:40.804 W/MeasurementBridge(29018): 12:48:40.803 [directMeasure@108] directMeasure result: type=Text, result=MeasureResult{calcType=0, width=29.0, height=33.0, lineCount=1}
08-27 12:48:40.805 D/AGenUI  (29018): 12:48:40.804 [measure@235] [JNI] AndroidBridgeMeasurement.measure result: type=Text, result=MeasureResult{calcType=Sync, width=29.000000, height=33.000000, countOfLines=1}
08-27 12:48:40.806 D/AGenUI  (29018): 12:48:40.805 [measure@193] [JNI] AndroidBridgeMeasurement.measure start: type=Text, paramJson={"component":"Text","id":"root_c2_c2_c0","styles":{"background-color":"transparent","border-color":"#0000001A","border-radius":"0px","border-style":"solid","border-width":"0px","color":"#FFFFFF","filter":"none","font-family":"system","font-size":"28px","fontSize":13,"height":0.0,"line-clamp":1,"line-height":"40px","lines":1,"opacity":1,"text-align":"left","text-overflow":"ellipsis","visibility":"visible","width":0.0,"x":0.0,"y":0.0},"text":"王","variant":"body"}, width={maxValue=32.000000, mode=2}, height={maxValue=32.000000, mode=1}
08-27 12:48:40.807 W/MeasurementBridge(29018): 12:48:40.806 [directMeasure@91] directMeasure start: type=Text, paramJson={"component":"Text","id":"root_c2_c2_c0","styles":{"background-color":"transparent","border-color":"#0000001A","border-radius":"0px","border-style":"solid","border-width":"0px","color":"#FFFFFF","filter":"none","font-family":"system","font-size":"28px","fontSize":13,"height":0.0,"line-clamp":1,"line-height":"40px","lines":1,"opacity":1,"text-align":"left","text-overflow":"ellipsis","visibility":"visible","width":0.0,"x":0.0,"y":0.0},"text":"王","variant":"body"}, maxWidth=32.0, widthMode=2, maxHeight=32.0, heightMode=1
08-27 12:48:40.810 W/MeasurementBridge(29018): 12:48:40.809 [directMeasure@108] directMeasure result: type=Text, result=MeasureResult{calcType=0, width=29.0, height=33.0, lineCount=1}
08-27 12:48:40.811 D/AGenUI  (29018): 12:48:40.810 [measure@235] [JNI] AndroidBridgeMeasurement.measure result: type=Text, result=MeasureResult{calcType=Sync, width=29.000000, height=33.000000, countOfLines=1}
08-27 12:48:40.812 D/AGenUI  (29018): 12:48:40.811 [measure@193] [JNI] AndroidBridgeMeasurement.measure start: type=Text, paramJson={"component":"Text","id":"root_c3_c0_c0","styles":{"background-color":"transparent","border-color":"#0000001A","border-radius":"0px","border-style":"solid","border-width":"0px","color":"#FFFFFF","filter":"none","font-family":"system","font-size":"28px","fontSize":14,"fontWeight":"bold","height":0.0,"line-clamp":1,"line-height":"40px","lines":1,"opacity":1,"text-align":"left","text-overflow":"ellipsis","visibility":"visible","width":0.0,"x":0.0,"y":0.0},"text":"📞 一键入会","variant":"body"}, width={maxValue=146.226410, mode=2}, height={maxValue=40.000000, mode=2}
08-27 12:48:40.813 W/MeasurementBridge(29018): 12:48:40.813 [directMeasure@91] directMeasure start: type=Text, paramJson={"component":"Text","id":"root_c3_c0_c0","styles":{"background-color":"transparent","border-color":"#0000001A","border-radius":"0px","border-style":"solid","border-width":"0px","color":"#FFFFFF","filter":"none","font-family":"system","font-size":"28px","fontSize":14,"fontWeight":"bold","height":0.0,"line-clamp":1,"line-height":"40px","lines":1,"opacity":1,"text-align":"left","text-overflow":"ellipsis","visibility":"visible","width":0.0,"x":0.0,"y":0.0},"text":"📞 一键入会","variant":"body"}, maxWidth=146.22641, widthMode=2, maxHeight=40.0, heightMode=2
08-27 12:48:40.817 W/MeasurementBridge(29018): 12:48:40.817 [directMeasure@108] directMeasure result: type=Text, result=MeasureResult{calcType=0, width=147.0, height=41.0, lineCount=1}
08-27 12:48:40.819 D/AGenUI  (29018): 12:48:40.818 [measure@235] [JNI] AndroidBridgeMeasurement.measure result: type=Text, result=MeasureResult{calcType=Sync, width=147.000000, height=41.000000, countOfLines=1}
08-27 12:48:40.820 D/AGenUI  (29018): 12:48:40.819 [measure@193] [JNI] AndroidBridgeMeasurement.measure start: type=Text, paramJson={"component":"Text","id":"root_c3_c0_c0","styles":{"background-color":"transparent","border-color":"#0000001A","border-radius":"0px","border-style":"solid","border-width":"0px","color":"#FFFFFF","filter":"none","font-family":"system","font-size":"28px","fontSize":14,"fontWeight":"bold","height":0.0,"line-clamp":1,"line-height":"40px","lines":1,"opacity":1,"text-align":"left","text-overflow":"ellipsis","visibility":"visible","width":0.0,"x":0.0,"y":0.0},"text":"📞 一键入会","variant":"body"}, width={maxValue=146.226410, mode=2}, height={maxValue=40.000000, mode=1}
08-27 12:48:40.821 W/MeasurementBridge(29018): 12:48:40.820 [directMeasure@91] directMeasure start: type=Text, paramJson={"component":"Text","id":"root_c3_c0_c0","styles":{"background-color":"transparent","border-color":"#0000001A","border-radius":"0px","border-style":"solid","border-width":"0px","color":"#FFFFFF","filter":"none","font-family":"system","font-size":"28px","fontSize":14,"fontWeight":"bold","height":0.0,"line-clamp":1,"line-height":"40px","lines":1,"opacity":1,"text-align":"left","text-overflow":"ellipsis","visibility":"visible","width":0.0,"x":0.0,"y":0.0},"text":"📞 一键入会","variant":"body"}, maxWidth=146.22641, widthMode=2, maxHeight=40.0, heightMode=1
08-27 12:48:40.823 W/MeasurementBridge(29018): 12:48:40.823 [directMeasure@108] directMeasure result: type=Text, result=MeasureResult{calcType=0, width=147.0, height=41.0, lineCount=1}
08-27 12:48:40.824 D/AGenUI  (29018): 12:48:40.824 [measure@235] [JNI] AndroidBridgeMeasurement.measure result: type=Text, result=MeasureResult{calcType=Sync, width=147.000000, height=41.000000, countOfLines=1}
08-27 12:48:40.826 D/AGenUI  (29018): 12:48:40.825 [measure@193] [JNI] AndroidBridgeMeasurement.measure start: type=Text, paramJson={"component":"Text","id":"root_c3_c1_c0","styles":{"background-color":"transparent","border-color":"#0000001A","border-radius":"0px","border-style":"solid","border-width":"0px","color":"#FFFFFF","filter":"none","font-family":"system","font-size":"28px","fontSize":14,"height":0.0,"line-clamp":1,"line-height":"40px","lines":1,"opacity":1,"text-align":"left","text-overflow":"ellipsis","visibility":"visible","width":0.0,"x":0.0,"y":0.0},"text":"议程","variant":"body"}, width={maxValue=53.773586, mode=2}, height={maxValue=40.000000, mode=2}
08-27 12:48:40.827 W/MeasurementBridge(29018): 12:48:40.826 [directMeasure@91] directMeasure start: type=Text, paramJson={"component":"Text","id":"root_c3_c1_c0","styles":{"background-color":"transparent","border-color":"#0000001A","border-radius":"0px","border-style":"solid","border-width":"0px","color":"#FFFFFF","filter":"none","font-family":"system","font-size":"28px","fontSize":14,"height":0.0,"line-clamp":1,"line-height":"40px","lines":1,"opacity":1,"text-align":"left","text-overflow":"ellipsis","visibility":"visible","width":0.0,"x":0.0,"y":0.0},"text":"议程","variant":"body"}, maxWidth=53.773586, widthMode=2, maxHeight=40.0, heightMode=2
08-27 12:48:40.829 W/MeasurementBridge(29018): 12:48:40.829 [directMeasure@108] directMeasure result: type=Text, result=MeasureResult{calcType=0, width=55.0, height=41.0, lineCount=1}
08-27 12:48:40.830 D/AGenUI  (29018): 12:48:40.829 [measure@235] [JNI] AndroidBridgeMeasurement.measure result: type=Text, result=MeasureResult{calcType=Sync, width=55.000000, height=41.000000, countOfLines=1}
08-27 12:48:40.831 D/AGenUI  (29018): 12:48:40.831 [measure@193] [JNI] AndroidBridgeMeasurement.measure start: type=Text, paramJson={"component":"Text","id":"root_c3_c1_c0","styles":{"background-color":"transparent","border-color":"#0000001A","border-radius":"0px","border-style":"solid","border-width":"0px","color":"#FFFFFF","filter":"none","font-family":"system","font-size":"28px","fontSize":14,"height":0.0,"line-clamp":1,"line-height":"40px","lines":1,"opacity":1,"text-align":"left","text-overflow":"ellipsis","visibility":"visible","width":0.0,"x":0.0,"y":0.0},"text":"议程","variant":"body"}, width={maxValue=53.773586, mode=2}, height={maxValue=40.000000, mode=1}
08-27 12:48:40.832 W/MeasurementBridge(29018): 12:48:40.832 [directMeasure@91] directMeasure start: type=Text, paramJson={"component":"Text","id":"root_c3_c1_c0","styles":{"background-color":"transparent","border-color":"#0000001A","border-radius":"0px","border-style":"solid","border-width":"0px","color":"#FFFFFF","filter":"none","font-family":"system","font-size":"28px","fontSize":14,"height":0.0,"line-clamp":1,"line-height":"40px","lines":1,"opacity":1,"text-align":"left","text-overflow":"ellipsis","visibility":"visible","width":0.0,"x":0.0,"y":0.0},"text":"议程","variant":"body"}, maxWidth=53.773586, widthMode=2, maxHeight=40.0, heightMode=1
08-27 12:48:40.835 W/MeasurementBridge(29018): 12:48:40.834 [directMeasure@108] directMeasure result: type=Text, result=MeasureResult{calcType=0, width=55.0, height=41.0, lineCount=1}
08-27 12:48:40.836 D/AGenUI  (29018): 12:48:40.835 [measure@235] [JNI] AndroidBridgeMeasurement.measure result: type=Text, result=MeasureResult{calcType=Sync, width=55.000000, height=41.000000, countOfLines=1}
08-27 12:48:40.837 D/AGenUI  (29018): 12:48:40.836 [logYogaLayoutInfo@277] [layout] id=root type=Card parent= xywh=(0.0,0.0,200.0,195.0) flex=(0.0,1.0) child=1 aspect=nan measure=0
08-27 12:48:40.838 D/AGenUI  (29018): 12:48:40.838 [onNodeAdded@298] onNodeAdded: {"children":["root_c0"],"component":"Card","id":"root","styles":{"align-content":"stretch","align-items":"stretch","align-self":"auto","background-color":"transparent","backgroundColor":"linear-gradient(135deg,#1a1a2e 0%,#16213e 50%,#0f3460 100%)","border-color":"#0000001A","border-radius":"16px","border-style":"solid","border-width":"0px","borderRadius":16,"elevation":4,"filter":"none","flex-direction":"column","flex-grow":0,"flex-shrink":1,"flex-wrap":"nowrap","height":195.0,"justify-content":"flex-start","opacity":1,"visibility":"visible","width":200.0,"x":0.0,"y":0.0}}, parentId:
08-27 12:48:40.840 D/AGenUI  (29018): 12:48:40.839 [logYogaLayoutInfo@277] [layout] id=root_c0 type=Column parent=root xywh=(0.0,0.0,200.0,195.0) flex=(0.0,1.0) child=4 aspect=nan measure=0
08-27 12:48:40.841 D/AGenUI  (29018): 12:48:40.840 [onNodeAdded@298] onNodeAdded: {"children":["root_c0_c0","root_c1","root_c2","root_c3"],"component":"Column","id":"root_c0","styles":{"align-content":"stretch","align-items":"stretch","align-self":"auto","background-color":"transparent","border-color":"#0000001A","border-radius":"0px","border-style":"solid","border-width":"0px","filter":"none","flex-direction":"column","flex-grow":0,"flex-shrink":1,"flex-wrap":"nowrap","height":195.0,"justify-content":"flex-start","opacity":1,"visibility":"visible","width":200.0,"x":0.0,"y":0.0}}, parentId:root
08-27 12:48:40.842 D/AGenUI  (29018): 12:48:40.841 [logYogaLayoutInfo@277] [layout] id=root_c0_c0 type=Row parent=root_c0 xywh=(0.0,0.0,200.0,41.0) flex=(0.0,1.0) child=2 aspect=nan measure=0
08-27 12:48:40.843 D/AGenUI  (29018): 12:48:40.843 [onNodeAdded@298] onNodeAdded: {"children":["root_c0_c0_c0","root_c0_c0_c1"],"component":"Row","id":"root_c0_c0","styles":{"align-content":"stretch","align-items":"stretch","align-self":"auto","background-color":"transparent","border-color":"#0000001A","border-radius":"0px","border-style":"solid","border-width":"0px","filter":"none","flex-direction":"column","flex-grow":0,"flex-shrink":1,"flex-wrap":"nowrap","height":41.0,"justify-content":"flex-start","opacity":1,"paddingBottom":8,"paddingLeft":16,"paddingRight":16,"paddingTop":16,"visibility":"visible","width":200.0,"x":0.0,"y":0.0}}, parentId:root_c0
08-27 12:48:40.844 D/AGenUI  (29018): 12:48:40.844 [logYogaLayoutInfo@277] [layout] id=root_c0_c0_c0 type=Container parent=root_c0_c0 xywh=(0.0,1.0,40.0,40.0) flex=(0.0,1.0) child=1 aspect=nan measure=0
08-27 12:48:40.846 D/AGenUI  (29018): 12:48:40.845 [onNodeAdded@298] onNodeAdded: {"children":["root_c0_c0_c0_c0"],"component":"Container","id":"root_c0_c0_c0","styles":{"align-content":"stretch","align-items":"stretch","align-self":"auto","background-color":"transparent","backgroundColor":"rgba(255,255,255,0.15)","border-color":"#0000001A","border-radius":"0px","border-style":"solid","border-width":"0px","borderRadius":999,"filter":"none","flex-direction":"column","flex-grow":0,"flex-shrink":1,"flex-wrap":"nowrap","height":40.0,"justify-content":"flex-start","opacity":1,"visibility":"visible","width":40.0,"x":0.0,"y":1.0}}, parentId:root_c0_c0
08-27 12:48:40.847 D/AGenUI  (29018): 12:48:40.846 [logYogaLayoutInfo@277] [layout] id=root_c0_c0_c0_c0 type=Text parent=root_c0_c0_c0 xywh=(1.0,0.0,37.0,40.0) flex=(0.0,1.0) child=0 aspect=nan measure=1
08-27 12:48:40.848 D/AGenUI  (29018): 12:48:40.848 [onNodeAdded@298] onNodeAdded: {"component":"Text","id":"root_c0_c0_c0_c0","styles":{"align-content":"stretch","align-items":"stretch","align-self":"auto","background-color":"transparent","border-color":"#0000001A","border-radius":"0px","border-style":"solid","border-width":"0px","color":"#FFFFFF","filter":"none","flex-direction":"column","flex-grow":0,"flex-shrink":1,"flex-wrap":"nowrap","font-family":"system","font-size":"28px","fontSize":18,"height":40.0,"justify-content":"flex-start","line-clamp":1,"line-height":"40px","lines":1,"opacity":1,"text-align":"left","text-overflow":"ellipsis","visibility":"visible","width":37.0,"x":1.0,"y":0.0},"text":"📅","variant":"body"}, parentId:root_c0_c0_c0
08-27 12:48:40.850 D/AGenUI  (29018): 12:48:40.849 [logYogaLayoutInfo@277] [layout] id=root_c0_c0_c1 type=Text parent=root_c0_c0 xywh=(40.0,0.0,113.0,41.0) flex=(0.0,1.0) child=0 aspect=nan measure=1
08-27 12:48:40.852 D/AGenUI  (29018): 12:48:40.851 [onNodeAdded@298] onNodeAdded: {"component":"Text","id":"root_c0_c0_c1","styles":{"align-content":"stretch","align-items":"stretch","align-self":"auto","background-color":"transparent","border-color":"#0000001A","border-radius":"0px","border-style":"solid","border-width":"0px","color":"#FFFFFF","filter":"none","flex":1,"flex-direction":"column","flex-grow":0,"flex-shrink":1,"flex-wrap":"nowrap","font-family":"system","font-size":"28px","fontSize":16,"fontWeight":"bold","height":41.0,"justify-content":"flex-start","line-clamp":1,"line-height":"40px","lines":1,"marginLeft":12,"opacity":1,"text-align":"left","text-overflow":"ellipsis","visibility":"visible","width":113.0,"x":40.0,"y":0.0},"text":"产品周会","variant":"body"}, parentId:root_c0_c0
08-27 12:48:40.853 D/AGenUI  (29018): 12:48:40.852 [logYogaLayoutInfo@277] [layout] id=root_c1 type=Column parent=root_c0 xywh=(0.0,41.0,200.0,82.0) flex=(0.0,1.0) child=2 aspect=nan measure=0
08-27 12:48:40.854 D/AGenUI  (29018): 12:48:40.854 [onNodeAdded@298] onNodeAdded: {"children":["root_c1_c0","root_c1_c1"],"component":"Column","id":"root_c1","styles":{"align-content":"stretch","align-items":"stretch","align-self":"auto","background-color":"transparent","border-color":"#0000001A","border-radius":"0px","border-style":"solid","border-width":"0px","filter":"none","flex-direction":"column","flex-grow":0,"flex-shrink":1,"flex-wrap":"nowrap","height":82.0,"justify-content":"flex-start","opacity":1,"paddingBottom":16,"paddingLeft":16,"paddingRight":16,"paddingTop":8,"visibility":"visible","width":200.0,"x":0.0,"y":41.0}}, parentId:root_c0
08-27 12:48:40.855 D/AGenUI  (29018): 12:48:40.855 [logYogaLayoutInfo@277] [layout] id=root_c1_c0 type=Text parent=root_c1 xywh=(64.0,0.0,71.0,41.0) flex=(0.0,1.0) child=0 aspect=nan measure=1
08-27 12:48:40.857 D/AGenUI  (29018): 12:48:40.856 [onNodeAdded@298] onNodeAdded: {"component":"Text","id":"root_c1_c0","styles":{"align-content":"stretch","align-items":"stretch","align-self":"auto","background-color":"transparent","border-color":"#0000001A","border-radius":"0px","border-style":"solid","border-width":"0px","color":"#FFFFFF","filter":"none","flex-direction":"column","flex-grow":0,"flex-shrink":1,"flex-wrap":"nowrap","font-family":"system","font-size":"28px","fontSize":56,"fontWeight":"bold","height":41.0,"justify-content":"flex-start","line-clamp":1,"line-height":"40px","lines":1,"opacity":1,"text-align":"left","text-overflow":"ellipsis","textAlign":"center","visibility":"visible","width":71.0,"x":64.0,"y":0.0},"text":"15:42","variant":"body"}, parentId:root_c1
08-27 12:48:40.858 D/AGenUI  (29018): 12:48:40.857 [logYogaLayoutInfo@277] [layout] id=root_c1_c1 type=Text parent=root_c1 xywh=(57.0,41.0,85.0,41.0) flex=(0.0,1.0) child=0 aspect=nan measure=1
08-27 12:48:40.859 D/AGenUI  (29018): 12:48:40.859 [onNodeAdded@298] onNodeAdded: {"component":"Text","id":"root_c1_c1","styles":{"align-content":"stretch","align-items":"stretch","align-self":"auto","background-color":"transparent","border-color":"#0000001A","border-radius":"0px","border-style":"solid","border-width":"0px","color":"rgba(255,255,255,0.7)","filter":"none","flex-direction":"column","flex-grow":0,"flex-shrink":1,"flex-wrap":"nowrap","font-family":"system","font-size":"28px","fontSize":14,"height":41.0,"justify-content":"flex-start","line-clamp":1,"line-height":"40px","lines":1,"marginTop":4,"opacity":1,"text-align":"left","text-overflow":"ellipsis","textAlign":"center","visibility":"visible","width":85.0,"x":57.0,"y":41.0},"text":"后开始","variant":"body"}, parentId:root_c1
08-27 12:48:40.860 D/AGenUI  (29018): 12:48:40.860 [logYogaLayoutInfo@277] [layout] id=root_c2 type=Row parent=root_c0 xywh=(0.0,123.0,200.0,32.0) flex=(0.0,1.0) child=4 aspect=nan measure=0
08-27 12:48:40.862 D/AGenUI  (29018): 12:48:40.861 [onNodeAdded@298] onNodeAdded: {"children":["root_c2_c0","root_c2_c1","root_c2_c2","root_c2_c3"],"component":"Row","id":"root_c2","styles":{"align-content":"stretch","align-items":"stretch","align-self":"auto","background-color":"transparent","border-color":"#0000001A","border-radius":"0px","border-style":"solid","border-width":"0px","filter":"none","flex-direction":"column","flex-grow":0,"flex-shrink":1,"flex-wrap":"nowrap","height":32.0,"justify-content":"flex-start","opacity":1,"paddingBottom":16,"paddingLeft":16,"paddingRight":16,"visibility":"visible","width":200.0,"x":0.0,"y":123.0}}, parentId:root_c0
08-27 12:48:40.863 D/AGenUI  (29018): 12:48:40.862 [logYogaLayoutInfo@277] [layout] id=root_c2_c0 type=Container parent=root_c2 xywh=(0.0,0.0,32.0,32.0) flex=(0.0,1.0) child=1 aspect=nan measure=0
08-27 12:48:40.864 D/AGenUI  (29018): 12:48:40.864 [onNodeAdded@298] onNodeAdded: {"children":["root_c2_c0_c0"],"component":"Container","id":"root_c2_c0","styles":{"align-content":"stretch","align-items":"stretch","align-self":"auto","background-color":"transparent","backgroundColor":"#007DFF","border-color":"#0000001A","border-radius":"0px","border-style":"solid","border-width":"0px","borderRadius":999,"filter":"none","flex-direction":"column","flex-grow":0,"flex-shrink":1,"flex-wrap":"nowrap","height":32.0,"justify-content":"flex-start","opacity":1,"visibility":"visible","width":32.0,"x":0.0,"y":0.0}}, parentId:root_c2
08-27 12:48:40.865 D/AGenUI  (29018): 12:48:40.865 [logYogaLayoutInfo@277] [layout] id=root_c2_c0_c0 type=Text parent=root_c2_c0 xywh=(1.0,0.0,29.0,32.0) flex=(0.0,1.0) child=0 aspect=nan measure=1
08-27 12:48:40.867 D/AGenUI  (29018): 12:48:40.866 [onNodeAdded@298] onNodeAdded: {"component":"Text","id":"root_c2_c0_c0","styles":{"align-content":"stretch","align-items":"stretch","align-self":"auto","background-color":"transparent","border-color":"#0000001A","border-radius":"0px","border-style":"solid","border-width":"0px","color":"#FFFFFF","filter":"none","flex-direction":"column","flex-grow":0,"flex-shrink":1,"flex-wrap":"nowrap","font-family":"system","font-size":"28px","fontSize":13,"height":32.0,"justify-content":"flex-start","line-clamp":1,"line-height":"40px","lines":1,"opacity":1,"text-align":"left","text-overflow":"ellipsis","visibility":"visible","width":29.0,"x":1.0,"y":0.0},"text":"张","variant":"body"}, parentId:root_c2_c0
08-27 12:48:40.868 D/AGenUI  (29018): 12:48:40.867 [logYogaLayoutInfo@277] [layout] id=root_c2_c1 type=Container parent=root_c2 xywh=(32.0,0.0,32.0,32.0) flex=(0.0,1.0) child=1 aspect=nan measure=0
08-27 12:48:40.869 D/AGenUI  (29018): 12:48:40.868 [onNodeAdded@298] onNodeAdded: {"children":["root_c2_c1_c0"],"component":"Container","id":"root_c2_c1","styles":{"align-content":"stretch","align-items":"stretch","align-self":"auto","background-color":"transparent","backgroundColor":"#34C759","border-color":"#0000001A","border-radius":"0px","border-style":"solid","border-width":"0px","borderRadius":999,"filter":"none","flex-direction":"column","flex-grow":0,"flex-shrink":1,"flex-wrap":"nowrap","height":32.0,"justify-content":"flex-start","marginLeft":-8,"opacity":1,"visibility":"visible","width":32.0,"x":32.0,"y":0.0}}, parentId:root_c2
08-27 12:48:40.870 D/AGenUI  (29018): 12:48:40.869 [logYogaLayoutInfo@277] [layout] id=root_c2_c1_c0 type=Text parent=root_c2_c1 xywh=(1.0,0.0,29.0,32.0) flex=(0.0,1.0) child=0 aspect=nan measure=1
08-27 12:48:40.871 D/AGenUI  (29018): 12:48:40.871 [onNodeAdded@298] onNodeAdded: {"component":"Text","id":"root_c2_c1_c0","styles":{"align-content":"stretch","align-items":"stretch","align-self":"auto","background-color":"transparent","border-color":"#0000001A","border-radius":"0px","border-style":"solid","border-width":"0px","color":"#FFFFFF","filter":"none","flex-direction":"column","flex-grow":0,"flex-shrink":1,"flex-wrap":"nowrap","font-family":"system","font-size":"28px","fontSize":13,"height":32.0,"justify-content":"flex-start","line-clamp":1,"line-height":"40px","lines":1,"opacity":1,"text-align":"left","text-overflow":"ellipsis","visibility":"visible","width":29.0,"x":1.0,"y":0.0},"text":"李","variant":"body"}, parentId:root_c2_c1
08-27 12:48:40.872 D/AGenUI  (29018): 12:48:40.872 [logYogaLayoutInfo@277] [layout] id=root_c2_c2 type=Container parent=root_c2 xywh=(64.0,0.0,32.0,32.0) flex=(0.0,1.0) child=1 aspect=nan measure=0
08-27 12:48:40.874 D/AGenUI  (29018): 12:48:40.873 [onNodeAdded@298] onNodeAdded: {"children":["root_c2_c2_c0"],"component":"Container","id":"root_c2_c2","styles":{"align-content":"stretch","align-items":"stretch","align-self":"auto","background-color":"transparent","backgroundColor":"#FF9500","border-color":"#0000001A","border-radius":"0px","border-style":"solid","border-width":"0px","borderRadius":999,"filter":"none","flex-direction":"column","flex-grow":0,"flex-shrink":1,"flex-wrap":"nowrap","height":32.0,"justify-content":"flex-start","marginLeft":-8,"opacity":1,"visibility":"visible","width":32.0,"x":64.0,"y":0.0}}, parentId:root_c2
08-27 12:48:40.875 D/AGenUI  (29018): 12:48:40.874 [logYogaLayoutInfo@277] [layout] id=root_c2_c2_c0 type=Text parent=root_c2_c2 xywh=(1.0,0.0,29.0,32.0) flex=(0.0,1.0) child=0 aspect=nan measure=1
08-27 12:48:40.876 D/AGenUI  (29018): 12:48:40.875 [onNodeAdded@298] onNodeAdded: {"component":"Text","id":"root_c2_c2_c0","styles":{"align-content":"stretch","align-items":"stretch","align-self":"auto","background-color":"transparent","border-color":"#0000001A","border-radius":"0px","border-style":"solid","border-width":"0px","color":"#FFFFFF","filter":"none","flex-direction":"column","flex-grow":0,"flex-shrink":1,"flex-wrap":"nowrap","font-family":"system","font-size":"28px","fontSize":13,"height":32.0,"justify-content":"flex-start","line-clamp":1,"line-height":"40px","lines":1,"opacity":1,"text-align":"left","text-overflow":"ellipsis","visibility":"visible","width":29.0,"x":1.0,"y":0.0},"text":"王","variant":"body"}, parentId:root_c2_c2
08-27 12:48:40.877 D/AGenUI  (29018): 12:48:40.877 [logYogaLayoutInfo@277] [layout] id=root_c2_c3 type=Container parent=root_c2 xywh=(96.0,0.0,61.0,32.0) flex=(0.0,1.0) child=1 aspect=nan measure=0
08-27 12:48:40.879 D/AGenUI  (29018): 12:48:40.878 [onNodeAdded@298] onNodeAdded: {"children":["root_c2_c3_c0"],"component":"Container","id":"root_c2_c3","styles":{"align-content":"stretch","align-items":"stretch","align-self":"auto","background-color":"transparent","backgroundColor":"rgba(255,255,255,0.2)","border-color":"#0000001A","border-radius":"0px","border-style":"solid","border-width":"0px","borderRadius":999,"filter":"none","flex-direction":"column","flex-grow":0,"flex-shrink":1,"flex-wrap":"nowrap","height":32.0,"justify-content":"flex-start","marginLeft":-8,"opacity":1,"paddingLeft":10,"paddingRight":10,"visibility":"visible","width":61.0,"x":96.0,"y":0.0}}, parentId:root_c2
08-27 12:48:40.880 D/AGenUI  (29018): 12:48:40.879 [logYogaLayoutInfo@277] [layout] id=root_c2_c3_c0 type=Text parent=root_c2_c3 xywh=(0.0,0.0,61.0,32.0) flex=(0.0,1.0) child=0 aspect=nan measure=1
08-27 12:48:40.881 D/AGenUI  (29018): 12:48:40.881 [onNodeAdded@298] onNodeAdded: {"component":"Text","id":"root_c2_c3_c0","styles":{"align-content":"stretch","align-items":"stretch","align-self":"auto","background-color":"transparent","border-color":"#0000001A","border-radius":"0px","border-style":"solid","border-width":"0px","color":"#FFFFFF","filter":"none","flex-direction":"column","flex-grow":0,"flex-shrink":1,"flex-wrap":"nowrap","font-family":"system","font-size":"28px","fontSize":12,"height":32.0,"justify-content":"flex-start","line-clamp":1,"line-height":"40px","lines":1,"opacity":1,"text-align":"left","text-overflow":"ellipsis","visibility":"visible","width":61.0,"x":0.0,"y":0.0},"text":"+5人","variant":"body"}, parentId:root_c2_c3
08-27 12:48:40.883 D/AGenUI  (29018): 12:48:40.882 [logYogaLayoutInfo@277] [layout] id=root_c3 type=Row parent=root_c0 xywh=(0.0,155.0,200.0,40.0) flex=(0.0,1.0) child=2 aspect=nan measure=0
08-27 12:48:40.885 D/AGenUI  (29018): 12:48:40.884 [onNodeAdded@298] onNodeAdded: {"children":["root_c3_c0","root_c3_c1"],"component":"Row","id":"root_c3","styles":{"align-content":"stretch","align-items":"stretch","align-self":"auto","background-color":"transparent","border-color":"#0000001A","border-radius":"0px","border-style":"solid","border-width":"0px","filter":"none","flex-direction":"column","flex-grow":0,"flex-shrink":1,"flex-wrap":"nowrap","height":40.0,"justify-content":"flex-start","opacity":1,"paddingBottom":16,"paddingLeft":16,"paddingRight":16,"visibility":"visible","width":200.0,"x":0.0,"y":155.0}}, parentId:root_c0
08-27 12:48:40.886 D/AGenUI  (29018): 12:48:40.885 [logYogaLayoutInfo@277] [layout] id=root_c3_c0 type=Container parent=root_c3 xywh=(0.0,0.0,146.0,40.0) flex=(0.0,1.0) child=1 aspect=nan measure=0
08-27 12:48:40.887 D/AGenUI  (29018): 12:48:40.887 [onNodeAdded@298] onNodeAdded: {"children":["root_c3_c0_c0"],"component":"Container","id":"root_c3_c0","styles":{"align-content":"stretch","align-items":"stretch","align-self":"auto","background-color":"transparent","backgroundColor":"#34C759","border-color":"#0000001A","border-radius":"0px","border-style":"solid","border-width":"0px","borderRadius":20,"filter":"none","flex":1,"flex-direction":"column","flex-grow":0,"flex-shrink":1,"flex-wrap":"nowrap","height":40.0,"justify-content":"flex-start","opacity":1,"paddingLeft":20,"paddingRight":20,"visibility":"visible","width":146.0,"x":0.0,"y":0.0}}, parentId:root_c3
08-27 12:48:40.888 D/AGenUI  (29018): 12:48:40.888 [logYogaLayoutInfo@277] [layout] id=root_c3_c0_c0 type=Text parent=root_c3_c0 xywh=(-1.0,0.0,147.0,40.0) flex=(0.0,1.0) child=0 aspect=nan measure=1
08-27 12:48:40.890 D/AGenUI  (29018): 12:48:40.889 [onNodeAdded@298] onNodeAdded: {"component":"Text","id":"root_c3_c0_c0","styles":{"align-content":"stretch","align-items":"stretch","align-self":"auto","background-color":"transparent","border-color":"#0000001A","border-radius":"0px","border-style":"solid","border-width":"0px","color":"#FFFFFF","filter":"none","flex-direction":"column","flex-grow":0,"flex-shrink":1,"flex-wrap":"nowrap","font-family":"system","font-size":"28px","fontSize":14,"fontWeight":"bold","height":40.0,"justify-content":"flex-start","line-clamp":1,"line-height":"40px","lines":1,"opacity":1,"text-align":"left","text-overflow":"ellipsis","visibility":"visible","width":147.0,"x":-1.0,"y":0.0},"text":"📞 一键入会","variant":"body"}, parentId:root_c3_c0
08-27 12:48:40.891 D/AGenUI  (29018): 12:48:40.890 [logYogaLayoutInfo@277] [layout] id=root_c3_c1 type=Container parent=root_c3 xywh=(146.0,0.0,54.0,40.0) flex=(0.0,1.0) child=1 aspect=nan measure=0
08-27 12:48:40.892 D/AGenUI  (29018): 12:48:40.892 [onNodeAdded@298] onNodeAdded: {"children":["root_c3_c1_c0"],"component":"Container","id":"root_c3_c1","styles":{"align-content":"stretch","align-items":"stretch","align-self":"auto","background-color":"transparent","backgroundColor":"rgba(255,255,255,0.15)","border-color":"#0000001A","border-radius":"0px","border-style":"solid","border-width":"0px","borderRadius":20,"filter":"none","flex-direction":"column","flex-grow":0,"flex-shrink":1,"flex-wrap":"nowrap","height":40.0,"justify-content":"flex-start","marginLeft":8,"opacity":1,"paddingLeft":16,"paddingRight":16,"visibility":"visible","width":54.0,"x":146.0,"y":0.0}}, parentId:root_c3
08-27 12:48:40.893 D/AGenUI  (29018): 12:48:40.893 [logYogaLayoutInfo@277] [layout] id=root_c3_c1_c0 type=Text parent=root_c3_c1 xywh=(-1.0,0.0,55.0,40.0) flex=(0.0,1.0) child=0 aspect=nan measure=1
08-27 12:48:40.895 D/AGenUI  (29018): 12:48:40.894 [onNodeAdded@298] onNodeAdded: {"component":"Text","id":"root_c3_c1_c0","styles":{"align-content":"stretch","align-items":"stretch","align-self":"auto","background-color":"transparent","border-color":"#0000001A","border-radius":"0px","border-style":"solid","border-width":"0px","color":"#FFFFFF","filter":"none","flex-direction":"column","flex-grow":0,"flex-shrink":1,"flex-wrap":"nowrap","font-family":"system","font-size":"28px","fontSize":14,"height":40.0,"justify-content":"flex-start","line-clamp":1,"line-height":"40px","lines":1,"opacity":1,"text-align":"left","text-overflow":"ellipsis","visibility":"visible","width":55.0,"x":-1.0,"y":0.0},"text":"议程","variant":"body"}, parentId:root_c3_c1
08-27 12:48:40.897 I/NativeEventBridge(29018): 12:48:40.896 [onComponentsAdd@70] onComponentsAdd: surfaceId=widget_-1_1787806120585, parents=23, components=23, components=[{"children":["root_c0"],"component":"Card","id":"root","styles":{"align-content":"stretch","align-items":"stretch","align-self":"auto","background-color":"transparent","backgroundColor":"linear-gradient(135deg,#1a1a2e 0%,#16213e 50%,#0f3460 100%)","border-color":"#0000001A","border-radius":"16px","border-style":"solid","border-width":"0px","borderRadius":16,"elevation":4,"filter":"none","flex-direction":"column","flex-grow":0,"flex-shrink":1,"flex-wrap":"nowrap","height":195.0,"justify-content":"flex-start","opacity":1,"visibility":"visible","width":200.0,"x":0.0,"y":0.0}}, {"children":["root_c0_c0","root_c1","root_c2","root_c3"],"component":"Column","id":"root_c0","styles":{"align-content":"stretch","align-items":"stretch","align-self":"auto","background-color":"transparent","border-color":"#0000001A","border-radius":"0px","border-style":"solid","border-width":"0px","filter":"none","flex-direction":"column","flex-grow":0,"flex-shrink":1,"flex-wrap":"nowrap","height":195.0,"justify-content":"flex-start","opacity":1,"visibility":"visible","width":200.0,"x":0.0,"y":0.0}}, {"children":["root_c0_c0_c0","root_c0_c0_c1"],"component":"Row","id":"root_c0_c0","styles":{"align-content":"stretch","align-items":"stretch","align-self":"auto","background-color":"transparent","border-color":"#0000001A","border-radius":"0px","border-style":"solid","border-width":"0px","filter":"none","flex-direction":"column","flex-grow":0,"flex-shrink":1,"flex-wrap":"nowrap","height":41.0,"justify-content":"flex-start","opacity":1,"paddingBottom":8,"paddingLeft":16,"paddingRight":16,"paddingTop":16,"visibility":"visible","width":200.0,"x":0.0,"y":0.0}}, {"children":["root_c0_c0_c0_c0"],"component":"Container","id":"root_c0_c0_c0","styles":{"align-content":"stretch","align-items":"stretch","align-self":"auto","background-color":"transparent","backgroundColor":"rgba(255,255,255,0.15)","border-color":"#0000001A","border-radius":"0px","border-style":"solid","border-width":"0px","borderRadius":999,"filter":"none","flex-direction":"column","flex-grow":0,"flex-shrink":1,"flex-wrap":"nowrap","height":40.0,"justify-content":"flex-start","opacity":1,"visibility":"visible","width":40.0,"x":0.0,"y":1.0}}, {"component":"Text","id":"root_c0_c0_c0_c0","styles":{"align-content":"stretch","align-items":"stretch","align-self":"auto","background-color":"transparent","border-color":"#0000001A","border-radius":"0px","border-style":"solid","border-width":"0px","color":"#FFFFFF","filter":"none","flex-direction":"column","flex-grow":0,"flex-shrink":1,"flex-wrap":"nowrap","font-family":"system","font-size":"28px","fontSize":18,"height":40.0,"justify-content":"flex-start","line-clamp":1,"line-height":"40px","lines":1,"opacity":1,"text-align":"left","text-overflow":"ellipsis","visibility":"visible","width":37.0,"x":1.0,"y":0.0},"text":"📅","variant":"body"}, {"component":"Text","id":"root_c0_c0_c1","styles":{"align-content":"stretch","align-items":"stretch","align-self":"auto","background-color":"transparent","border-color":"#0000001A","border-radius":"0px","border-style":"solid","border-width":"0px","color":"#FFFFFF","filter":"none","flex":1,"flex-direction":"column","flex-grow":0,"flex-shrink":1,"flex-wrap":"nowrap","font-family":"system","font-size":"28px","fontSize":16,"fontWeight":"bold","height":41.0,"justify-content":"flex-start","line-clamp":1,"line-height":"40px","lines":1,"marginLeft":12,"opacity":1,"text-align":"left","text-overflow":"ellipsis","visibility":"visible","width":113.0,"x":40.0,"y":0.0},"text":"产品周会","variant":"body"}, {"children":["root_c1_c0","root_c1_c1"],"component":"Column","id":"root_c1","styles":{"align-content":"stretch","align-items":"stretch","align-self":"auto","background-color":"transparent","border-color":"#0000001A","border-radius":"0px","border-style":"solid","border-width":"0px","filter":"none","flex-direction":"column","flex-grow":0,"flex-shrink":1,"flex-wrap
08-27 12:48:40.898 D/AGenUI  (29018): 12:48:40.897 [updateComponents@112] success: {"version":"v0.9","updateComponents":{"surfaceId":"widget_-1_1787806120585","components":[{"id":"root_c0_c0_c0_c0","component":"Text","text":"📅","styles":{"fontSize":18,"color":"#FFFFFF"}},{"id":"root_c0_c0_c0","component":"Container","styles":{"width":40,"height":40,"borderRadius":999,"backgroundColor":"rgba(255,255,255,0.15)","alignItems":"center","justifyContent":"center"},"children":["root_c0_c0_c0_c0"]},{"id":"root_c0_c0_c1","component":"Text","text":"产品周会","styles":{"fontSize":16,"fontWeight":"bold","color":"#FFFFFF","marginLeft":12,"flex":1}},{"id":"root_c0_c0","component":"Row","styles":{"paddingLeft":16,"paddingRight":16,"paddingTop":16,"paddingBottom":8,"alignItems":"center"},"children":["root_c0_c0_c0","root_c0_c0_c1"]},{"id":"root_c1_c0","component":"Text","text":"15:42","styles":{"fontSize":56,"fontWeight":"bold","color":"#FFFFFF","textAlign":"center"}},{"id":"root_c1_c1","component":"Text","text":"后开始","styles":{"fontSize":14,"color":"rgba(255,255,255,0.7)","textAlign":"center","marginTop":4}},{"id":"root_c1","component":"Column","styles":{"paddingLeft":16,"paddingRight":16,"paddingTop":8,"paddingBottom":16,"alignItems":"center"},"children":["root_c1_c0","root_c1_c1"]},{"id":"root_c2_c0_c0","component":"Text","text":"张","styles":{"fontSize":13,"color":"#FFFFFF"}},{"id":"root_c2_c0","component":"Container","styles":{"width":32,"height":32,"borderRadius":999,"backgroundColor":"#007DFF","alignItems":"center","justifyContent":"center"},"children":["root_c2_c0_c0"]},{"id":"root_c2_c1_c0","component":"Text","text":"李","styles":{"fontSize":13,"color":"#FFFFFF"}},{"id":"root_c2_c1","component":"Container","styles":{"width":32,"height":32,"borderRadius":999,"backgroundColor":"#34C759","marginLeft":-8,"alignItems":"center","justifyContent":"center"},"children":["root_c2_c1_c0"]},{"id":"root_c2_c2_c0","component":"Text","text":"王","styles":{"fontSize":13,"color":"#FFFFFF"}},{"id":"root_c2_c2","component":"Container","styles":{"width":32,"height":32,"borderRadius":999,"backgroundColor":"#FF9500","marginLeft":-8,"alignItems":"center","justifyContent":"center"},"children":["root_c2_c2_c0"]},{"id":"root_c2_c3_c0","component":"Text","text":"+5人","styles":{"fontSize":12,"color":"#FFFFFF"}},{"id":"root_c2_c3","component":"Container","styles":{"height":32,"borderRadius":999,"backgroundColor":"rgba(255,255,255,0.2)","marginLeft":-8,"paddingLeft":10,"paddingRight":10,"alignItems":"center","justifyContent":"center"},"children":["root_c2_c3_c0"]},{"id":"root_c2","component":"Row","styles":{"paddingLeft":16,"paddingRight":16,"paddingBottom":16,"alignItems":"center"},"children":["root_c2_c0","root_c2_c1","root_c2_c2","root_c2_c3"]},{"id":"root_c3_c0_c0","component":"Text","text":"📞 一键入会","styles":{"fontSize":14,"fontWeight":"bold","color":"#FFFFFF"}},{"id":"root_c3_c0","component":"Container","styles":{"height":40,"borderRadius":20,"backgroundColor":"#34C759","alignItems":"center","justifyContent":"center","paddingLeft":20,"paddingRight":20,"flex":1},"children":["root_c3_c0_c0"]},{"id":"root_c3_c1_c0","component":"Text","text":"议程","styles":{"fontSize":14,"color":"#FFFFFF"}},{"id":"root_c3_c1","component":"Container","styles":{"height":40,"borderRadius":20,"backgroundColor":"rgba(255,255,255,0.15)","alignItems":"center","justifyContent":"center","paddingLeft":16,"paddingRight":16,"marginLeft":8},"children":["root_c3_c1_c0"]},{"id":"root_c3","component":"Row","styles":{"paddingLeft":16,"paddingRight":16,"paddingBottom":16,"alignItems":"center"},"children":["root_c3_c0","root_c3_c1"]},{"id":"root_c0","component":"Column","children":["root_c0_c0","root_c1","root_c2","root_c3"]},{"id":"root","component":"Card","styles":{"borderRadius":16,"backgroundColor":"linear-gradient(135deg,#1a1a2e 0%,#16213e 50%,#0f3460 100%)","elevation":4},"children":["root_c0"]}]}}
08-27 12:48:40.899 D/surface_updateDataModel_begin(29018): [PERF] 12:48:40.898 [updateDataModel@234] widget_-1_1787806120585
08-27 12:48:40.900 D/AGenUI  (29018): 12:48:40.900 [updateData@50] path:/, jsonValue:{"agenda":["上周进度回顾","本周目标对齐","风险与阻塞项","Q&A"],"attendees":["张三","李四","王五","赵六","钱七","孙八","周九","吴十"],"countdown":"15:42","meetingTitle":"产品周会","startTime":"2026-08-27T10:00:00"}
08-27 12:48:40.901 D/surface_updateDataModel_end(29018): [PERF] 12:48:40.901 [updateDataModel@253] widget_-1_1787806120585
08-27 12:48:40.902 D/AGenUI  (29018): 12:48:40.902 [updateDataModel@137] success: {"version":"v0.9","updateDataModel":{"surfaceId":"widget_-1_1787806120585","value":{"meetingTitle":"产品周会","countdown":"15:42","startTime":"2026-08-27T10:00:00","attendees":["张三","李四","王五","赵六","钱七","孙八","周九","吴十"],"agenda":["上周进度回顾","本周目标对齐","风险与阻塞项","Q&A"]}}}
08-27 12:48:40.903 D/stream_assembling_end(29018): [PERF] 12:48:40.903 [processDataAssembling@57] 
08-27 12:48:40.904 D/AGenUI  (29018): 12:48:40.903 [processDataEnding@61] processing end
08-27 12:48:40.905 D/stream_end(29018): [PERF] 12:48:40.904 [processDataEnding@66] 
08-27 12:48:40.994 D/AGenUIWidgetRenderSvc(29018): onRootComponentUpdate: widget_-1_1787806120585, props={children=[root_c0], styles={align-content=stretch, align-items=stretch, align-self=auto, background-color=transparent, backgroundColor=linear-gradient(135deg,#1a1a2e 0%,#16213e 50%,#0f3460 100%), border-color=#0000001A, border-radius=16px, border-style=solid, border-width=0px, borderRadius=16.0, elevation=4.0, filter=none, flex-direction=column, flex-grow=0.0, flex-shrink=1.0, flex-wrap=nowrap, height=195.0, justify-content=flex-start, opacity=1.0, visibility=visible, width=200.0, x=0.0, y=0.0}}
08-27 12:48:40.996 D/components_applied(29018): [PERF] 12:48:40.995 [lambda$onComponentsAdd$2$com-amap-agenui-render-surface-NativeEventBridge@76] widget_-1_1787806120585
08-27 12:48:41.095 D/AGenUIWidgetRenderSvc(29018): Surface ready, proceeding to draw
08-27 12:48:41.107 D/WidgetBitmapRenderer(29018): Measured: 300x293
08-27 12:48:41.108 D/AGenUI  (29018): 12:48:41.107 [handleSurfaceSizeChanged@286] handleSurfaceSizeChanged: surfaceId:widget_-1_1787806120585, width:200.0, height:195.3
08-27 12:48:41.110 D/AGenUI  (29018): 12:48:41.109 [notifySurfaceSizeChanged@250] notifySurfaceSizeChanged
08-27 12:48:41.132 D/WidgetBitmapRenderer(29018): Bitmap: 300x293, bytes=351600
08-27 12:48:41.143 D/WidgetBitmapRenderer(29018): Debug bitmap saved: /storage/emulated/0/Android/data/com.amap.agenuiplayground/files/widget_render_debug.png
08-27 12:48:41.143 D/WidgetBitmapRenderer(29018): View hierarchy:
08-27 12:48:41.143 D/WidgetBitmapRenderer(29018):  [300x293] measured=[300x293] vis=0 tag=null
08-27 12:48:41.143 D/WidgetBitmapRenderer(29018):    [300x293] measured=[300x293] vis=0 tag=null
08-27 12:48:41.143 D/WidgetBitmapRenderer(29018):     YogaAbsoluteLayout [300x293] measured=[300x293] vis=0 tag=null
08-27 12:48:41.143 D/WidgetBitmapRenderer(29018):       YogaAbsoluteLayout [300x293] measured=[300x293] vis=0 tag=null
08-27 12:48:41.143 D/WidgetBitmapRenderer(29018):         YogaAbsoluteLayout [300x62] measured=[300x62] vis=0 tag=null
08-27 12:48:41.143 D/WidgetBitmapRenderer(29018):           YogaAbsoluteLayout [60x60] measured=[60x60] vis=0 tag=null
08-27 12:48:41.143 D/WidgetBitmapRenderer(29018):             TextView [56x60] measured=[56x60] vis=0 tag=null
08-27 12:48:41.143 D/WidgetBitmapRenderer(29018):           TextView [170x62] measured=[170x62] vis=0 tag=null
08-27 12:48:41.143 D/WidgetBitmapRenderer(29018):         YogaAbsoluteLayout [300x123] measured=[300x123] vis=0 tag=null
08-27 12:48:41.143 D/WidgetBitmapRenderer(29018):           TextView [107x62] measured=[107x62] vis=0 tag=null
08-27 12:48:41.143 D/WidgetBitmapRenderer(29018):           TextView [128x62] measured=[128x62] vis=0 tag=null
08-27 12:48:41.143 D/WidgetBitmapRenderer(29018):         YogaAbsoluteLayout [300x48] measured=[300x48] vis=0 tag=null
08-27 12:48:41.143 D/WidgetBitmapRenderer(29018):           YogaAbsoluteLayout [48x48] measured=[48x48] vis=0 tag=null
08-27 12:48:41.143 D/WidgetBitmapRenderer(29018):             TextView [44x48] measured=[44x48] vis=0 tag=null
08-27 12:48:41.143 D/WidgetBitmapRenderer(29018):           YogaAbsoluteLayout [48x48] measured=[48x48] vis=0 tag=null
08-27 12:48:41.143 D/WidgetBitmapRenderer(29018):             TextView [44x48] measured=[44x48] vis=0 tag=null
08-27 12:48:41.143 D/WidgetBitmapRenderer(29018):           YogaAbsoluteLayout [48x48] measured=[48x48] vis=0 tag=null
08-27 12:48:41.143 D/WidgetBitmapRenderer(29018):             TextView [44x48] measured=[44x48] vis=0 tag=null
08-27 12:48:41.143 D/WidgetBitmapRenderer(29018):           YogaAbsoluteLayout [92x48] measured=[92x48] vis=0 tag=null
08-27 12:48:41.143 D/WidgetBitmapRenderer(29018):             TextView [92x48] measured=[92x48] vis=0 tag=null
08-27 12:48:41.143 D/WidgetBitmapRenderer(29018):         YogaAbsoluteLayout [300x60] measured=[300x60] vis=0 tag=null
08-27 12:48:41.143 D/WidgetBitmapRenderer(29018):           YogaAbsoluteLayout [219x60] measured=[219x60] vis=0 tag=null
08-27 12:48:41.143 D/WidgetBitmapRenderer(29018):             TextView [221x60] measured=[221x60] vis=0 tag=null
08-27 12:48:41.143 D/WidgetBitmapRenderer(29018):           YogaAbsoluteLayout [81x60] measured=[81x60] vis=0 tag=null
08-27 12:48:41.143 D/WidgetBitmapRenderer(29018):             TextView [83x60] measured=[83x60] vis=0 tag=null
08-27 12:48:41.144 D/AGenUIWidgetRenderSvc(29018): Widget updated: AGenUI · meeting
08-27 12:48:41.144 D/WidgetSurfacePool(29018): Released SurfaceManager for template=meeting, pool size=1
08-27 12:48:41.144 D/AGenUIWidgetRenderSvc(29018): renderSync: id=-1, template=poll
08-27 12:48:41.145 D/AGenUIWidgetRenderSvc(29018): Widget dimensions: 300x400 (MEDIUM)
08-27 12:48:41.148 D/WidgetTemplateValidator(29018): Validated: 36 unique component IDs
08-27 12:48:41.162 D/AGenUIWidgetRenderSvc(29018): Converted 3 chunks for template: poll
08-27 12:48:41.163 W/AGenUI  (29018): 12:48:41.162 [initialize@68] Module already initialized
08-27 12:48:41.165 D/AGenUI  (29018): 12:48:41.163 [setDebug@278] build type set to debug
08-27 12:48:41.166 D/AGenUI  (29018): 12:48:41.165 [jni_createSurfaceManager@42] [JNI] createSurfaceManager
08-27 12:48:41.167 D/AGenUI  (29018): 12:48:41.167 [createSurfaceManager@90] begin creating
08-27 12:48:41.168 D/AGenUI  (29018): 12:48:41.168 [enterRunning@22] enter running, 6
08-27 12:48:41.170 D/AGenUI  (29018): 12:48:41.169 [init@40] init, 6
08-27 12:48:41.170 D/AGenUI  (29018): 12:48:41.169 [createSurfaceManager@109] created, 6
08-27 12:48:41.171 D/AGenUI  (29018): 12:48:41.170 [SurfaceCoordinator@34] construction finished
08-27 12:48:41.171 D/AGenUI  (29018): 12:48:41.170 [jni_createSurfaceManager@54] [JNI] createSurfaceManager: created with instanceId=6
08-27 12:48:41.172 I/AGenUI  (29018): 12:48:41.172 [createSurfaceManager@168] SurfaceManager created: instanceId=6
08-27 12:48:41.173 D/AGenUI  (29018): 12:48:41.173 [jni_addEventListener@47] [JNI] addEventListener: instanceId=6
08-27 12:48:41.174 D/AGenUI  (29018): 12:48:41.173 [addSurfaceEventListener@84] add lisenter success 6, listener:0xb4000078d1eea0b0, 0xb400007971e8af60
08-27 12:48:41.175 D/AGenUI  (29018): 12:48:41.174 [addEventListener@7] listener:0xb4000078d1eea0b0, 0
08-27 12:48:41.176 D/AGenUI  (29018): 12:48:41.175 [jni_addEventListener@66] [JNI] addEventListener: success, instanceId=6
08-27 12:48:41.177 I/SurfaceManager(29018): 12:48:41.176 [addMessageListener@200] UIMessage listener registered: instanceId=6
08-27 12:48:41.178 D/AGenUI  (29018): 12:48:41.177 [jni_setSurfaceSizeProvider@241] [JNI] setSurfaceSizeProvider: instanceId=6
08-27 12:48:41.179 I/SurfaceManager(29018): 12:48:41.178 [<init>@90] SurfaceManager created with Context, instanceId=6
08-27 12:48:41.179 D/AGenUIWidgetRenderSvc(29018): Created new SurfaceManager
08-27 12:48:41.180 D/SurfaceManager(29018): 12:48:41.179 [addListener@167] Listener added: 
08-27 12:48:41.182 D/AGenUI  (29018): 12:48:41.180 [beginTextStream@144] begin text stream
08-27 12:48:41.183 D/surface_begin_text_stream(29018): [PERF] 12:48:41.182 [beginTextStream@148] instanceId=6
08-27 12:48:41.184 D/surface_receive_text_chunk(29018): [PERF] 12:48:41.183 [receiveTextChunk@185] instanceId=6, bytes=171
08-27 12:48:41.184 D/AGenUI  (29018): 12:48:41.184 [processDataBeginning@36] processing begin
08-27 12:48:41.185 D/stream_begin(29018): [PERF] 12:48:41.185 [processDataBeginning@39] 
08-27 12:48:41.185 D/surface_receive_text_chunk(29018): [PERF] 12:48:41.185 [receiveTextChunk@185] instanceId=6, bytes=5714
08-27 12:48:41.186 D/surface_receive_text_chunk(29018): [PERF] 12:48:41.186 [receiveTextChunk@185] instanceId=6, bytes=344
08-27 12:48:41.186 D/stream_assembling_begin(29018): [PERF] 12:48:41.186 [processDataAssembling@43] 
08-27 12:48:41.187 D/AGenUI  (29018): 12:48:41.187 [endTextStream@163] end text stream
08-27 12:48:41.187 D/AGenUI  (29018): 12:48:41.187 [processDataAssembling@44] {"version":"v0.9","createSurface":{"surfaceId":"widget_-1_1787806121145","catalogId":"https:\/\/a2ui.org\/specification\/v0_9\/catalogs\/basic\/catalog.json","width":300}}
08-27 12:48:41.188 D/surface_end_text_stream(29018): [PERF] 12:48:41.187 [endTextStream@167] instanceId=6
08-27 12:48:41.188 D/surface_create_begin(29018): [PERF] 12:48:41.188 [Surface@26] widget_-1_1787806121145
08-27 12:48:41.189 D/surface_create_end(29018): [PERF] 12:48:41.189 [Surface@49] widget_-1_1787806121145
08-27 12:48:41.190 D/AGenUI  (29018): 12:48:41.190 [createSurface@82] success: {"version":"v0.9","createSurface":{"surfaceId":"widget_-1_1787806121145","catalogId":"https:\/\/a2ui.org\/specification\/v0_9\/catalogs\/basic\/catalog.json","width":300}}
08-27 12:48:41.192 D/AGenUI  (29018): 12:48:41.191 [dispatchCreateSurface@36] surfaceId:widget_-1_1787806121145
08-27 12:48:41.193 I/NativeEventBridge(29018): 12:48:41.192 [onCreateSurface@45] onCreateSurface: surfaceId=widget_-1_1787806121145, catalogId=https://a2ui.org/specification/v0_9/catalogs/basic/catalog.json
08-27 12:48:41.194 D/stream_assembling_end(29018): [PERF] 12:48:41.193 [processDataAssembling@57] 
08-27 12:48:41.194 D/SurfaceManager(29018): 12:48:41.193 [createSurface@324] createSurface: surfaceId=widget_-1_1787806121145
08-27 12:48:41.195 D/stream_assembling_begin(29018): [PERF] 12:48:41.194 [processDataAssembling@43] 
08-27 12:48:41.195 D/Surface (29018): 12:48:41.195 [<init>@127] Surface created: id=widget_-1_1787806121145
08-27 12:48:41.195 D/AGenUI  (29018): 12:48:41.195 [processDataAssembling@44] {"version":"v0.9","updateComponents":{"surfaceId":"widget_-1_1787806121145","components":[{"id":"root_c0_c0_c0_c0","component":"Text","text":"Ὄa","styles":{"fontSize":18}},{"id":"root_c0_c0_c0","component":"Container","styles":{"width":40,"height":40,"borderRadius":999,"backgroundColor":"#E8F3FF","alignItems":"center","justifyContent":"center"},"children":["root_c0_c0_c0_c0"]},{"id":"root_c0_c0_c1_c0","component":"Text","text":"投票","styles":{"fontSize":16,"fontWeight":"bold","color":"#181818"}},{"id":"root_c0_c0_c1_c1","component":"Text","text":"12 人参与","styles":{"fontSize":12,"color":"#999999"}},{"id":"root_c0_c0_c1","component":"Column","styles":{"marginLeft":12,"flex":1},"children":["root_c0_c0_c1_c0","root_c0_c0_c1_c1"]},{"id":"root_c0_c0","component":"Row","styles":{"paddingLeft":16,"paddingRight":16,"paddingTop":16,"paddingBottom":12,"alignItems":"center"},"children":["root_c0_c0_c0","root_c0_c0_c1"]},{"id":"root_c0_c1","component":"Text","text":"下周团建时间选哪天？","styles":{"fontSize":14,"fontWeight":"bold","color":"#181818","paddingLeft":16,"paddingRight":16,"paddingBottom":8}},{"id":"root_c0_c2_c0","component":"Text","text":"周三","styles":{"fontSize":13,"color":"#181818","width":50}},{"id":"root_c0_c2_c1_c0","component":"Container","styles":{"width":"42%","height":8,"borderRadius":4,"backgroundColor":"#007DFF"},"children":[]},{"id":"root_c0_c2_c1","component":"Container","styles":{"height":8,"borderRadius":4,"backgroundColor":"#E0E0E0","flex":1,"marginRight":8},"children":["root_c0_c2_c1_c0"]},{"id":"root_c0_c2_c2","component":"Text","text":"5","styles":{"fontSize":12,"color":"#007DFF","fontWeight":"bold","width":20}},{"id":"root_c0_c2","component":"Row","styles":{"paddingLeft":16,"paddingRight":16,"paddingTop":6,"paddingBottom":6,"alignItems":"center"},"children":["root_c0_c2_c0","root_c0_c2_c1","root_c0_c2_c2"]},{"id":"root_c0_c3_c0","component":"Text","text":"周四","styles":{"fontSize":13,"color":"#181818","width":50}},{"id":"root_c0_c3_c1_c0","component":"Container","styles":{"width":"33%","height":8,"borderRadius":4,"backgroundColor":"#007DFF"},"children":[]},{"id":"root_c0_c3_c1","component":"Container","styles":{"height":8,"borderRadius":4,"backgroundColor":"#E0E0E0","flex":1,"marginRight":8},"children":["root_c0_c3_c1_c0"]},{"id":"root_c0_c3_c2","component":"Text","text":"4","styles":{"fontSize":12,"color":"#999999","fontWeight":"bold","width":20}},{"id":"root_c0_c3","component":"Row","styles":{"paddingLeft":16,"paddingRight":16,"paddingTop":6,"paddingBottom":6,"alignItems":"center"},"children":["root_c0_c3_c0","root_c0_c3_c1","root_c0_c3_c2"]},{"id":"root_c0_c4_c0","component":"Text","text":"周五","styles":{"fontSize":13,"color":"#181818","width":50}},{"id":"root_c0_c4_c1_c0","component":"Container","styles":{"width":"25%","height":8,"borderRadius":4,"backgroundColor":"#007DFF"},"children":[]},{"id":"root_c0_c4_c1","component":"Container","styles":{"height":8,"borderRadius":4,"backgroundColor":"#E0E0E0","flex":1,"marginRight":8},"children":["root_c0_c4_c1_c0"]},{"id":"root_c0_c4_c2","component":"Text","text":"3","styles":{"fontSize":12,"color":"#999999","fontWeight":"bold","width":20}},{"id":"root_c0_c4","component":"Row","styles":{"paddingLeft":16,"paddingRight":16,"paddingTop":6,"paddingBottom":12,"alignItems":"center"},"children":["root_c0_c4_c0","root_c0_c4_c1","root_c0_c4_c2"]},{"id":"root_c0","component":"Column","children":["root_c0_c0","root_c0_c1","root_c0_c2","root_c0_c3","root_c0_c4"]},{"id":"root_c4_c0_c0","component":"Text","text":"已投票: 42人","styles":{"fontSize":12,"color":"#007DFF","fontWeight":"bold"}},{"id":"root_c4_c0","component":"Container","styles":{"height":28,"borderRadius":14,"backgroundColor":"#E8F3FF","alignItems":"center","justifyContent":"center","paddingLeft":10,"paddingRight":10,"flex":1,"marginRight":6},"children":["root_c4_c0_c0"]},{"id":"root_c4_c1_c0","component":"Text","text":"距结束: 2小时","styles":{"fontSize":12,"color":"#FF9500","fontWeight":"bol
08-27 12:48:41.195 D/AGenUIWidgetRenderSvc(29018): onCreateSurface: widget_-1_1787806121145
08-27 12:48:41.197 D/SurfaceManager(29018): 12:48:41.196 [createSurface@404] ✓ Surface created: widget_-1_1787806121145
08-27 12:48:41.197 D/stream_assembling_end(29018): [PERF] 12:48:41.196 [processDataAssembling@57] 
08-27 12:48:41.198 D/stream_assembling_begin(29018): [PERF] 12:48:41.197 [processDataAssembling@43] 
08-27 12:48:41.199 D/AGenUI  (29018): 12:48:41.198 [processDataAssembling@44] {"version":"v0.9","updateDataModel":{"surfaceId":"widget_-1_1787806121145","value":{"question":"下周团建时间选哪天？","options":[{"label":"周三","votes":5,"percent":"42%"},{"label":"周四","votes":4,"percent":"33%"},{"label":"周五","votes":3,"percent":"25%"}],"totalVotes":42,"timeRemaining":"2小时","leadingOption":"周三"}}}
08-27 12:48:41.202 D/AGenUI  (29018): 12:48:41.201 [updateComponents@209] none template: Text
08-27 12:48:41.203 D/AGenUI  (29018): 12:48:41.202 [updateComponents@209] none template: Container
08-27 12:48:41.203 D/AGenUI  (29018): 12:48:41.203 [updateComponents@209] none template: Text
08-27 12:48:41.204 D/AGenUI  (29018): 12:48:41.204 [updateComponents@209] none template: Text
08-27 12:48:41.205 D/AGenUI  (29018): 12:48:41.204 [updateComponents@209] none template: Column
08-27 12:48:41.206 D/AGenUI  (29018): 12:48:41.205 [updateComponents@209] none template: Row
08-27 12:48:41.208 D/AGenUI  (29018): 12:48:41.206 [updateComponents@209] none template: Text
08-27 12:48:41.209 D/AGenUI  (29018): 12:48:41.209 [updateComponents@209] none template: Text
08-27 12:48:41.211 D/AGenUI  (29018): 12:48:41.210 [updateComponents@209] none template: Container
08-27 12:48:41.212 D/AGenUI  (29018): 12:48:41.211 [updateComponents@209] none template: Container
08-27 12:48:41.213 D/AGenUI  (29018): 12:48:41.212 [updateComponents@209] none template: Text
08-27 12:48:41.215 D/AGenUI  (29018): 12:48:41.213 [updateComponents@209] none template: Row
08-27 12:48:41.216 D/AGenUI  (29018): 12:48:41.215 [updateComponents@209] none template: Text
08-27 12:48:41.217 D/AGenUI  (29018): 12:48:41.216 [updateComponents@209] none template: Container
08-27 12:48:41.218 D/AGenUI  (29018): 12:48:41.218 [updateComponents@209] none template: Container
08-27 12:48:41.220 D/AGenUI  (29018): 12:48:41.219 [updateComponents@209] none template: Text
08-27 12:48:41.221 D/AGenUI  (29018): 12:48:41.221 [updateComponents@209] none template: Row
08-27 12:48:41.223 D/AGenUI  (29018): 12:48:41.222 [updateComponents@209] none template: Text
08-27 12:48:41.224 D/AGenUI  (29018): 12:48:41.223 [updateComponents@209] none template: Container
08-27 12:48:41.224 D/AGenUI  (29018): 12:48:41.224 [updateComponents@209] none template: Container
08-27 12:48:41.225 D/AGenUI  (29018): 12:48:41.225 [updateComponents@209] none template: Text
08-27 12:48:41.226 D/AGenUI  (29018): 12:48:41.226 [updateComponents@209] none template: Row
08-27 12:48:41.227 D/AGenUI  (29018): 12:48:41.226 [updateComponents@209] none template: Column
08-27 12:48:41.228 D/AGenUI  (29018): 12:48:41.227 [updateComponents@209] none template: Text
08-27 12:48:41.228 D/AGenUI  (29018): 12:48:41.228 [updateComponents@209] none template: Container
08-27 12:48:41.229 D/AGenUI  (29018): 12:48:41.229 [updateComponents@209] none template: Text
08-27 12:48:41.230 D/AGenUI  (29018): 12:48:41.229 [updateComponents@209] none template: Container
08-27 12:48:41.231 D/AGenUI  (29018): 12:48:41.230 [updateComponents@209] none template: Row
08-27 12:48:41.232 D/AGenUI  (29018): 12:48:41.231 [updateComponents@209] none template: Text
08-27 12:48:41.232 D/AGenUI  (29018): 12:48:41.232 [updateComponents@209] none template: Text
08-27 12:48:41.233 D/AGenUI  (29018): 12:48:41.232 [updateComponents@209] none template: Column
08-27 12:48:41.234 D/AGenUI  (29018): 12:48:41.233 [updateComponents@209] none template: Text
08-27 12:48:41.234 D/AGenUI  (29018): 12:48:41.234 [updateComponents@209] none template: Container
08-27 12:48:41.235 D/AGenUI  (29018): 12:48:41.234 [updateComponents@209] none template: Row
08-27 12:48:41.236 D/AGenUI  (29018): 12:48:41.235 [updateComponents@209] none template: Card
08-27 12:48:41.236 D/AGenUI  (29018): 12:48:41.236 [updateComponents@209] none template: Card
08-27 12:48:41.250 D/AGenUI  (29018): 12:48:41.249 [getValueData@71] calling FunctionCallManager.executeFunctionCallSync: name=token, args={"name":"Color_Text_Body"}
08-27 12:48:41.251 D/AGenUI  (29018): 12:48:41.250 [execute@20] token:Color_Text_Body, resolved:#000000E6
08-27 12:48:41.256 D/AGenUI  (29018): 12:48:41.255 [setupMeasureFunctionIfNeeded@329] [setupMeasureFunc] id=root_c0_c0_c0_c0 comp=Text decision=Register
08-27 12:48:41.258 D/AGenUI  (29018): 12:48:41.257 [setupMeasureFunctionIfNeeded@329] [setupMeasureFunc] id=root_c0_c0_c1_c0 comp=Text decision=Register
08-27 12:48:41.259 D/AGenUI  (29018): 12:48:41.259 [setupMeasureFunctionIfNeeded@329] [setupMeasureFunc] id=root_c0_c0_c1_c1 comp=Text decision=Register
08-27 12:48:41.262 D/AGenUI  (29018): 12:48:41.261 [setupMeasureFunctionIfNeeded@329] [setupMeasureFunc] id=root_c0_c1 comp=Text decision=Register
08-27 12:48:41.263 D/AGenUI  (29018): 12:48:41.263 [setupMeasureFunctionIfNeeded@329] [setupMeasureFunc] id=root_c0_c2_c0 comp=Text decision=Register
08-27 12:48:41.265 D/AGenUI  (29018): 12:48:41.265 [setupMeasureFunctionIfNeeded@329] [setupMeasureFunc] id=root_c0_c2_c2 comp=Text decision=Register
08-27 12:48:41.267 D/AGenUI  (29018): 12:48:41.266 [setupMeasureFunctionIfNeeded@329] [setupMeasureFunc] id=root_c0_c3_c0 comp=Text decision=Register
08-27 12:48:41.269 D/AGenUI  (29018): 12:48:41.269 [setupMeasureFunctionIfNeeded@329] [setupMeasureFunc] id=root_c0_c3_c2 comp=Text decision=Register
08-27 12:48:41.271 D/AGenUI  (29018): 12:48:41.270 [setupMeasureFunctionIfNeeded@329] [setupMeasureFunc] id=root_c0_c4_c0 comp=Text decision=Register
08-27 12:48:41.273 D/AGenUI  (29018): 12:48:41.272 [setupMeasureFunctionIfNeeded@329] [setupMeasureFunc] id=root_c0_c4_c2 comp=Text decision=Register
08-27 12:48:41.275 D/AGenUI  (29018): 12:48:41.274 [setupMeasureFunctionIfNeeded@329] [setupMeasureFunc] id=root_c4_c0_c0 comp=Text decision=Register
08-27 12:48:41.277 D/AGenUI  (29018): 12:48:41.276 [setupMeasureFunctionIfNeeded@329] [setupMeasureFunc] id=root_c4_c1_c0 comp=Text decision=Register
08-27 12:48:41.279 D/AGenUI  (29018): 12:48:41.278 [setupMeasureFunctionIfNeeded@329] [setupMeasureFunc] id=root_c5_c0_c0_c0 comp=Text decision=Register
08-27 12:48:41.281 D/AGenUI  (29018): 12:48:41.280 [setupMeasureFunctionIfNeeded@329] [setupMeasureFunc] id=root_c5_c0_c0_c1 comp=Text decision=Register
08-27 12:48:41.283 D/AGenUI  (29018): 12:48:41.282 [setupMeasureFunctionIfNeeded@329] [setupMeasureFunc] id=root_c5_c0_c1_c0 comp=Text decision=Register
08-27 12:48:41.286 D/AGenUI  (29018): 12:48:41.286 [measure@193] [JNI] AndroidBridgeMeasurement.measure start: type=Text, paramJson={"component":"Text","id":"root_c0_c0_c1_c0","styles":{"background-color":"transparent","border-color":"#0000001A","border-radius":"0px","border-style":"solid","border-width":"0px","color":"#181818","filter":"none","font-family":"system","font-size":"28px","fontSize":16,"fontWeight":"bold","height":0.0,"line-clamp":1,"line-height":"40px","opacity":1,"text-align":"left","text-overflow":"ellipsis","visibility":"visible","width":0.0,"x":0.0,"y":0.0},"text":"投票","variant":"body"}, width={maxValue=200.000000, mode=2}, height={maxValue=nan, mode=0}
08-27 12:48:41.287 W/MeasurementBridge(29018): 12:48:41.287 [directMeasure@91] directMeasure start: type=Text, paramJson={"component":"Text","id":"root_c0_c0_c1_c0","styles":{"background-color":"transparent","border-color":"#0000001A","border-radius":"0px","border-style":"solid","border-width":"0px","color":"#181818","filter":"none","font-family":"system","font-size":"28px","fontSize":16,"fontWeight":"bold","height":0.0,"line-clamp":1,"line-height":"40px","opacity":1,"text-align":"left","text-overflow":"ellipsis","visibility":"visible","width":0.0,"x":0.0,"y":0.0},"text":"投票","variant":"body"}, maxWidth=200.0, widthMode=2, maxHeight=NaN, heightMode=0
08-27 12:48:41.290 W/MeasurementBridge(29018): 12:48:41.289 [directMeasure@108] directMeasure result: type=Text, result=MeasureResult{calcType=0, width=57.0, height=41.0, lineCount=1}
08-27 12:48:41.291 D/AGenUI  (29018): 12:48:41.290 [measure@235] [JNI] AndroidBridgeMeasurement.measure result: type=Text, result=MeasureResult{calcType=Sync, width=57.000000, height=41.000000, countOfLines=1}
08-27 12:48:41.292 D/AGenUI  (29018): 12:48:41.291 [measure@193] [JNI] AndroidBridgeMeasurement.measure start: type=Text, paramJson={"component":"Text","id":"root_c0_c0_c1_c1","styles":{"background-color":"transparent","border-color":"#0000001A","border-radius":"0px","border-style":"solid","border-width":"0px","color":"#999999","filter":"none","font-family":"system","font-size":"28px","fontSize":12,"height":0.0,"line-clamp":1,"line-height":"40px","opacity":1,"text-align":"left","text-overflow":"ellipsis","visibility":"visible","width":0.0,"x":0.0,"y":0.0},"text":"12 人参与","variant":"body"}, width={maxValue=200.000000, mode=2}, height={maxValue=nan, mode=0}
08-27 12:48:41.293 W/MeasurementBridge(29018): 12:48:41.292 [directMeasure@91] directMeasure start: type=Text, paramJson={"component":"Text","id":"root_c0_c0_c1_c1","styles":{"background-color":"transparent","border-color":"#0000001A","border-radius":"0px","border-style":"solid","border-width":"0px","color":"#999999","filter":"none","font-family":"system","font-size":"28px","fontSize":12,"height":0.0,"line-clamp":1,"line-height":"40px","opacity":1,"text-align":"left","text-overflow":"ellipsis","visibility":"visible","width":0.0,"x":0.0,"y":0.0},"text":"12 人参与","variant":"body"}, maxWidth=200.0, widthMode=2, maxHeight=NaN, heightMode=0
08-27 12:48:41.296 W/MeasurementBridge(29018): 12:48:41.295 [directMeasure@108] directMeasure result: type=Text, result=MeasureResult{calcType=0, width=124.0, height=41.0, lineCount=1}
08-27 12:48:41.297 D/AGenUI  (29018): 12:48:41.296 [measure@235] [JNI] AndroidBridgeMeasurement.measure result: type=Text, result=MeasureResult{calcType=Sync, width=124.000000, height=41.000000, countOfLines=1}
08-27 12:48:41.298 D/AGenUI  (29018): 12:48:41.297 [measure@193] [JNI] AndroidBridgeMeasurement.measure start: type=Text, paramJson={"component":"Text","id":"root_c0_c0_c1_c0","styles":{"background-color":"transparent","border-color":"#0000001A","border-radius":"0px","border-style":"solid","border-width":"0px","color":"#181818","filter":"none","font-family":"system","font-size":"28px","fontSize":16,"fontWeight":"bold","height":0.0,"line-clamp":1,"line-height":"40px","lines":1,"opacity":1,"text-align":"left","text-overflow":"ellipsis","visibility":"visible","width":0.0,"x":0.0,"y":0.0},"text":"投票","variant":"body"}, width={maxValue=124.000000, mode=1}, height={maxValue=nan, mode=0}
08-27 12:48:41.299 W/MeasurementBridge(29018): 12:48:41.298 [directMeasure@91] directMeasure start: type=Text, paramJson={"component":"Text","id":"root_c0_c0_c1_c0","styles":{"background-color":"transparent","border-color":"#0000001A","border-radius":"0px","border-style":"solid","border-width":"0px","color":"#181818","filter":"none","font-family":"system","font-size":"28px","fontSize":16,"fontWeight":"bold","height":0.0,"line-clamp":1,"line-height":"40px","lines":1,"opacity":1,"text-align":"left","text-overflow":"ellipsis","visibility":"visible","width":0.0,"x":0.0,"y":0.0},"text":"投票","variant":"body"}, maxWidth=124.0, widthMode=1, maxHeight=NaN, heightMode=0
08-27 12:48:41.301 W/MeasurementBridge(29018): 12:48:41.300 [directMeasure@108] directMeasure result: type=Text, result=MeasureResult{calcType=0, width=125.0, height=41.0, lineCount=1}
08-27 12:48:41.302 D/AGenUI  (29018): 12:48:41.301 [measure@235] [JNI] AndroidBridgeMeasurement.measure result: type=Text, result=MeasureResult{calcType=Sync, width=125.000000, height=41.000000, countOfLines=1}
08-27 12:48:41.303 D/AGenUI  (29018): 12:48:41.303 [measure@193] [JNI] AndroidBridgeMeasurement.measure start: type=Text, paramJson={"component":"Text","id":"root_c0_c1","styles":{"background-color":"transparent","border-color":"#0000001A","border-radius":"0px","border-style":"solid","border-width":"0px","color":"#181818","filter":"none","font-family":"system","font-size":"28px","fontSize":14,"fontWeight":"bold","height":0.0,"line-clamp":1,"line-height":"40px","opacity":1,"paddingBottom":8,"paddingLeft":16,"paddingRight":16,"text-align":"left","text-overflow":"ellipsis","visibility":"visible","width":0.0,"x":0.0,"y":0.0},"text":"下周团建时间选哪天？","variant":"body"}, width={maxValue=200.000000, mode=1}, height={maxValue=nan, mode=0}
08-27 12:48:41.304 W/MeasurementBridge(29018): 12:48:41.304 [directMeasure@91] directMeasure start: type=Text, paramJson={"component":"Text","id":"root_c0_c1","styles":{"background-color":"transparent","border-color":"#0000001A","border-radius":"0px","border-style":"solid","border-width":"0px","color":"#181818","filter":"none","font-family":"system","font-size":"28px","fontSize":14,"fontWeight":"bold","height":0.0,"line-clamp":1,"line-height":"40px","opacity":1,"paddingBottom":8,"paddingLeft":16,"paddingRight":16,"text-align":"left","text-overflow":"ellipsis","visibility":"visible","width":0.0,"x":0.0,"y":0.0},"text":"下周团建时间选哪天？","variant":"body"}, maxWidth=200.0, widthMode=1, maxHeight=NaN, heightMode=0
08-27 12:48:41.307 W/MeasurementBridge(29018): 12:48:41.307 [directMeasure@108] directMeasure result: type=Text, result=MeasureResult{calcType=0, width=201.0, height=41.0, lineCount=1}
08-27 12:48:41.308 D/AGenUI  (29018): 12:48:41.308 [measure@235] [JNI] AndroidBridgeMeasurement.measure result: type=Text, result=MeasureResult{calcType=Sync, width=201.000000, height=41.000000, countOfLines=1}
08-27 12:48:41.310 D/AGenUI  (29018): 12:48:41.309 [measure@193] [JNI] AndroidBridgeMeasurement.measure start: type=Text, paramJson={"component":"Text","id":"root_c0_c2_c0","styles":{"background-color":"transparent","border-color":"#0000001A","border-radius":"0px","border-style":"solid","border-width":"0px","color":"#181818","filter":"none","font-family":"system","font-size":"28px","fontSize":13,"height":0.0,"line-clamp":1,"line-height":"40px","opacity":1,"text-align":"left","text-overflow":"ellipsis","visibility":"visible","width":0.0,"x":0.0,"y":0.0},"text":"周三","variant":"body"}, width={maxValue=50.000000, mode=1}, height={maxValue=nan, mode=0}
08-27 12:48:41.311 W/MeasurementBridge(29018): 12:48:41.310 [directMeasure@91] directMeasure start: type=Text, paramJson={"component":"Text","id":"root_c0_c2_c0","styles":{"background-color":"transparent","border-color":"#0000001A","border-radius":"0px","border-style":"solid","border-width":"0px","color":"#181818","filter":"none","font-family":"system","font-size":"28px","fontSize":13,"height":0.0,"line-clamp":1,"line-height":"40px","opacity":1,"text-align":"left","text-overflow":"ellipsis","visibility":"visible","width":0.0,"x":0.0,"y":0.0},"text":"周三","variant":"body"}, maxWidth=50.0, widthMode=1, maxHeight=NaN, heightMode=0
08-27 12:48:41.313 W/MeasurementBridge(29018): 12:48:41.313 [directMeasure@108] directMeasure result: type=Text, result=MeasureResult{calcType=0, width=51.0, height=41.0, lineCount=1}
08-27 12:48:41.314 D/AGenUI  (29018): 12:48:41.314 [measure@235] [JNI] AndroidBridgeMeasurement.measure result: type=Text, result=MeasureResult{calcType=Sync, width=51.000000, height=41.000000, countOfLines=1}
08-27 12:48:41.317 D/AGenUI  (29018): 12:48:41.316 [measure@193] [JNI] AndroidBridgeMeasurement.measure start: type=Text, paramJson={"component":"Text","id":"root_c0_c2_c2","styles":{"background-color":"transparent","border-color":"#0000001A","border-radius":"0px","border-style":"solid","border-width":"0px","color":"#007DFF","filter":"none","font-family":"system","font-size":"28px","fontSize":12,"fontWeight":"bold","height":0.0,"line-clamp":1,"line-height":"40px","opacity":1,"text-align":"left","text-overflow":"ellipsis","visibility":"visible","width":0.0,"x":0.0,"y":0.0},"text":"5","variant":"body"}, width={maxValue=20.000000, mode=1}, height={maxValue=nan, mode=0}
08-27 12:48:41.318 W/MeasurementBridge(29018): 12:48:41.317 [directMeasure@91] directMeasure start: type=Text, paramJson={"component":"Text","id":"root_c0_c2_c2","styles":{"background-color":"transparent","border-color":"#0000001A","border-radius":"0px","border-style":"solid","border-width":"0px","color":"#007DFF","filter":"none","font-family":"system","font-size":"28px","fontSize":12,"fontWeight":"bold","height":0.0,"line-clamp":1,"line-height":"40px","opacity":1,"text-align":"left","text-overflow":"ellipsis","visibility":"visible","width":0.0,"x":0.0,"y":0.0},"text":"5","variant":"body"}, maxWidth=20.0, widthMode=1, maxHeight=NaN, heightMode=0
08-27 12:48:41.320 W/MeasurementBridge(29018): 12:48:41.319 [directMeasure@108] directMeasure result: type=Text, result=MeasureResult{calcType=0, width=21.0, height=41.0, lineCount=1}
08-27 12:48:41.321 D/AGenUI  (29018): 12:48:41.320 [measure@235] [JNI] AndroidBridgeMeasurement.measure result: type=Text, result=MeasureResult{calcType=Sync, width=21.000000, height=41.000000, countOfLines=1}
08-27 12:48:41.322 D/AGenUI  (29018): 12:48:41.322 [measure@193] [JNI] AndroidBridgeMeasurement.measure start: type=Text, paramJson={"component":"Text","id":"root_c0_c3_c0","styles":{"background-color":"transparent","border-color":"#0000001A","border-radius":"0px","border-style":"solid","border-width":"0px","color":"#181818","filter":"none","font-family":"system","font-size":"28px","fontSize":13,"height":0.0,"line-clamp":1,"line-height":"40px","opacity":1,"text-align":"left","text-overflow":"ellipsis","visibility":"visible","width":0.0,"x":0.0,"y":0.0},"text":"周四","variant":"body"}, width={maxValue=50.000000, mode=1}, height={maxValue=nan, mode=0}
08-27 12:48:41.324 W/MeasurementBridge(29018): 12:48:41.323 [directMeasure@91] directMeasure start: type=Text, paramJson={"component":"Text","id":"root_c0_c3_c0","styles":{"background-color":"transparent","border-color":"#0000001A","border-radius":"0px","border-style":"solid","border-width":"0px","color":"#181818","filter":"none","font-family":"system","font-size":"28px","fontSize":13,"height":0.0,"line-clamp":1,"line-height":"40px","opacity":1,"text-align":"left","text-overflow":"ellipsis","visibility":"visible","width":0.0,"x":0.0,"y":0.0},"text":"周四","variant":"body"}, maxWidth=50.0, widthMode=1, maxHeight=NaN, heightMode=0
08-27 12:48:41.326 W/MeasurementBridge(29018): 12:48:41.325 [directMeasure@108] directMeasure result: type=Text, result=MeasureResult{calcType=0, width=51.0, height=41.0, lineCount=1}
08-27 12:48:41.327 D/AGenUI  (29018): 12:48:41.327 [measure@235] [JNI] AndroidBridgeMeasurement.measure result: type=Text, result=MeasureResult{calcType=Sync, width=51.000000, height=41.000000, countOfLines=1}
08-27 12:48:41.329 D/AGenUI  (29018): 12:48:41.328 [measure@193] [JNI] AndroidBridgeMeasurement.measure start: type=Text, paramJson={"component":"Text","id":"root_c0_c3_c2","styles":{"background-color":"transparent","border-color":"#0000001A","border-radius":"0px","border-style":"solid","border-width":"0px","color":"#999999","filter":"none","font-family":"system","font-size":"28px","fontSize":12,"fontWeight":"bold","height":0.0,"line-clamp":1,"line-height":"40px","opacity":1,"text-align":"left","text-overflow":"ellipsis","visibility":"visible","width":0.0,"x":0.0,"y":0.0},"text":"4","variant":"body"}, width={maxValue=20.000000, mode=1}, height={maxValue=nan, mode=0}
08-27 12:48:41.330 W/MeasurementBridge(29018): 12:48:41.329 [directMeasure@91] directMeasure start: type=Text, paramJson={"component":"Text","id":"root_c0_c3_c2","styles":{"background-color":"transparent","border-color":"#0000001A","border-radius":"0px","border-style":"solid","border-width":"0px","color":"#999999","filter":"none","font-family":"system","font-size":"28px","fontSize":12,"fontWeight":"bold","height":0.0,"line-clamp":1,"line-height":"40px","opacity":1,"text-align":"left","text-overflow":"ellipsis","visibility":"visible","width":0.0,"x":0.0,"y":0.0},"text":"4","variant":"body"}, maxWidth=20.0, widthMode=1, maxHeight=NaN, heightMode=0
08-27 12:48:41.332 W/MeasurementBridge(29018): 12:48:41.331 [directMeasure@108] directMeasure result: type=Text, result=MeasureResult{calcType=0, width=21.0, height=41.0, lineCount=1}
08-27 12:48:41.333 D/AGenUI  (29018): 12:48:41.333 [measure@235] [JNI] AndroidBridgeMeasurement.measure result: type=Text, result=MeasureResult{calcType=Sync, width=21.000000, height=41.000000, countOfLines=1}
08-27 12:48:41.335 D/AGenUI  (29018): 12:48:41.334 [measure@193] [JNI] AndroidBridgeMeasurement.measure start: type=Text, paramJson={"component":"Text","id":"root_c0_c4_c0","styles":{"background-color":"transparent","border-color":"#0000001A","border-radius":"0px","border-style":"solid","border-width":"0px","color":"#181818","filter":"none","font-family":"system","font-size":"28px","fontSize":13,"height":0.0,"line-clamp":1,"line-height":"40px","opacity":1,"text-align":"left","text-overflow":"ellipsis","visibility":"visible","width":0.0,"x":0.0,"y":0.0},"text":"周五","variant":"body"}, width={maxValue=50.000000, mode=1}, height={maxValue=nan, mode=0}
08-27 12:48:41.336 W/MeasurementBridge(29018): 12:48:41.335 [directMeasure@91] directMeasure start: type=Text, paramJson={"component":"Text","id":"root_c0_c4_c0","styles":{"background-color":"transparent","border-color":"#0000001A","border-radius":"0px","border-style":"solid","border-width":"0px","color":"#181818","filter":"none","font-family":"system","font-size":"28px","fontSize":13,"height":0.0,"line-clamp":1,"line-height":"40px","opacity":1,"text-align":"left","text-overflow":"ellipsis","visibility":"visible","width":0.0,"x":0.0,"y":0.0},"text":"周五","variant":"body"}, maxWidth=50.0, widthMode=1, maxHeight=NaN, heightMode=0
08-27 12:48:41.338 W/MeasurementBridge(29018): 12:48:41.338 [directMeasure@108] directMeasure result: type=Text, result=MeasureResult{calcType=0, width=51.0, height=41.0, lineCount=1}
08-27 12:48:41.339 D/AGenUI  (29018): 12:48:41.339 [measure@235] [JNI] AndroidBridgeMeasurement.measure result: type=Text, result=MeasureResult{calcType=Sync, width=51.000000, height=41.000000, countOfLines=1}
08-27 12:48:41.340 D/AGenUI  (29018): 12:48:41.340 [measure@193] [JNI] AndroidBridgeMeasurement.measure start: type=Text, paramJson={"component":"Text","id":"root_c0_c4_c2","styles":{"background-color":"transparent","border-color":"#0000001A","border-radius":"0px","border-style":"solid","border-width":"0px","color":"#999999","filter":"none","font-family":"system","font-size":"28px","fontSize":12,"fontWeight":"bold","height":0.0,"line-clamp":1,"line-height":"40px","opacity":1,"text-align":"left","text-overflow":"ellipsis","visibility":"visible","width":0.0,"x":0.0,"y":0.0},"text":"3","variant":"body"}, width={maxValue=20.000000, mode=1}, height={maxValue=nan, mode=0}
08-27 12:48:41.341 W/MeasurementBridge(29018): 12:48:41.341 [directMeasure@91] directMeasure start: type=Text, paramJson={"component":"Text","id":"root_c0_c4_c2","styles":{"background-color":"transparent","border-color":"#0000001A","border-radius":"0px","border-style":"solid","border-width":"0px","color":"#999999","filter":"none","font-family":"system","font-size":"28px","fontSize":12,"fontWeight":"bold","height":0.0,"line-clamp":1,"line-height":"40px","opacity":1,"text-align":"left","text-overflow":"ellipsis","visibility":"visible","width":0.0,"x":0.0,"y":0.0},"text":"3","variant":"body"}, maxWidth=20.0, widthMode=1, maxHeight=NaN, heightMode=0
08-27 12:48:41.344 W/MeasurementBridge(29018): 12:48:41.343 [directMeasure@108] directMeasure result: type=Text, result=MeasureResult{calcType=0, width=21.0, height=41.0, lineCount=1}
08-27 12:48:41.345 D/AGenUI  (29018): 12:48:41.344 [measure@235] [JNI] AndroidBridgeMeasurement.measure result: type=Text, result=MeasureResult{calcType=Sync, width=21.000000, height=41.000000, countOfLines=1}
08-27 12:48:41.346 D/AGenUI  (29018): 12:48:41.345 [measure@193] [JNI] AndroidBridgeMeasurement.measure start: type=Text, paramJson={"component":"Text","id":"root_c4_c0_c0","styles":{"background-color":"transparent","border-color":"#0000001A","border-radius":"0px","border-style":"solid","border-width":"0px","color":"#007DFF","filter":"none","font-family":"system","font-size":"28px","fontSize":12,"fontWeight":"bold","height":0.0,"line-clamp":1,"line-height":"40px","opacity":1,"text-align":"left","text-overflow":"ellipsis","visibility":"visible","width":0.0,"x":0.0,"y":0.0},"text":"已投票: 42人","variant":"body"}, width={maxValue=200.000000, mode=2}, height={maxValue=28.000000, mode=2}
08-27 12:48:41.347 W/MeasurementBridge(29018): 12:48:41.346 [directMeasure@91] directMeasure start: type=Text, paramJson={"component":"Text","id":"root_c4_c0_c0","styles":{"background-color":"transparent","border-color":"#0000001A","border-radius":"0px","border-style":"solid","border-width":"0px","color":"#007DFF","filter":"none","font-family":"system","font-size":"28px","fontSize":12,"fontWeight":"bold","height":0.0,"line-clamp":1,"line-height":"40px","opacity":1,"text-align":"left","text-overflow":"ellipsis","visibility":"visible","width":0.0,"x":0.0,"y":0.0},"text":"已投票: 42人","variant":"body"}, maxWidth=200.0, widthMode=2, maxHeight=28.0, heightMode=2
08-27 12:48:41.351 W/MeasurementBridge(29018): 12:48:41.350 [directMeasure@108] directMeasure result: type=Text, result=MeasureResult{calcType=0, width=160.0, height=29.0, lineCount=1}
08-27 12:48:41.352 D/AGenUI  (29018): 12:48:41.351 [measure@235] [JNI] AndroidBridgeMeasurement.measure result: type=Text, result=MeasureResult{calcType=Sync, width=160.000000, height=29.000000, countOfLines=1}
08-27 12:48:41.353 D/AGenUI  (29018): 12:48:41.352 [measure@193] [JNI] AndroidBridgeMeasurement.measure start: type=Text, paramJson={"component":"Text","id":"root_c4_c0_c0","styles":{"background-color":"transparent","border-color":"#0000001A","border-radius":"0px","border-style":"solid","border-width":"0px","color":"#007DFF","filter":"none","font-family":"system","font-size":"28px","fontSize":12,"fontWeight":"bold","height":0.0,"line-clamp":1,"line-height":"40px","lines":1,"opacity":1,"text-align":"left","text-overflow":"ellipsis","visibility":"visible","width":0.0,"x":0.0,"y":0.0},"text":"已投票: 42人","variant":"body"}, width={maxValue=200.000000, mode=2}, height={maxValue=28.000000, mode=1}
08-27 12:48:41.354 W/MeasurementBridge(29018): 12:48:41.353 [directMeasure@91] directMeasure start: type=Text, paramJson={"component":"Text","id":"root_c4_c0_c0","styles":{"background-color":"transparent","border-color":"#0000001A","border-radius":"0px","border-style":"solid","border-width":"0px","color":"#007DFF","filter":"none","font-family":"system","font-size":"28px","fontSize":12,"fontWeight":"bold","height":0.0,"line-clamp":1,"line-height":"40px","lines":1,"opacity":1,"text-align":"left","text-overflow":"ellipsis","visibility":"visible","width":0.0,"x":0.0,"y":0.0},"text":"已投票: 42人","variant":"body"}, maxWidth=200.0, widthMode=2, maxHeight=28.0, heightMode=1
08-27 12:48:41.356 W/MeasurementBridge(29018): 12:48:41.355 [directMeasure@108] directMeasure result: type=Text, result=MeasureResult{calcType=0, width=160.0, height=29.0, lineCount=1}
08-27 12:48:41.357 D/AGenUI  (29018): 12:48:41.356 [measure@235] [JNI] AndroidBridgeMeasurement.measure result: type=Text, result=MeasureResult{calcType=Sync, width=160.000000, height=29.000000, countOfLines=1}
08-27 12:48:41.358 D/AGenUI  (29018): 12:48:41.357 [measure@193] [JNI] AndroidBridgeMeasurement.measure start: type=Text, paramJson={"component":"Text","id":"root_c4_c1_c0","styles":{"background-color":"transparent","border-color":"#0000001A","border-radius":"0px","border-style":"solid","border-width":"0px","color":"#FF9500","filter":"none","font-family":"system","font-size":"28px","fontSize":12,"fontWeight":"bold","height":0.0,"line-clamp":1,"line-height":"40px","opacity":1,"text-align":"left","text-overflow":"ellipsis","visibility":"visible","width":0.0,"x":0.0,"y":0.0},"text":"距结束: 2小时","variant":"body"}, width={maxValue=200.000000, mode=2}, height={maxValue=28.000000, mode=2}
08-27 12:48:41.359 W/MeasurementBridge(29018): 12:48:41.358 [directMeasure@91] directMeasure start: type=Text, paramJson={"component":"Text","id":"root_c4_c1_c0","styles":{"background-color":"transparent","border-color":"#0000001A","border-radius":"0px","border-style":"solid","border-width":"0px","color":"#FF9500","filter":"none","font-family":"system","font-size":"28px","fontSize":12,"fontWeight":"bold","height":0.0,"line-clamp":1,"line-height":"40px","opacity":1,"text-align":"left","text-overflow":"ellipsis","visibility":"visible","width":0.0,"x":0.0,"y":0.0},"text":"距结束: 2小时","variant":"body"}, maxWidth=200.0, widthMode=2, maxHeight=28.0, heightMode=2
08-27 12:48:41.361 W/MeasurementBridge(29018): 12:48:41.361 [directMeasure@108] directMeasure result: type=Text, result=MeasureResult{calcType=0, width=172.0, height=29.0, lineCount=1}
08-27 12:48:41.362 D/AGenUI  (29018): 12:48:41.362 [measure@235] [JNI] AndroidBridgeMeasurement.measure result: type=Text, result=MeasureResult{calcType=Sync, width=172.000000, height=29.000000, countOfLines=1}
08-27 12:48:41.363 D/AGenUI  (29018): 12:48:41.363 [measure@193] [JNI] AndroidBridgeMeasurement.measure start: type=Text, paramJson={"component":"Text","id":"root_c4_c1_c0","styles":{"background-color":"transparent","border-color":"#0000001A","border-radius":"0px","border-style":"solid","border-width":"0px","color":"#FF9500","filter":"none","font-family":"system","font-size":"28px","fontSize":12,"fontWeight":"bold","height":0.0,"line-clamp":1,"line-height":"40px","lines":1,"opacity":1,"text-align":"left","text-overflow":"ellipsis","visibility":"visible","width":0.0,"x":0.0,"y":0.0},"text":"距结束: 2小时","variant":"body"}, width={maxValue=200.000000, mode=2}, height={maxValue=28.000000, mode=1}
08-27 12:48:41.364 W/MeasurementBridge(29018): 12:48:41.364 [directMeasure@91] directMeasure start: type=Text, paramJson={"component":"Text","id":"root_c4_c1_c0","styles":{"background-color":"transparent","border-color":"#0000001A","border-radius":"0px","border-style":"solid","border-width":"0px","color":"#FF9500","filter":"none","font-family":"system","font-size":"28px","fontSize":12,"fontWeight":"bold","height":0.0,"line-clamp":1,"line-height":"40px","lines":1,"opacity":1,"text-align":"left","text-overflow":"ellipsis","visibility":"visible","width":0.0,"x":0.0,"y":0.0},"text":"距结束: 2小时","variant":"body"}, maxWidth=200.0, widthMode=2, maxHeight=28.0, heightMode=1
08-27 12:48:41.367 W/MeasurementBridge(29018): 12:48:41.366 [directMeasure@108] directMeasure result: type=Text, result=MeasureResult{calcType=0, width=172.0, height=29.0, lineCount=1}
08-27 12:48:41.368 D/AGenUI  (29018): 12:48:41.367 [measure@235] [JNI] AndroidBridgeMeasurement.measure result: type=Text, result=MeasureResult{calcType=Sync, width=172.000000, height=29.000000, countOfLines=1}
08-27 12:48:41.369 D/AGenUI  (29018): 12:48:41.368 [measure@193] [JNI] AndroidBridgeMeasurement.measure start: type=Text, paramJson={"component":"Text","id":"root_c5_c0_c0_c0","styles":{"background-color":"transparent","border-color":"#0000001A","border-radius":"0px","border-style":"solid","border-width":"0px","color":"#181818","filter":"none","font-family":"system","font-size":"28px","fontSize":14,"fontWeight":"bold","height":0.0,"line-clamp":1,"line-height":"40px","opacity":1,"text-align":"left","text-overflow":"ellipsis","visibility":"visible","width":0.0,"x":0.0,"y":0.0},"text":"周三","variant":"body"}, width={maxValue=198.000000, mode=2}, height={maxValue=nan, mode=0}
08-27 12:48:41.370 W/MeasurementBridge(29018): 12:48:41.369 [directMeasure@91] directMeasure start: type=Text, paramJson={"component":"Text","id":"root_c5_c0_c0_c0","styles":{"background-color":"transparent","border-color":"#0000001A","border-radius":"0px","border-style":"solid","border-width":"0px","color":"#181818","filter":"none","font-family":"system","font-size":"28px","fontSize":14,"fontWeight":"bold","height":0.0,"line-clamp":1,"line-height":"40px","opacity":1,"text-align":"left","text-overflow":"ellipsis","visibility":"visible","width":0.0,"x":0.0,"y":0.0},"text":"周三","variant":"body"}, maxWidth=198.0, widthMode=2, maxHeight=NaN, heightMode=0
08-27 12:48:41.372 W/MeasurementBridge(29018): 12:48:41.371 [directMeasure@108] directMeasure result: type=Text, result=MeasureResult{calcType=0, width=57.0, height=41.0, lineCount=1}
08-27 12:48:41.373 D/AGenUI  (29018): 12:48:41.372 [measure@235] [JNI] AndroidBridgeMeasurement.measure result: type=Text, result=MeasureResult{calcType=Sync, width=57.000000, height=41.000000, countOfLines=1}
08-27 12:48:41.374 D/AGenUI  (29018): 12:48:41.373 [measure@193] [JNI] AndroidBridgeMeasurement.measure start: type=Text, paramJson={"component":"Text","id":"root_c5_c0_c0_c1","styles":{"background-color":"transparent","border-color":"#0000001A","border-radius":"0px","border-style":"solid","border-width":"0px","color":"#34C759","filter":"none","font-family":"system","font-size":"28px","fontSize":11,"height":0.0,"line-clamp":1,"line-height":"40px","marginTop":2,"opacity":1,"text-align":"left","text-overflow":"ellipsis","visibility":"visible","width":0.0,"x":0.0,"y":0.0},"text":"5票 · 42% 领先","variant":"body"}, width={maxValue=198.000000, mode=2}, height={maxValue=nan, mode=0}
08-27 12:48:41.374 W/MeasurementBridge(29018): 12:48:41.374 [directMeasure@91] directMeasure start: type=Text, paramJson={"component":"Text","id":"root_c5_c0_c0_c1","styles":{"background-color":"transparent","border-color":"#0000001A","border-radius":"0px","border-style":"solid","border-width":"0px","color":"#34C759","filter":"none","font-family":"system","font-size":"28px","fontSize":11,"height":0.0,"line-clamp":1,"line-height":"40px","marginTop":2,"opacity":1,"text-align":"left","text-overflow":"ellipsis","visibility":"visible","width":0.0,"x":0.0,"y":0.0},"text":"5票 · 42% 领先","variant":"body"}, maxWidth=198.0, widthMode=2, maxHeight=NaN, heightMode=0
08-27 12:48:41.377 W/MeasurementBridge(29018): 12:48:41.376 [directMeasure@108] directMeasure result: type=Text, result=MeasureResult{calcType=0, width=181.0, height=41.0, lineCount=1}
08-27 12:48:41.378 D/AGenUI  (29018): 12:48:41.377 [measure@235] [JNI] AndroidBridgeMeasurement.measure result: type=Text, result=MeasureResult{calcType=Sync, width=181.000000, height=41.000000, countOfLines=1}
08-27 12:48:41.379 D/AGenUI  (29018): 12:48:41.378 [measure@193] [JNI] AndroidBridgeMeasurement.measure start: type=Text, paramJson={"component":"Text","id":"root_c5_c0_c1_c0","styles":{"background-color":"transparent","border-color":"#0000001A","border-radius":"0px","border-style":"solid","border-width":"0px","color":"#FFFFFF","filter":"none","font-family":"system","font-size":"28px","fontSize":11,"fontWeight":"bold","height":0.0,"line-clamp":1,"line-height":"40px","opacity":1,"text-align":"left","text-overflow":"ellipsis","visibility":"visible","width":0.0,"x":0.0,"y":0.0},"text":"领先","variant":"body"}, width={maxValue=198.000000, mode=2}, height={maxValue=22.000000, mode=2}
08-27 12:48:41.380 W/MeasurementBridge(29018): 12:48:41.379 [directMeasure@91] directMeasure start: type=Text, paramJson={"component":"Text","id":"root_c5_c0_c1_c0","styles":{"background-color":"transparent","border-color":"#0000001A","border-radius":"0px","border-style":"solid","border-width":"0px","color":"#FFFFFF","filter":"none","font-family":"system","font-size":"28px","fontSize":11,"fontWeight":"bold","height":0.0,"line-clamp":1,"line-height":"40px","opacity":1,"text-align":"left","text-overflow":"ellipsis","visibility":"visible","width":0.0,"x":0.0,"y":0.0},"text":"领先","variant":"body"}, maxWidth=198.0, widthMode=2, maxHeight=22.0, heightMode=2
08-27 12:48:41.384 W/MeasurementBridge(29018): 12:48:41.383 [directMeasure@108] directMeasure result: type=Text, result=MeasureResult{calcType=0, width=57.0, height=23.0, lineCount=1}
08-27 12:48:41.384 D/AGenUI  (29018): 12:48:41.384 [measure@235] [JNI] AndroidBridgeMeasurement.measure result: type=Text, result=MeasureResult{calcType=Sync, width=57.000000, height=23.000000, countOfLines=1}
08-27 12:48:41.386 D/AGenUI  (29018): 12:48:41.385 [measure@193] [JNI] AndroidBridgeMeasurement.measure start: type=Text, paramJson={"component":"Text","id":"root_c5_c0_c1_c0","styles":{"background-color":"transparent","border-color":"#0000001A","border-radius":"0px","border-style":"solid","border-width":"0px","color":"#FFFFFF","filter":"none","font-family":"system","font-size":"28px","fontSize":11,"fontWeight":"bold","height":0.0,"line-clamp":1,"line-height":"40px","lines":1,"opacity":1,"text-align":"left","text-overflow":"ellipsis","visibility":"visible","width":0.0,"x":0.0,"y":0.0},"text":"领先","variant":"body"}, width={maxValue=198.000000, mode=2}, height={maxValue=22.000000, mode=1}
08-27 12:48:41.387 W/MeasurementBridge(29018): 12:48:41.386 [directMeasure@91] directMeasure start: type=Text, paramJson={"component":"Text","id":"root_c5_c0_c1_c0","styles":{"background-color":"transparent","border-color":"#0000001A","border-radius":"0px","border-style":"solid","border-width":"0px","color":"#FFFFFF","filter":"none","font-family":"system","font-size":"28px","fontSize":11,"fontWeight":"bold","height":0.0,"line-clamp":1,"line-height":"40px","lines":1,"opacity":1,"text-align":"left","text-overflow":"ellipsis","visibility":"visible","width":0.0,"x":0.0,"y":0.0},"text":"领先","variant":"body"}, maxWidth=198.0, widthMode=2, maxHeight=22.0, heightMode=1
08-27 12:48:41.389 W/MeasurementBridge(29018): 12:48:41.388 [directMeasure@108] directMeasure result: type=Text, result=MeasureResult{calcType=0, width=57.0, height=23.0, lineCount=1}
08-27 12:48:41.390 D/AGenUI  (29018): 12:48:41.389 [measure@235] [JNI] AndroidBridgeMeasurement.measure result: type=Text, result=MeasureResult{calcType=Sync, width=57.000000, height=23.000000, countOfLines=1}
08-27 12:48:41.391 D/AGenUI  (29018): 12:48:41.391 [measure@193] [JNI] AndroidBridgeMeasurement.measure start: type=Text, paramJson={"component":"Text","id":"root_c5_c0_c0_c0","styles":{"background-color":"transparent","border-color":"#0000001A","border-radius":"0px","border-style":"solid","border-width":"0px","color":"#181818","filter":"none","font-family":"system","font-size":"28px","fontSize":14,"fontWeight":"bold","height":0.0,"line-clamp":1,"line-height":"40px","lines":1,"opacity":1,"text-align":"left","text-overflow":"ellipsis","visibility":"visible","width":0.0,"x":0.0,"y":0.0},"text":"周三","variant":"body"}, width={maxValue=150.579834, mode=1}, height={maxValue=nan, mode=0}
08-27 12:48:41.392 W/MeasurementBridge(29018): 12:48:41.392 [directMeasure@91] directMeasure start: type=Text, paramJson={"component":"Text","id":"root_c5_c0_c0_c0","styles":{"background-color":"transparent","border-color":"#0000001A","border-radius":"0px","border-style":"solid","border-width":"0px","color":"#181818","filter":"none","font-family":"system","font-size":"28px","fontSize":14,"fontWeight":"bold","height":0.0,"line-clamp":1,"line-height":"40px","lines":1,"opacity":1,"text-align":"left","text-overflow":"ellipsis","visibility":"visible","width":0.0,"x":0.0,"y":0.0},"text":"周三","variant":"body"}, maxWidth=150.57983, widthMode=1, maxHeight=NaN, heightMode=0
08-27 12:48:41.395 W/MeasurementBridge(29018): 12:48:41.394 [directMeasure@108] directMeasure result: type=Text, result=MeasureResult{calcType=0, width=152.0, height=41.0, lineCount=1}
08-27 12:48:41.396 D/AGenUI  (29018): 12:48:41.395 [measure@235] [JNI] AndroidBridgeMeasurement.measure result: type=Text, result=MeasureResult{calcType=Sync, width=152.000000, height=41.000000, countOfLines=1}
08-27 12:48:41.397 D/AGenUI  (29018): 12:48:41.396 [measure@193] [JNI] AndroidBridgeMeasurement.measure start: type=Text, paramJson={"component":"Text","id":"root_c5_c0_c0_c1","styles":{"background-color":"transparent","border-color":"#0000001A","border-radius":"0px","border-style":"solid","border-width":"0px","color":"#34C759","filter":"none","font-family":"system","font-size":"28px","fontSize":11,"height":0.0,"line-clamp":1,"line-height":"40px","lines":1,"marginTop":2,"opacity":1,"text-align":"left","text-overflow":"ellipsis","visibility":"visible","width":0.0,"x":0.0,"y":0.0},"text":"5票 · 42% 领先","variant":"body"}, width={maxValue=150.579834, mode=1}, height={maxValue=nan, mode=0}
08-27 12:48:41.398 W/MeasurementBridge(29018): 12:48:41.397 [directMeasure@91] directMeasure start: type=Text, paramJson={"component":"Text","id":"root_c5_c0_c0_c1","styles":{"background-color":"transparent","border-color":"#0000001A","border-radius":"0px","border-style":"solid","border-width":"0px","color":"#34C759","filter":"none","font-family":"system","font-size":"28px","fontSize":11,"height":0.0,"line-clamp":1,"line-height":"40px","lines":1,"marginTop":2,"opacity":1,"text-align":"left","text-overflow":"ellipsis","visibility":"visible","width":0.0,"x":0.0,"y":0.0},"text":"5票 · 42% 领先","variant":"body"}, maxWidth=150.57983, widthMode=1, maxHeight=NaN, heightMode=0
08-27 12:48:41.401 W/MeasurementBridge(29018): 12:48:41.400 [directMeasure@108] directMeasure result: type=Text, result=MeasureResult{calcType=0, width=152.0, height=41.0, lineCount=1}
08-27 12:48:41.402 D/AGenUI  (29018): 12:48:41.401 [measure@235] [JNI] AndroidBridgeMeasurement.measure result: type=Text, result=MeasureResult{calcType=Sync, width=152.000000, height=41.000000, countOfLines=1}
08-27 12:48:41.403 D/AGenUI  (29018): 12:48:41.403 [measure@193] [JNI] AndroidBridgeMeasurement.measure start: type=Text, paramJson={"component":"Text","id":"root_c0_c0_c0_c0","styles":{"background-color":"transparent","border-color":"#0000001A","border-radius":"0px","border-style":"solid","border-width":"0px","color":"#000000E6","filter":"none","font-family":"system","font-size":"28px","fontSize":18,"height":0.0,"line-clamp":1,"line-height":"40px","opacity":1,"text-align":"left","text-overflow":"ellipsis","visibility":"visible","width":0.0,"x":0.0,"y":0.0},"text":"Ὄa","variant":"body"}, width={maxValue=40.000000, mode=2}, height={maxValue=40.000000, mode=2}
08-27 12:48:41.404 W/MeasurementBridge(29018): 12:48:41.404 [directMeasure@91] directMeasure start: type=Text, paramJson={"component":"Text","id":"root_c0_c0_c0_c0","styles":{"background-color":"transparent","border-color":"#0000001A","border-radius":"0px","border-style":"solid","border-width":"0px","color":"#000000E6","filter":"none","font-family":"system","font-size":"28px","fontSize":18,"height":0.0,"line-clamp":1,"line-height":"40px","opacity":1,"text-align":"left","text-overflow":"ellipsis","visibility":"visible","width":0.0,"x":0.0,"y":0.0},"text":"Ὄa","variant":"body"}, maxWidth=40.0, widthMode=2, maxHeight=40.0, heightMode=2
08-27 12:48:41.407 W/MeasurementBridge(29018): 12:48:41.406 [directMeasure@108] directMeasure result: type=Text, result=MeasureResult{calcType=0, width=41.0, height=41.0, lineCount=1}
08-27 12:48:41.407 D/AGenUI  (29018): 12:48:41.407 [measure@235] [JNI] AndroidBridgeMeasurement.measure result: type=Text, result=MeasureResult{calcType=Sync, width=41.000000, height=41.000000, countOfLines=1}
08-27 12:48:41.409 D/AGenUI  (29018): 12:48:41.408 [measure@193] [JNI] AndroidBridgeMeasurement.measure start: type=Text, paramJson={"component":"Text","id":"root_c0_c0_c0_c0","styles":{"background-color":"transparent","border-color":"#0000001A","border-radius":"0px","border-style":"solid","border-width":"0px","color":"#000000E6","filter":"none","font-family":"system","font-size":"28px","fontSize":18,"height":0.0,"line-clamp":1,"line-height":"40px","lines":1,"opacity":1,"text-align":"left","text-overflow":"ellipsis","visibility":"visible","width":0.0,"x":0.0,"y":0.0},"text":"Ὄa","variant":"body"}, width={maxValue=40.000000, mode=2}, height={maxValue=40.000000, mode=1}
08-27 12:48:41.410 W/MeasurementBridge(29018): 12:48:41.409 [directMeasure@91] directMeasure start: type=Text, paramJson={"component":"Text","id":"root_c0_c0_c0_c0","styles":{"background-color":"transparent","border-color":"#0000001A","border-radius":"0px","border-style":"solid","border-width":"0px","color":"#000000E6","filter":"none","font-family":"system","font-size":"28px","fontSize":18,"height":0.0,"line-clamp":1,"line-height":"40px","lines":1,"opacity":1,"text-align":"left","text-overflow":"ellipsis","visibility":"visible","width":0.0,"x":0.0,"y":0.0},"text":"Ὄa","variant":"body"}, maxWidth=40.0, widthMode=2, maxHeight=40.0, heightMode=1
08-27 12:48:41.412 W/MeasurementBridge(29018): 12:48:41.412 [directMeasure@108] directMeasure result: type=Text, result=MeasureResult{calcType=0, width=41.0, height=41.0, lineCount=1}
08-27 12:48:41.413 D/AGenUI  (29018): 12:48:41.413 [measure@235] [JNI] AndroidBridgeMeasurement.measure result: type=Text, result=MeasureResult{calcType=Sync, width=41.000000, height=41.000000, countOfLines=1}
08-27 12:48:41.415 D/AGenUI  (29018): 12:48:41.414 [measure@193] [JNI] AndroidBridgeMeasurement.measure start: type=Text, paramJson={"component":"Text","id":"root_c4_c0_c0","styles":{"background-color":"transparent","border-color":"#0000001A","border-radius":"0px","border-style":"solid","border-width":"0px","color":"#007DFF","filter":"none","font-family":"system","font-size":"28px","fontSize":12,"fontWeight":"bold","height":0.0,"line-clamp":1,"line-height":"40px","lines":1,"opacity":1,"text-align":"left","text-overflow":"ellipsis","visibility":"visible","width":0.0,"x":0.0,"y":0.0},"text":"已投票: 42人","variant":"body"}, width={maxValue=96.385544, mode=2}, height={maxValue=28.000000, mode=2}
08-27 12:48:41.417 W/MeasurementBridge(29018): 12:48:41.416 [directMeasure@91] directMeasure start: type=Text, paramJson={"component":"Text","id":"root_c4_c0_c0","styles":{"background-color":"transparent","border-color":"#0000001A","border-radius":"0px","border-style":"solid","border-width":"0px","color":"#007DFF","filter":"none","font-family":"system","font-size":"28px","fontSize":12,"fontWeight":"bold","height":0.0,"line-clamp":1,"line-height":"40px","lines":1,"opacity":1,"text-align":"left","text-overflow":"ellipsis","visibility":"visible","width":0.0,"x":0.0,"y":0.0},"text":"已投票: 42人","variant":"body"}, maxWidth=96.385544, widthMode=2, maxHeight=28.0, heightMode=2
08-27 12:48:41.420 W/MeasurementBridge(29018): 12:48:41.419 [directMeasure@108] directMeasure result: type=Text, result=MeasureResult{calcType=0, width=98.0, height=29.0, lineCount=1}
08-27 12:48:41.421 D/AGenUI  (29018): 12:48:41.420 [measure@235] [JNI] AndroidBridgeMeasurement.measure result: type=Text, result=MeasureResult{calcType=Sync, width=98.000000, height=29.000000, countOfLines=1}
08-27 12:48:41.422 D/AGenUI  (29018): 12:48:41.421 [measure@193] [JNI] AndroidBridgeMeasurement.measure start: type=Text, paramJson={"component":"Text","id":"root_c4_c0_c0","styles":{"background-color":"transparent","border-color":"#0000001A","border-radius":"0px","border-style":"solid","border-width":"0px","color":"#007DFF","filter":"none","font-family":"system","font-size":"28px","fontSize":12,"fontWeight":"bold","height":0.0,"line-clamp":1,"line-height":"40px","lines":1,"opacity":1,"text-align":"left","text-overflow":"ellipsis","visibility":"visible","width":0.0,"x":0.0,"y":0.0},"text":"已投票: 42人","variant":"body"}, width={maxValue=96.385544, mode=2}, height={maxValue=28.000000, mode=1}
08-27 12:48:41.423 W/MeasurementBridge(29018): 12:48:41.422 [directMeasure@91] directMeasure start: type=Text, paramJson={"component":"Text","id":"root_c4_c0_c0","styles":{"background-color":"transparent","border-color":"#0000001A","border-radius":"0px","border-style":"solid","border-width":"0px","color":"#007DFF","filter":"none","font-family":"system","font-size":"28px","fontSize":12,"fontWeight":"bold","height":0.0,"line-clamp":1,"line-height":"40px","lines":1,"opacity":1,"text-align":"left","text-overflow":"ellipsis","visibility":"visible","width":0.0,"x":0.0,"y":0.0},"text":"已投票: 42人","variant":"body"}, maxWidth=96.385544, widthMode=2, maxHeight=28.0, heightMode=1
08-27 12:48:41.425 W/MeasurementBridge(29018): 12:48:41.424 [directMeasure@108] directMeasure result: type=Text, result=MeasureResult{calcType=0, width=98.0, height=29.0, lineCount=1}
08-27 12:48:41.426 D/AGenUI  (29018): 12:48:41.425 [measure@235] [JNI] AndroidBridgeMeasurement.measure result: type=Text, result=MeasureResult{calcType=Sync, width=98.000000, height=29.000000, countOfLines=1}
08-27 12:48:41.427 D/AGenUI  (29018): 12:48:41.427 [measure@193] [JNI] AndroidBridgeMeasurement.measure start: type=Text, paramJson={"component":"Text","id":"root_c4_c1_c0","styles":{"background-color":"transparent","border-color":"#0000001A","border-radius":"0px","border-style":"solid","border-width":"0px","color":"#FF9500","filter":"none","font-family":"system","font-size":"28px","fontSize":12,"fontWeight":"bold","height":0.0,"line-clamp":1,"line-height":"40px","lines":1,"opacity":1,"text-align":"left","text-overflow":"ellipsis","visibility":"visible","width":0.0,"x":0.0,"y":0.0},"text":"距结束: 2小时","variant":"body"}, width={maxValue=103.614456, mode=2}, height={maxValue=28.000000, mode=2}
08-27 12:48:41.428 W/MeasurementBridge(29018): 12:48:41.428 [directMeasure@91] directMeasure start: type=Text, paramJson={"component":"Text","id":"root_c4_c1_c0","styles":{"background-color":"transparent","border-color":"#0000001A","border-radius":"0px","border-style":"solid","border-width":"0px","color":"#FF9500","filter":"none","font-family":"system","font-size":"28px","fontSize":12,"fontWeight":"bold","height":0.0,"line-clamp":1,"line-height":"40px","lines":1,"opacity":1,"text-align":"left","text-overflow":"ellipsis","visibility":"visible","width":0.0,"x":0.0,"y":0.0},"text":"距结束: 2小时","variant":"body"}, maxWidth=103.614456, widthMode=2, maxHeight=28.0, heightMode=2
08-27 12:48:41.431 W/MeasurementBridge(29018): 12:48:41.430 [directMeasure@108] directMeasure result: type=Text, result=MeasureResult{calcType=0, width=105.0, height=29.0, lineCount=1}
08-27 12:48:41.432 D/AGenUI  (29018): 12:48:41.431 [measure@235] [JNI] AndroidBridgeMeasurement.measure result: type=Text, result=MeasureResult{calcType=Sync, width=105.000000, height=29.000000, countOfLines=1}
08-27 12:48:41.433 D/AGenUI  (29018): 12:48:41.433 [measure@193] [JNI] AndroidBridgeMeasurement.measure start: type=Text, paramJson={"component":"Text","id":"root_c4_c1_c0","styles":{"background-color":"transparent","border-color":"#0000001A","border-radius":"0px","border-style":"solid","border-width":"0px","color":"#FF9500","filter":"none","font-family":"system","font-size":"28px","fontSize":12,"fontWeight":"bold","height":0.0,"line-clamp":1,"line-height":"40px","lines":1,"opacity":1,"text-align":"left","text-overflow":"ellipsis","visibility":"visible","width":0.0,"x":0.0,"y":0.0},"text":"距结束: 2小时","variant":"body"}, width={maxValue=103.614456, mode=2}, height={maxValue=28.000000, mode=1}
08-27 12:48:41.434 W/MeasurementBridge(29018): 12:48:41.434 [directMeasure@91] directMeasure start: type=Text, paramJson={"component":"Text","id":"root_c4_c1_c0","styles":{"background-color":"transparent","border-color":"#0000001A","border-radius":"0px","border-style":"solid","border-width":"0px","color":"#FF9500","filter":"none","font-family":"system","font-size":"28px","fontSize":12,"fontWeight":"bold","height":0.0,"line-clamp":1,"line-height":"40px","lines":1,"opacity":1,"text-align":"left","text-overflow":"ellipsis","visibility":"visible","width":0.0,"x":0.0,"y":0.0},"text":"距结束: 2小时","variant":"body"}, maxWidth=103.614456, widthMode=2, maxHeight=28.0, heightMode=1
08-27 12:48:41.437 W/MeasurementBridge(29018): 12:48:41.436 [directMeasure@108] directMeasure result: type=Text, result=MeasureResult{calcType=0, width=105.0, height=29.0, lineCount=1}
08-27 12:48:41.438 D/AGenUI  (29018): 12:48:41.437 [measure@235] [JNI] AndroidBridgeMeasurement.measure result: type=Text, result=MeasureResult{calcType=Sync, width=105.000000, height=29.000000, countOfLines=1}
08-27 12:48:41.439 D/AGenUI  (29018): 12:48:41.439 [measure@193] [JNI] AndroidBridgeMeasurement.measure start: type=Text, paramJson={"component":"Text","id":"root_c5_c0_c1_c0","styles":{"background-color":"transparent","border-color":"#0000001A","border-radius":"0px","border-style":"solid","border-width":"0px","color":"#FFFFFF","filter":"none","font-family":"system","font-size":"28px","fontSize":11,"fontWeight":"bold","height":0.0,"line-clamp":1,"line-height":"40px","lines":1,"opacity":1,"text-align":"left","text-overflow":"ellipsis","visibility":"visible","width":0.0,"x":0.0,"y":0.0},"text":"领先","variant":"body"}, width={maxValue=47.420166, mode=2}, height={maxValue=22.000000, mode=2}
08-27 12:48:41.440 W/MeasurementBridge(29018): 12:48:41.440 [directMeasure@91] directMeasure start: type=Text, paramJson={"component":"Text","id":"root_c5_c0_c1_c0","styles":{"background-color":"transparent","border-color":"#0000001A","border-radius":"0px","border-style":"solid","border-width":"0px","color":"#FFFFFF","filter":"none","font-family":"system","font-size":"28px","fontSize":11,"fontWeight":"bold","height":0.0,"line-clamp":1,"line-height":"40px","lines":1,"opacity":1,"text-align":"left","text-overflow":"ellipsis","visibility":"visible","width":0.0,"x":0.0,"y":0.0},"text":"领先","variant":"body"}, maxWidth=47.420166, widthMode=2, maxHeight=22.0, heightMode=2
08-27 12:48:41.442 W/MeasurementBridge(29018): 12:48:41.442 [directMeasure@108] directMeasure result: type=Text, result=MeasureResult{calcType=0, width=49.0, height=23.0, lineCount=1}
08-27 12:48:41.443 D/AGenUI  (29018): 12:48:41.443 [measure@235] [JNI] AndroidBridgeMeasurement.measure result: type=Text, result=MeasureResult{calcType=Sync, width=49.000000, height=23.000000, countOfLines=1}
08-27 12:48:41.444 D/AGenUI  (29018): 12:48:41.444 [measure@193] [JNI] AndroidBridgeMeasurement.measure start: type=Text, paramJson={"component":"Text","id":"root_c5_c0_c1_c0","styles":{"background-color":"transparent","border-color":"#0000001A","border-radius":"0px","border-style":"solid","border-width":"0px","color":"#FFFFFF","filter":"none","font-family":"system","font-size":"28px","fontSize":11,"fontWeight":"bold","height":0.0,"line-clamp":1,"line-height":"40px","lines":1,"opacity":1,"text-align":"left","text-overflow":"ellipsis","visibility":"visible","width":0.0,"x":0.0,"y":0.0},"text":"领先","variant":"body"}, width={maxValue=47.420166, mode=2}, height={maxValue=22.000000, mode=1}
08-27 12:48:41.445 W/MeasurementBridge(29018): 12:48:41.445 [directMeasure@91] directMeasure start: type=Text, paramJson={"component":"Text","id":"root_c5_c0_c1_c0","styles":{"background-color":"transparent","border-color":"#0000001A","border-radius":"0px","border-style":"solid","border-width":"0px","color":"#FFFFFF","filter":"none","font-family":"system","font-size":"28px","fontSize":11,"fontWeight":"bold","height":0.0,"line-clamp":1,"line-height":"40px","lines":1,"opacity":1,"text-align":"left","text-overflow":"ellipsis","visibility":"visible","width":0.0,"x":0.0,"y":0.0},"text":"领先","variant":"body"}, maxWidth=47.420166, widthMode=2, maxHeight=22.0, heightMode=1
08-27 12:48:41.448 W/MeasurementBridge(29018): 12:48:41.447 [directMeasure@108] directMeasure result: type=Text, result=MeasureResult{calcType=0, width=49.0, height=23.0, lineCount=1}
08-27 12:48:41.449 D/AGenUI  (29018): 12:48:41.448 [measure@235] [JNI] AndroidBridgeMeasurement.measure result: type=Text, result=MeasureResult{calcType=Sync, width=49.000000, height=23.000000, countOfLines=1}
08-27 12:48:41.451 D/AGenUI  (29018): 12:48:41.450 [logYogaLayoutInfo@277] [layout] id=root type=Card parent= xywh=(0.0,0.0,200.0,358.0) flex=(0.0,1.0) child=3 aspect=nan measure=0
08-27 12:48:41.452 D/AGenUI  (29018): 12:48:41.451 [onNodeAdded@298] onNodeAdded: {"children":["root_c0","root_c4","root_c5"],"component":"Card","id":"root","styles":{"align-content":"stretch","align-items":"stretch","align-self":"auto","background-color":"transparent","backgroundColor":"#FFFFFF","border-color":"#0000001A","border-radius":"16px","border-style":"solid","border-width":"0px","borderRadius":16,"elevation":2,"filter":"none","flex-direction":"column","flex-grow":0,"flex-shrink":1,"flex-wrap":"nowrap","height":358.0,"justify-content":"flex-start","opacity":1,"visibility":"visible","width":200.0,"x":0.0,"y":0.0}}, parentId:
08-27 12:48:41.453 D/AGenUI  (29018): 12:48:41.452 [logYogaLayoutInfo@277] [layout] id=root_c0 type=Column parent=root xywh=(0.0,0.0,200.0,246.0) flex=(0.0,1.0) child=5 aspect=nan measure=0
08-27 12:48:41.454 D/AGenUI  (29018): 12:48:41.454 [onNodeAdded@298] onNodeAdded: {"children":["root_c0_c0","root_c0_c1","root_c0_c2","root_c0_c3","root_c0_c4"],"component":"Column","id":"root_c0","styles":{"align-content":"stretch","align-items":"stretch","align-self":"auto","background-color":"transparent","border-color":"#0000001A","border-radius":"0px","border-style":"solid","border-width":"0px","filter":"none","flex-direction":"column","flex-grow":0,"flex-shrink":1,"flex-wrap":"nowrap","height":246.0,"justify-content":"flex-start","opacity":1,"visibility":"visible","width":200.0,"x":0.0,"y":0.0}}, parentId:root
08-27 12:48:41.455 D/AGenUI  (29018): 12:48:41.455 [logYogaLayoutInfo@277] [layout] id=root_c0_c0 type=Row parent=root_c0 xywh=(0.0,0.0,200.0,82.0) flex=(0.0,1.0) child=2 aspect=nan measure=0
08-27 12:48:41.457 D/AGenUI  (29018): 12:48:41.456 [onNodeAdded@298] onNodeAdded: {"children":["root_c0_c0_c0","root_c0_c0_c1"],"component":"Row","id":"root_c0_c0","styles":{"align-content":"stretch","align-items":"stretch","align-self":"auto","background-color":"transparent","border-color":"#0000001A","border-radius":"0px","border-style":"solid","border-width":"0px","filter":"none","flex-direction":"column","flex-grow":0,"flex-shrink":1,"flex-wrap":"nowrap","height":82.0,"justify-content":"flex-start","opacity":1,"paddingBottom":12,"paddingLeft":16,"paddingRight":16,"paddingTop":16,"visibility":"visible","width":200.0,"x":0.0,"y":0.0}}, parentId:root_c0
08-27 12:48:41.458 D/AGenUI  (29018): 12:48:41.457 [logYogaLayoutInfo@277] [layout] id=root_c0_c0_c0 type=Container parent=root_c0_c0 xywh=(0.0,21.0,40.0,40.0) flex=(0.0,1.0) child=1 aspect=nan measure=0
08-27 12:48:41.459 D/AGenUI  (29018): 12:48:41.458 [onNodeAdded@298] onNodeAdded: {"children":["root_c0_c0_c0_c0"],"component":"Container","id":"root_c0_c0_c0","styles":{"align-content":"stretch","align-items":"stretch","align-self":"auto","background-color":"transparent","backgroundColor":"#E8F3FF","border-color":"#0000001A","border-radius":"0px","border-style":"solid","border-width":"0px","borderRadius":999,"filter":"none","flex-direction":"column","flex-grow":0,"flex-shrink":1,"flex-wrap":"nowrap","height":40.0,"justify-content":"flex-start","opacity":1,"visibility":"visible","width":40.0,"x":0.0,"y":21.0}}, parentId:root_c0_c0
08-27 12:48:41.460 D/AGenUI  (29018): 12:48:41.459 [logYogaLayoutInfo@277] [layout] id=root_c0_c0_c0_c0 type=Text parent=root_c0_c0_c0 xywh=(-1.0,0.0,41.0,40.0) flex=(0.0,1.0) child=0 aspect=nan measure=1
08-27 12:48:41.461 D/AGenUI  (29018): 12:48:41.461 [onNodeAdded@298] onNodeAdded: {"component":"Text","id":"root_c0_c0_c0_c0","styles":{"align-content":"stretch","align-items":"stretch","align-self":"auto","background-color":"transparent","border-color":"#0000001A","border-radius":"0px","border-style":"solid","border-width":"0px","color":"#000000E6","filter":"none","flex-direction":"column","flex-grow":0,"flex-shrink":1,"flex-wrap":"nowrap","font-family":"system","font-size":"28px","fontSize":18,"height":40.0,"justify-content":"flex-start","line-clamp":1,"line-height":"40px","lines":1,"opacity":1,"text-align":"left","text-overflow":"ellipsis","visibility":"visible","width":41.0,"x":-1.0,"y":0.0},"text":"Ὄa","variant":"body"}, parentId:root_c0_c0_c0
08-27 12:48:41.462 D/AGenUI  (29018): 12:48:41.462 [logYogaLayoutInfo@277] [layout] id=root_c0_c0_c1 type=Column parent=root_c0_c0 xywh=(40.0,0.0,124.0,82.0) flex=(0.0,1.0) child=2 aspect=nan measure=0
08-27 12:48:41.464 D/AGenUI  (29018): 12:48:41.463 [onNodeAdded@298] onNodeAdded: {"children":["root_c0_c0_c1_c0","root_c0_c0_c1_c1"],"component":"Column","id":"root_c0_c0_c1","styles":{"align-content":"stretch","align-items":"stretch","align-self":"auto","background-color":"transparent","border-color":"#0000001A","border-radius":"0px","border-style":"solid","border-width":"0px","filter":"none","flex":1,"flex-direction":"column","flex-grow":0,"flex-shrink":1,"flex-wrap":"nowrap","height":82.0,"justify-content":"flex-start","marginLeft":12,"opacity":1,"visibility":"visible","width":124.0,"x":40.0,"y":0.0}}, parentId:root_c0_c0
08-27 12:48:41.465 D/AGenUI  (29018): 12:48:41.464 [logYogaLayoutInfo@277] [layout] id=root_c0_c0_c1_c0 type=Text parent=root_c0_c0_c1 xywh=(0.0,0.0,124.0,41.0) flex=(0.0,1.0) child=0 aspect=nan measure=1
08-27 12:48:41.466 D/AGenUI  (29018): 12:48:41.465 [onNodeAdded@298] onNodeAdded: {"component":"Text","id":"root_c0_c0_c1_c0","styles":{"align-content":"stretch","align-items":"stretch","align-self":"auto","background-color":"transparent","border-color":"#0000001A","border-radius":"0px","border-style":"solid","border-width":"0px","color":"#181818","filter":"none","flex-direction":"column","flex-grow":0,"flex-shrink":1,"flex-wrap":"nowrap","font-family":"system","font-size":"28px","fontSize":16,"fontWeight":"bold","height":41.0,"justify-content":"flex-start","line-clamp":1,"line-height":"40px","lines":1,"opacity":1,"text-align":"left","text-overflow":"ellipsis","visibility":"visible","width":124.0,"x":0.0,"y":0.0},"text":"投票","variant":"body"}, parentId:root_c0_c0_c1
08-27 12:48:41.467 D/AGenUI  (29018): 12:48:41.466 [logYogaLayoutInfo@277] [layout] id=root_c0_c0_c1_c1 type=Text parent=root_c0_c0_c1 xywh=(0.0,41.0,124.0,41.0) flex=(0.0,1.0) child=0 aspect=nan measure=1
08-27 12:48:41.468 D/AGenUI  (29018): 12:48:41.468 [onNodeAdded@298] onNodeAdded: {"component":"Text","id":"root_c0_c0_c1_c1","styles":{"align-content":"stretch","align-items":"stretch","align-self":"auto","background-color":"transparent","border-color":"#0000001A","border-radius":"0px","border-style":"solid","border-width":"0px","color":"#999999","filter":"none","flex-direction":"column","flex-grow":0,"flex-shrink":1,"flex-wrap":"nowrap","font-family":"system","font-size":"28px","fontSize":12,"height":41.0,"justify-content":"flex-start","line-clamp":1,"line-height":"40px","lines":1,"opacity":1,"text-align":"left","text-overflow":"ellipsis","visibility":"visible","width":124.0,"x":0.0,"y":41.0},"text":"12 人参与","variant":"body"}, parentId:root_c0_c0_c1
08-27 12:48:41.469 D/AGenUI  (29018): 12:48:41.469 [logYogaLayoutInfo@277] [layout] id=root_c0_c1 type=Text parent=root_c0 xywh=(0.0,82.0,200.0,41.0) flex=(0.0,1.0) child=0 aspect=nan measure=1
08-27 12:48:41.470 D/AGenUI  (29018): 12:48:41.470 [onNodeAdded@298] onNodeAdded: {"component":"Text","id":"root_c0_c1","styles":{"align-content":"stretch","align-items":"stretch","align-self":"auto","background-color":"transparent","border-color":"#0000001A","border-radius":"0px","border-style":"solid","border-width":"0px","color":"#181818","filter":"none","flex-direction":"column","flex-grow":0,"flex-shrink":1,"flex-wrap":"nowrap","font-family":"system","font-size":"28px","fontSize":14,"fontWeight":"bold","height":41.0,"justify-content":"flex-start","line-clamp":1,"line-height":"40px","lines":1,"opacity":1,"paddingBottom":8,"paddingLeft":16,"paddingRight":16,"text-align":"left","text-overflow":"ellipsis","visibility":"visible","width":200.0,"x":0.0,"y":82.0},"text":"下周团建时间选哪天？","variant":"body"}, parentId:root_c0
08-27 12:48:41.471 D/AGenUI  (29018): 12:48:41.471 [logYogaLayoutInfo@277] [layout] id=root_c0_c2 type=Row parent=root_c0 xywh=(0.0,123.0,200.0,41.0) flex=(0.0,1.0) child=3 aspect=nan measure=0
08-27 12:48:41.472 D/AGenUI  (29018): 12:48:41.472 [onNodeAdded@298] onNodeAdded: {"children":["root_c0_c2_c0","root_c0_c2_c1","root_c0_c2_c2"],"component":"Row","id":"root_c0_c2","styles":{"align-content":"stretch","align-items":"stretch","align-self":"auto","background-color":"transparent","border-color":"#0000001A","border-radius":"0px","border-style":"solid","border-width":"0px","filter":"none","flex-direction":"column","flex-grow":0,"flex-shrink":1,"flex-wrap":"nowrap","height":41.0,"justify-content":"flex-start","opacity":1,"paddingBottom":6,"paddingLeft":16,"paddingRight":16,"paddingTop":6,"visibility":"visible","width":200.0,"x":0.0,"y":123.0}}, parentId:root_c0
08-27 12:48:41.473 D/AGenUI  (29018): 12:48:41.473 [logYogaLayoutInfo@277] [layout] id=root_c0_c2_c0 type=Text parent=root_c0_c2 xywh=(0.0,0.0,50.0,41.0) flex=(0.0,1.0) child=0 aspect=nan measure=1
08-27 12:48:41.474 D/AGenUI  (29018): 12:48:41.474 [onNodeAdded@298] onNodeAdded: {"component":"Text","id":"root_c0_c2_c0","styles":{"align-content":"stretch","align-items":"stretch","align-self":"auto","background-color":"transparent","border-color":"#0000001A","border-radius":"0px","border-style":"solid","border-width":"0px","color":"#181818","filter":"none","flex-direction":"column","flex-grow":0,"flex-shrink":1,"flex-wrap":"nowrap","font-family":"system","font-size":"28px","fontSize":13,"height":41.0,"justify-content":"flex-start","line-clamp":1,"line-height":"40px","lines":1,"opacity":1,"text-align":"left","text-overflow":"ellipsis","visibility":"visible","width":50.0,"x":0.0,"y":0.0},"text":"周三","variant":"body"}, parentId:root_c0_c2
08-27 12:48:41.475 D/AGenUI  (29018): 12:48:41.475 [logYogaLayoutInfo@277] [layout] id=root_c0_c2_c1 type=Container parent=root_c0_c2 xywh=(50.0,17.0,0.0,8.0) flex=(0.0,1.0) child=1 aspect=nan measure=0
08-27 12:48:41.477 D/AGenUI  (29018): 12:48:41.476 [onNodeAdded@298] onNodeAdded: {"children":["root_c0_c2_c1_c0"],"component":"Container","id":"root_c0_c2_c1","styles":{"align-content":"stretch","align-items":"stretch","align-self":"auto","background-color":"transparent","backgroundColor":"#E0E0E0","border-color":"#0000001A","border-radius":"0px","border-style":"solid","border-width":"0px","borderRadius":4,"filter":"none","flex":1,"flex-direction":"column","flex-grow":0,"flex-shrink":1,"flex-wrap":"nowrap","height":8.0,"justify-content":"flex-start","marginRight":8,"opacity":1,"visibility":"visible","width":0.0,"x":50.0,"y":17.0}}, parentId:root_c0_c2
08-27 12:48:41.478 D/AGenUI  (29018): 12:48:41.477 [logYogaLayoutInfo@277] [layout] id=root_c0_c2_c1_c0 type=Container parent=root_c0_c2_c1 xywh=(0.0,0.0,0.0,8.0) flex=(0.0,1.0) child=0 aspect=nan measure=0
08-27 12:48:41.479 D/AGenUI  (29018): 12:48:41.478 [onNodeAdded@298] onNodeAdded: {"component":"Container","id":"root_c0_c2_c1_c0","styles":{"align-content":"stretch","align-items":"stretch","align-self":"auto","background-color":"transparent","backgroundColor":"#007DFF","border-color":"#0000001A","border-radius":"0px","border-style":"solid","border-width":"0px","borderRadius":4,"filter":"none","flex-direction":"column","flex-grow":0,"flex-shrink":1,"flex-wrap":"nowrap","height":8.0,"justify-content":"flex-start","opacity":1,"visibility":"visible","width":0.0,"x":0.0,"y":0.0}}, parentId:root_c0_c2_c1
08-27 12:48:41.480 D/AGenUI  (29018): 12:48:41.479 [logYogaLayoutInfo@277] [layout] id=root_c0_c2_c2 type=Text parent=root_c0_c2 xywh=(50.0,0.0,20.0,41.0) flex=(0.0,1.0) child=0 aspect=nan measure=1
08-27 12:48:41.481 D/AGenUI  (29018): 12:48:41.481 [onNodeAdded@298] onNodeAdded: {"component":"Text","id":"root_c0_c2_c2","styles":{"align-content":"stretch","align-items":"stretch","align-self":"auto","background-color":"transparent","border-color":"#0000001A","border-radius":"0px","border-style":"solid","border-width":"0px","color":"#007DFF","filter":"none","flex-direction":"column","flex-grow":0,"flex-shrink":1,"flex-wrap":"nowrap","font-family":"system","font-size":"28px","fontSize":12,"fontWeight":"bold","height":41.0,"justify-content":"flex-start","line-clamp":1,"line-height":"40px","lines":1,"opacity":1,"text-align":"left","text-overflow":"ellipsis","visibility":"visible","width":20.0,"x":50.0,"y":0.0},"text":"5","variant":"body"}, parentId:root_c0_c2
08-27 12:48:41.483 D/AGenUI  (29018): 12:48:41.482 [logYogaLayoutInfo@277] [layout] id=root_c0_c3 type=Row parent=root_c0 xywh=(0.0,164.0,200.0,41.0) flex=(0.0,1.0) child=3 aspect=nan measure=0
08-27 12:48:41.484 D/AGenUI  (29018): 12:48:41.484 [onNodeAdded@298] onNodeAdded: {"children":["root_c0_c3_c0","root_c0_c3_c1","root_c0_c3_c2"],"component":"Row","id":"root_c0_c3","styles":{"align-content":"stretch","align-items":"stretch","align-self":"auto","background-color":"transparent","border-color":"#0000001A","border-radius":"0px","border-style":"solid","border-width":"0px","filter":"none","flex-direction":"column","flex-grow":0,"flex-shrink":1,"flex-wrap":"nowrap","height":41.0,"justify-content":"flex-start","opacity":1,"paddingBottom":6,"paddingLeft":16,"paddingRight":16,"paddingTop":6,"visibility":"visible","width":200.0,"x":0.0,"y":164.0}}, parentId:root_c0
08-27 12:48:41.485 D/AGenUI  (29018): 12:48:41.485 [logYogaLayoutInfo@277] [layout] id=root_c0_c3_c0 type=Text parent=root_c0_c3 xywh=(0.0,0.0,50.0,41.0) flex=(0.0,1.0) child=0 aspect=nan measure=1
08-27 12:48:41.487 D/AGenUI  (29018): 12:48:41.486 [onNodeAdded@298] onNodeAdded: {"component":"Text","id":"root_c0_c3_c0","styles":{"align-content":"stretch","align-items":"stretch","align-self":"auto","background-color":"transparent","border-color":"#0000001A","border-radius":"0px","border-style":"solid","border-width":"0px","color":"#181818","filter":"none","flex-direction":"column","flex-grow":0,"flex-shrink":1,"flex-wrap":"nowrap","font-family":"system","font-size":"28px","fontSize":13,"height":41.0,"justify-content":"flex-start","line-clamp":1,"line-height":"40px","lines":1,"opacity":1,"text-align":"left","text-overflow":"ellipsis","visibility":"visible","width":50.0,"x":0.0,"y":0.0},"text":"周四","variant":"body"}, parentId:root_c0_c3
08-27 12:48:41.488 D/AGenUI  (29018): 12:48:41.487 [logYogaLayoutInfo@277] [layout] id=root_c0_c3_c1 type=Container parent=root_c0_c3 xywh=(50.0,17.0,0.0,8.0) flex=(0.0,1.0) child=1 aspect=nan measure=0
08-27 12:48:41.489 D/AGenUI  (29018): 12:48:41.488 [onNodeAdded@298] onNodeAdded: {"children":["root_c0_c3_c1_c0"],"component":"Container","id":"root_c0_c3_c1","styles":{"align-content":"stretch","align-items":"stretch","align-self":"auto","background-color":"transparent","backgroundColor":"#E0E0E0","border-color":"#0000001A","border-radius":"0px","border-style":"solid","border-width":"0px","borderRadius":4,"filter":"none","flex":1,"flex-direction":"column","flex-grow":0,"flex-shrink":1,"flex-wrap":"nowrap","height":8.0,"justify-content":"flex-start","marginRight":8,"opacity":1,"visibility":"visible","width":0.0,"x":50.0,"y":17.0}}, parentId:root_c0_c3
08-27 12:48:41.490 D/AGenUI  (29018): 12:48:41.489 [logYogaLayoutInfo@277] [layout] id=root_c0_c3_c1_c0 type=Container parent=root_c0_c3_c1 xywh=(0.0,0.0,0.0,8.0) flex=(0.0,1.0) child=0 aspect=nan measure=0
08-27 12:48:41.491 D/AGenUI  (29018): 12:48:41.490 [onNodeAdded@298] onNodeAdded: {"component":"Container","id":"root_c0_c3_c1_c0","styles":{"align-content":"stretch","align-items":"stretch","align-self":"auto","background-color":"transparent","backgroundColor":"#007DFF","border-color":"#0000001A","border-radius":"0px","border-style":"solid","border-width":"0px","borderRadius":4,"filter":"none","flex-direction":"column","flex-grow":0,"flex-shrink":1,"flex-wrap":"nowrap","height":8.0,"justify-content":"flex-start","opacity":1,"visibility":"visible","width":0.0,"x":0.0,"y":0.0}}, parentId:root_c0_c3_c1
08-27 12:48:41.492 D/AGenUI  (29018): 12:48:41.491 [logYogaLayoutInfo@277] [layout] id=root_c0_c3_c2 type=Text parent=root_c0_c3 xywh=(50.0,0.0,20.0,41.0) flex=(0.0,1.0) child=0 aspect=nan measure=1
08-27 12:48:41.493 D/AGenUI  (29018): 12:48:41.493 [onNodeAdded@298] onNodeAdded: {"component":"Text","id":"root_c0_c3_c2","styles":{"align-content":"stretch","align-items":"stretch","align-self":"auto","background-color":"transparent","border-color":"#0000001A","border-radius":"0px","border-style":"solid","border-width":"0px","color":"#999999","filter":"none","flex-direction":"column","flex-grow":0,"flex-shrink":1,"flex-wrap":"nowrap","font-family":"system","font-size":"28px","fontSize":12,"fontWeight":"bold","height":41.0,"justify-content":"flex-start","line-clamp":1,"line-height":"40px","lines":1,"opacity":1,"text-align":"left","text-overflow":"ellipsis","visibility":"visible","width":20.0,"x":50.0,"y":0.0},"text":"4","variant":"body"}, parentId:root_c0_c3
08-27 12:48:41.494 D/AGenUI  (29018): 12:48:41.494 [logYogaLayoutInfo@277] [layout] id=root_c0_c4 type=Row parent=root_c0 xywh=(0.0,205.0,200.0,41.0) flex=(0.0,1.0) child=3 aspect=nan measure=0
08-27 12:48:41.496 D/AGenUI  (29018): 12:48:41.495 [onNodeAdded@298] onNodeAdded: {"children":["root_c0_c4_c0","root_c0_c4_c1","root_c0_c4_c2"],"component":"Row","id":"root_c0_c4","styles":{"align-content":"stretch","align-items":"stretch","align-self":"auto","background-color":"transparent","border-color":"#0000001A","border-radius":"0px","border-style":"solid","border-width":"0px","filter":"none","flex-direction":"column","flex-grow":0,"flex-shrink":1,"flex-wrap":"nowrap","height":41.0,"justify-content":"flex-start","opacity":1,"paddingBottom":12,"paddingLeft":16,"paddingRight":16,"paddingTop":6,"visibility":"visible","width":200.0,"x":0.0,"y":205.0}}, parentId:root_c0
08-27 12:48:41.497 D/AGenUI  (29018): 12:48:41.496 [logYogaLayoutInfo@277] [layout] id=root_c0_c4_c0 type=Text parent=root_c0_c4 xywh=(0.0,0.0,50.0,41.0) flex=(0.0,1.0) child=0 aspect=nan measure=1
08-27 12:48:41.498 D/AGenUI  (29018): 12:48:41.497 [onNodeAdded@298] onNodeAdded: {"component":"Text","id":"root_c0_c4_c0","styles":{"align-content":"stretch","align-items":"stretch","align-self":"auto","background-color":"transparent","border-color":"#0000001A","border-radius":"0px","border-style":"solid","border-width":"0px","color":"#181818","filter":"none","flex-direction":"column","flex-grow":0,"flex-shrink":1,"flex-wrap":"nowrap","font-family":"system","font-size":"28px","fontSize":13,"height":41.0,"justify-content":"flex-start","line-clamp":1,"line-height":"40px","lines":1,"opacity":1,"text-align":"left","text-overflow":"ellipsis","visibility":"visible","width":50.0,"x":0.0,"y":0.0},"text":"周五","variant":"body"}, parentId:root_c0_c4
08-27 12:48:41.499 D/AGenUI  (29018): 12:48:41.498 [logYogaLayoutInfo@277] [layout] id=root_c0_c4_c1 type=Container parent=root_c0_c4 xywh=(50.0,17.0,0.0,8.0) flex=(0.0,1.0) child=1 aspect=nan measure=0
08-27 12:48:41.500 D/AGenUI  (29018): 12:48:41.500 [onNodeAdded@298] onNodeAdded: {"children":["root_c0_c4_c1_c0"],"component":"Container","id":"root_c0_c4_c1","styles":{"align-content":"stretch","align-items":"stretch","align-self":"auto","background-color":"transparent","backgroundColor":"#E0E0E0","border-color":"#0000001A","border-radius":"0px","border-style":"solid","border-width":"0px","borderRadius":4,"filter":"none","flex":1,"flex-direction":"column","flex-grow":0,"flex-shrink":1,"flex-wrap":"nowrap","height":8.0,"justify-content":"flex-start","marginRight":8,"opacity":1,"visibility":"visible","width":0.0,"x":50.0,"y":17.0}}, parentId:root_c0_c4
08-27 12:48:41.502 D/AGenUI  (29018): 12:48:41.501 [logYogaLayoutInfo@277] [layout] id=root_c0_c4_c1_c0 type=Container parent=root_c0_c4_c1 xywh=(0.0,0.0,0.0,8.0) flex=(0.0,1.0) child=0 aspect=nan measure=0
08-27 12:48:41.506 D/AGenUI  (29018): 12:48:41.502 [onNodeAdded@298] onNodeAdded: {"component":"Container","id":"root_c0_c4_c1_c0","styles":{"align-content":"stretch","align-items":"stretch","align-self":"auto","background-color":"transparent","backgroundColor":"#007DFF","border-color":"#0000001A","border-radius":"0px","border-style":"solid","border-width":"0px","borderRadius":4,"filter":"none","flex-direction":"column","flex-grow":0,"flex-shrink":1,"flex-wrap":"nowrap","height":8.0,"justify-content":"flex-start","opacity":1,"visibility":"visible","width":0.0,"x":0.0,"y":0.0}}, parentId:root_c0_c4_c1
08-27 12:48:41.507 D/AGenUI  (29018): 12:48:41.506 [logYogaLayoutInfo@277] [layout] id=root_c0_c4_c2 type=Text parent=root_c0_c4 xywh=(50.0,0.0,20.0,41.0) flex=(0.0,1.0) child=0 aspect=nan measure=1
08-27 12:48:41.508 D/AGenUI  (29018): 12:48:41.508 [onNodeAdded@298] onNodeAdded: {"component":"Text","id":"root_c0_c4_c2","styles":{"align-content":"stretch","align-items":"stretch","align-self":"auto","background-color":"transparent","border-color":"#0000001A","border-radius":"0px","border-style":"solid","border-width":"0px","color":"#999999","filter":"none","flex-direction":"column","flex-grow":0,"flex-shrink":1,"flex-wrap":"nowrap","font-family":"system","font-size":"28px","fontSize":12,"fontWeight":"bold","height":41.0,"justify-content":"flex-start","line-clamp":1,"line-height":"40px","lines":1,"opacity":1,"text-align":"left","text-overflow":"ellipsis","visibility":"visible","width":20.0,"x":50.0,"y":0.0},"text":"3","variant":"body"}, parentId:root_c0_c4
08-27 12:48:41.509 D/AGenUI  (29018): 12:48:41.509 [logYogaLayoutInfo@277] [layout] id=root_c4 type=Row parent=root xywh=(0.0,246.0,200.0,28.0) flex=(0.0,1.0) child=2 aspect=nan measure=0
08-27 12:48:41.511 D/AGenUI  (29018): 12:48:41.510 [onNodeAdded@298] onNodeAdded: {"children":["root_c4_c0","root_c4_c1"],"component":"Row","id":"root_c4","styles":{"align-content":"stretch","align-items":"stretch","align-self":"auto","background-color":"transparent","border-color":"#0000001A","border-radius":"0px","border-style":"solid","border-width":"0px","filter":"none","flex-direction":"column","flex-grow":0,"flex-shrink":1,"flex-wrap":"nowrap","height":28.0,"justify-content":"flex-start","opacity":1,"paddingBottom":8,"paddingLeft":16,"paddingRight":16,"paddingTop":4,"visibility":"visible","width":200.0,"x":0.0,"y":246.0}}, parentId:root
08-27 12:48:41.512 D/AGenUI  (29018): 12:48:41.511 [logYogaLayoutInfo@277] [layout] id=root_c4_c0 type=Container parent=root_c4 xywh=(0.0,0.0,96.0,28.0) flex=(0.0,1.0) child=1 aspect=nan measure=0
08-27 12:48:41.513 D/AGenUI  (29018): 12:48:41.513 [onNodeAdded@298] onNodeAdded: {"children":["root_c4_c0_c0"],"component":"Container","id":"root_c4_c0","styles":{"align-content":"stretch","align-items":"stretch","align-self":"auto","background-color":"transparent","backgroundColor":"#E8F3FF","border-color":"#0000001A","border-radius":"0px","border-style":"solid","border-width":"0px","borderRadius":14,"filter":"none","flex":1,"flex-direction":"column","flex-grow":0,"flex-shrink":1,"flex-wrap":"nowrap","height":28.0,"justify-content":"flex-start","marginRight":6,"opacity":1,"paddingLeft":10,"paddingRight":10,"visibility":"visible","width":96.0,"x":0.0,"y":0.0}}, parentId:root_c4
08-27 12:48:41.514 D/AGenUI  (29018): 12:48:41.514 [logYogaLayoutInfo@277] [layout] id=root_c4_c0_c0 type=Text parent=root_c4_c0 xywh=(-1.0,0.0,98.0,28.0) flex=(0.0,1.0) child=0 aspect=nan measure=1
08-27 12:48:41.517 D/AGenUI  (29018): 12:48:41.516 [onNodeAdded@298] onNodeAdded: {"component":"Text","id":"root_c4_c0_c0","styles":{"align-content":"stretch","align-items":"stretch","align-self":"auto","background-color":"transparent","border-color":"#0000001A","border-radius":"0px","border-style":"solid","border-width":"0px","color":"#007DFF","filter":"none","flex-direction":"column","flex-grow":0,"flex-shrink":1,"flex-wrap":"nowrap","font-family":"system","font-size":"28px","fontSize":12,"fontWeight":"bold","height":28.0,"justify-content":"flex-start","line-clamp":1,"line-height":"40px","lines":1,"opacity":1,"text-align":"left","text-overflow":"ellipsis","visibility":"visible","width":98.0,"x":-1.0,"y":0.0},"text":"已投票: 42人","variant":"body"}, parentId:root_c4_c0
08-27 12:48:41.518 D/AGenUI  (29018): 12:48:41.517 [logYogaLayoutInfo@277] [layout] id=root_c4_c1 type=Container parent=root_c4 xywh=(96.0,0.0,104.0,28.0) flex=(0.0,1.0) child=1 aspect=nan measure=0
08-27 12:48:41.519 D/AGenUI  (29018): 12:48:41.519 [onNodeAdded@298] onNodeAdded: {"children":["root_c4_c1_c0"],"component":"Container","id":"root_c4_c1","styles":{"align-content":"stretch","align-items":"stretch","align-self":"auto","background-color":"transparent","backgroundColor":"#FFF3E0","border-color":"#0000001A","border-radius":"0px","border-style":"solid","border-width":"0px","borderRadius":14,"filter":"none","flex":1,"flex-direction":"column","flex-grow":0,"flex-shrink":1,"flex-wrap":"nowrap","height":28.0,"justify-content":"flex-start","opacity":1,"paddingLeft":10,"paddingRight":10,"visibility":"visible","width":104.0,"x":96.0,"y":0.0}}, parentId:root_c4
08-27 12:48:41.520 D/AGenUI  (29018): 12:48:41.520 [logYogaLayoutInfo@277] [layout] id=root_c4_c1_c0 type=Text parent=root_c4_c1 xywh=(-1.0,0.0,105.0,28.0) flex=(0.0,1.0) child=0 aspect=nan measure=1
08-27 12:48:41.522 D/AGenUI  (29018): 12:48:41.521 [onNodeAdded@298] onNodeAdded: {"component":"Text","id":"root_c4_c1_c0","styles":{"align-content":"stretch","align-items":"stretch","align-self":"auto","background-color":"transparent","border-color":"#0000001A","border-radius":"0px","border-style":"solid","border-width":"0px","color":"#FF9500","filter":"none","flex-direction":"column","flex-grow":0,"flex-shrink":1,"flex-wrap":"nowrap","font-family":"system","font-size":"28px","fontSize":12,"fontWeight":"bold","height":28.0,"justify-content":"flex-start","line-clamp":1,"line-height":"40px","lines":1,"opacity":1,"text-align":"left","text-overflow":"ellipsis","visibility":"visible","width":105.0,"x":-1.0,"y":0.0},"text":"距结束: 2小时","variant":"body"}, parentId:root_c4_c1
08-27 12:48:41.523 D/AGenUI  (29018): 12:48:41.522 [logYogaLayoutInfo@277] [layout] id=root_c5 type=Card parent=root xywh=(0.0,274.0,200.0,84.0) flex=(0.0,1.0) child=1 aspect=nan measure=0
08-27 12:48:41.525 D/AGenUI  (29018): 12:48:41.524 [onNodeAdded@298] onNodeAdded: {"children":["root_c5_c0"],"component":"Card","id":"root_c5","styles":{"align-content":"stretch","align-items":"stretch","align-self":"auto","background-color":"transparent","backgroundColor":"#F0FBF4","border-color":"#0000001A","border-radius":"16px","border-style":"solid","border-width":"0px","borderColor":"#34C759","borderRadius":12,"elevation":0,"filter":"none","flex-direction":"column","flex-grow":0,"flex-shrink":1,"flex-wrap":"nowrap","height":84.0,"justify-content":"flex-start","marginBottom":16,"marginLeft":16,"marginRight":16,"opacity":1,"visibility":"visible","width":200.0,"x":0.0,"y":274.0}}, parentId:root
08-27 12:48:41.525 D/AGenUI  (29018): 12:48:41.525 [logYogaLayoutInfo@277] [layout] id=root_c5_c0 type=Row parent=root_c5 xywh=(1.0,1.0,198.0,82.0) flex=(0.0,1.0) child=2 aspect=nan measure=0
08-27 12:48:41.527 D/AGenUI  (29018): 12:48:41.526 [onNodeAdded@298] onNodeAdded: {"children":["root_c5_c0_c0","root_c5_c0_c1"],"component":"Row","id":"root_c5_c0","styles":{"align-content":"stretch","align-items":"stretch","align-self":"auto","background-color":"transparent","border-color":"#0000001A","border-radius":"0px","border-style":"solid","border-width":"0px","filter":"none","flex-direction":"column","flex-grow":0,"flex-shrink":1,"flex-wrap":"nowrap","height":82.0,"justify-content":"flex-start","opacity":1,"paddingBottom":10,"paddingLeft":12,"paddingRight":12,"paddingTop":10,"visibility":"visible","width":198.0,"x":1.0,"y":1.0}}, parentId:root_c5
08-27 12:48:41.528 D/AGenUI  (29018): 12:48:41.527 [logYogaLayoutInfo@277] [layout] id=root_c5_c0_c0 type=Column parent=root_c5_c0 xywh=(0.0,0.0,151.0,82.0) flex=(0.0,1.0) child=2 aspect=nan measure=0
08-27 12:48:41.529 D/AGenUI  (29018): 12:48:41.528 [onNodeAdded@298] onNodeAdded: {"children":["root_c5_c0_c0_c0","root_c5_c0_c0_c1"],"component":"Column","id":"root_c5_c0_c0","styles":{"align-content":"stretch","align-items":"stretch","align-self":"auto","background-color":"transparent","border-color":"#0000001A","border-radius":"0px","border-style":"solid","border-width":"0px","filter":"none","flex":1,"flex-direction":"column","flex-grow":0,"flex-shrink":1,"flex-wrap":"nowrap","height":82.0,"justify-content":"flex-start","opacity":1,"visibility":"visible","width":151.0,"x":0.0,"y":0.0}}, parentId:root_c5_c0
08-27 12:48:41.530 D/AGenUI  (29018): 12:48:41.529 [logYogaLayoutInfo@277] [layout] id=root_c5_c0_c0_c0 type=Text parent=root_c5_c0_c0 xywh=(0.0,0.0,151.0,41.0) flex=(0.0,1.0) child=0 aspect=nan measure=1
08-27 12:48:41.531 D/AGenUI  (29018): 12:48:41.531 [onNodeAdded@298] onNodeAdded: {"component":"Text","id":"root_c5_c0_c0_c0","styles":{"align-content":"stretch","align-items":"stretch","align-self":"auto","background-color":"transparent","border-color":"#0000001A","border-radius":"0px","border-style":"solid","border-width":"0px","color":"#181818","filter":"none","flex-direction":"column","flex-grow":0,"flex-shrink":1,"flex-wrap":"nowrap","font-family":"system","font-size":"28px","fontSize":14,"fontWeight":"bold","height":41.0,"justify-content":"flex-start","line-clamp":1,"line-height":"40px","lines":1,"opacity":1,"text-align":"left","text-overflow":"ellipsis","visibility":"visible","width":151.0,"x":0.0,"y":0.0},"text":"周三","variant":"body"}, parentId:root_c5_c0_c0
08-27 12:48:41.532 D/AGenUI  (29018): 12:48:41.532 [logYogaLayoutInfo@277] [layout] id=root_c5_c0_c0_c1 type=Text parent=root_c5_c0_c0 xywh=(0.0,41.0,151.0,41.0) flex=(0.0,1.0) child=0 aspect=nan measure=1
08-27 12:48:41.533 D/AGenUI  (29018): 12:48:41.533 [onNodeAdded@298] onNodeAdded: {"component":"Text","id":"root_c5_c0_c0_c1","styles":{"align-content":"stretch","align-items":"stretch","align-self":"auto","background-color":"transparent","border-color":"#0000001A","border-radius":"0px","border-style":"solid","border-width":"0px","color":"#34C759","filter":"none","flex-direction":"column","flex-grow":0,"flex-shrink":1,"flex-wrap":"nowrap","font-family":"system","font-size":"28px","fontSize":11,"height":41.0,"justify-content":"flex-start","line-clamp":1,"line-height":"40px","lines":1,"marginTop":2,"opacity":1,"text-align":"left","text-overflow":"ellipsis","visibility":"visible","width":151.0,"x":0.0,"y":41.0},"text":"5票 · 42% 领先","variant":"body"}, parentId:root_c5_c0_c0
08-27 12:48:41.534 D/AGenUI  (29018): 12:48:41.534 [logYogaLayoutInfo@277] [layout] id=root_c5_c0_c1 type=Container parent=root_c5_c0 xywh=(151.0,30.0,47.0,22.0) flex=(0.0,1.0) child=1 aspect=nan measure=0
08-27 12:48:41.536 D/AGenUI  (29018): 12:48:41.535 [onNodeAdded@298] onNodeAdded: {"children":["root_c5_c0_c1_c0"],"component":"Container","id":"root_c5_c0_c1","styles":{"align-content":"stretch","align-items":"stretch","align-self":"auto","background-color":"transparent","backgroundColor":"#34C759","border-color":"#0000001A","border-radius":"0px","border-style":"solid","border-width":"0px","borderRadius":11,"filter":"none","flex-direction":"column","flex-grow":0,"flex-shrink":1,"flex-wrap":"nowrap","height":22.0,"justify-content":"flex-start","opacity":1,"paddingLeft":8,"paddingRight":8,"visibility":"visible","width":47.0,"x":151.0,"y":30.0}}, parentId:root_c5_c0
08-27 12:48:41.536 D/AGenUI  (29018): 12:48:41.536 [logYogaLayoutInfo@277] [layout] id=root_c5_c0_c1_c0 type=Text parent=root_c5_c0_c1 xywh=(-1.0,0.0,49.0,22.0) flex=(0.0,1.0) child=0 aspect=nan measure=1
08-27 12:48:41.538 D/AGenUI  (29018): 12:48:41.537 [onNodeAdded@298] onNodeAdded: {"component":"Text","id":"root_c5_c0_c1_c0","styles":{"align-content":"stretch","align-items":"stretch","align-self":"auto","background-color":"transparent","border-color":"#0000001A","border-radius":"0px","border-style":"solid","border-width":"0px","color":"#FFFFFF","filter":"none","flex-direction":"column","flex-grow":0,"flex-shrink":1,"flex-wrap":"nowrap","font-family":"system","font-size":"28px","fontSize":11,"fontWeight":"bold","height":22.0,"justify-content":"flex-start","line-clamp":1,"line-height":"40px","lines":1,"opacity":1,"text-align":"left","text-overflow":"ellipsis","visibility":"visible","width":49.0,"x":-1.0,"y":0.0},"text":"领先","variant":"body"}, parentId:root_c5_c0_c1
08-27 12:48:41.539 I/NativeEventBridge(29018): 12:48:41.539 [onComponentsAdd@70] onComponentsAdd: surfaceId=widget_-1_1787806121145, parents=36, components=36, components=[{"children":["root_c0","root_c4","root_c5"],"component":"Card","id":"root","styles":{"align-content":"stretch","align-items":"stretch","align-self":"auto","background-color":"transparent","backgroundColor":"#FFFFFF","border-color":"#0000001A","border-radius":"16px","border-style":"solid","border-width":"0px","borderRadius":16,"elevation":2,"filter":"none","flex-direction":"column","flex-grow":0,"flex-shrink":1,"flex-wrap":"nowrap","height":358.0,"justify-content":"flex-start","opacity":1,"visibility":"visible","width":200.0,"x":0.0,"y":0.0}}, {"children":["root_c0_c0","root_c0_c1","root_c0_c2","root_c0_c3","root_c0_c4"],"component":"Column","id":"root_c0","styles":{"align-content":"stretch","align-items":"stretch","align-self":"auto","background-color":"transparent","border-color":"#0000001A","border-radius":"0px","border-style":"solid","border-width":"0px","filter":"none","flex-direction":"column","flex-grow":0,"flex-shrink":1,"flex-wrap":"nowrap","height":246.0,"justify-content":"flex-start","opacity":1,"visibility":"visible","width":200.0,"x":0.0,"y":0.0}}, {"children":["root_c0_c0_c0","root_c0_c0_c1"],"component":"Row","id":"root_c0_c0","styles":{"align-content":"stretch","align-items":"stretch","align-self":"auto","background-color":"transparent","border-color":"#0000001A","border-radius":"0px","border-style":"solid","border-width":"0px","filter":"none","flex-direction":"column","flex-grow":0,"flex-shrink":1,"flex-wrap":"nowrap","height":82.0,"justify-content":"flex-start","opacity":1,"paddingBottom":12,"paddingLeft":16,"paddingRight":16,"paddingTop":16,"visibility":"visible","width":200.0,"x":0.0,"y":0.0}}, {"children":["root_c0_c0_c0_c0"],"component":"Container","id":"root_c0_c0_c0","styles":{"align-content":"stretch","align-items":"stretch","align-self":"auto","background-color":"transparent","backgroundColor":"#E8F3FF","border-color":"#0000001A","border-radius":"0px","border-style":"solid","border-width":"0px","borderRadius":999,"filter":"none","flex-direction":"column","flex-grow":0,"flex-shrink":1,"flex-wrap":"nowrap","height":40.0,"justify-content":"flex-start","opacity":1,"visibility":"visible","width":40.0,"x":0.0,"y":21.0}}, {"component":"Text","id":"root_c0_c0_c0_c0","styles":{"align-content":"stretch","align-items":"stretch","align-self":"auto","background-color":"transparent","border-color":"#0000001A","border-radius":"0px","border-style":"solid","border-width":"0px","color":"#000000E6","filter":"none","flex-direction":"column","flex-grow":0,"flex-shrink":1,"flex-wrap":"nowrap","font-family":"system","font-size":"28px","fontSize":18,"height":40.0,"justify-content":"flex-start","line-clamp":1,"line-height":"40px","lines":1,"opacity":1,"text-align":"left","text-overflow":"ellipsis","visibility":"visible","width":41.0,"x":-1.0,"y":0.0},"text":"Ὄa","variant":"body"}, {"children":["root_c0_c0_c1_c0","root_c0_c0_c1_c1"],"component":"Column","id":"root_c0_c0_c1","styles":{"align-content":"stretch","align-items":"stretch","align-self":"auto","background-color":"transparent","border-color":"#0000001A","border-radius":"0px","border-style":"solid","border-width":"0px","filter":"none","flex":1,"flex-direction":"column","flex-grow":0,"flex-shrink":1,"flex-wrap":"nowrap","height":82.0,"justify-content":"flex-start","marginLeft":12,"opacity":1,"visibility":"visible","width":124.0,"x":40.0,"y":0.0}}, {"component":"Text","id":"root_c0_c0_c1_c0","styles":{"align-content":"stretch","align-items":"stretch","align-self":"auto","background-color":"transparent","border-color":"#0000001A","border-radius":"0px","border-style":"solid","border-width":"0px","color":"#181818","filter":"none","flex-direction":"column","flex-grow":0,"flex-shrink":1,"flex-wrap":"nowrap","font-family":"system","font-size":"28px","fontSize":16,"fontWeight":"bold","height":41.0,"justify-content":"flex-start","line-clamp":1,"line-height":"40px","lines":1,"opacity":1,"text-align":"lef
08-27 12:48:41.540 D/AGenUI  (29018): 12:48:41.540 [updateComponents@112] success: {"version":"v0.9","updateComponents":{"surfaceId":"widget_-1_1787806121145","components":[{"id":"root_c0_c0_c0_c0","component":"Text","text":"Ὄa","styles":{"fontSize":18}},{"id":"root_c0_c0_c0","component":"Container","styles":{"width":40,"height":40,"borderRadius":999,"backgroundColor":"#E8F3FF","alignItems":"center","justifyContent":"center"},"children":["root_c0_c0_c0_c0"]},{"id":"root_c0_c0_c1_c0","component":"Text","text":"投票","styles":{"fontSize":16,"fontWeight":"bold","color":"#181818"}},{"id":"root_c0_c0_c1_c1","component":"Text","text":"12 人参与","styles":{"fontSize":12,"color":"#999999"}},{"id":"root_c0_c0_c1","component":"Column","styles":{"marginLeft":12,"flex":1},"children":["root_c0_c0_c1_c0","root_c0_c0_c1_c1"]},{"id":"root_c0_c0","component":"Row","styles":{"paddingLeft":16,"paddingRight":16,"paddingTop":16,"paddingBottom":12,"alignItems":"center"},"children":["root_c0_c0_c0","root_c0_c0_c1"]},{"id":"root_c0_c1","component":"Text","text":"下周团建时间选哪天？","styles":{"fontSize":14,"fontWeight":"bold","color":"#181818","paddingLeft":16,"paddingRight":16,"paddingBottom":8}},{"id":"root_c0_c2_c0","component":"Text","text":"周三","styles":{"fontSize":13,"color":"#181818","width":50}},{"id":"root_c0_c2_c1_c0","component":"Container","styles":{"width":"42%","height":8,"borderRadius":4,"backgroundColor":"#007DFF"},"children":[]},{"id":"root_c0_c2_c1","component":"Container","styles":{"height":8,"borderRadius":4,"backgroundColor":"#E0E0E0","flex":1,"marginRight":8},"children":["root_c0_c2_c1_c0"]},{"id":"root_c0_c2_c2","component":"Text","text":"5","styles":{"fontSize":12,"color":"#007DFF","fontWeight":"bold","width":20}},{"id":"root_c0_c2","component":"Row","styles":{"paddingLeft":16,"paddingRight":16,"paddingTop":6,"paddingBottom":6,"alignItems":"center"},"children":["root_c0_c2_c0","root_c0_c2_c1","root_c0_c2_c2"]},{"id":"root_c0_c3_c0","component":"Text","text":"周四","styles":{"fontSize":13,"color":"#181818","width":50}},{"id":"root_c0_c3_c1_c0","component":"Container","styles":{"width":"33%","height":8,"borderRadius":4,"backgroundColor":"#007DFF"},"children":[]},{"id":"root_c0_c3_c1","component":"Container","styles":{"height":8,"borderRadius":4,"backgroundColor":"#E0E0E0","flex":1,"marginRight":8},"children":["root_c0_c3_c1_c0"]},{"id":"root_c0_c3_c2","component":"Text","text":"4","styles":{"fontSize":12,"color":"#999999","fontWeight":"bold","width":20}},{"id":"root_c0_c3","component":"Row","styles":{"paddingLeft":16,"paddingRight":16,"paddingTop":6,"paddingBottom":6,"alignItems":"center"},"children":["root_c0_c3_c0","root_c0_c3_c1","root_c0_c3_c2"]},{"id":"root_c0_c4_c0","component":"Text","text":"周五","styles":{"fontSize":13,"color":"#181818","width":50}},{"id":"root_c0_c4_c1_c0","component":"Container","styles":{"width":"25%","height":8,"borderRadius":4,"backgroundColor":"#007DFF"},"children":[]},{"id":"root_c0_c4_c1","component":"Container","styles":{"height":8,"borderRadius":4,"backgroundColor":"#E0E0E0","flex":1,"marginRight":8},"children":["root_c0_c4_c1_c0"]},{"id":"root_c0_c4_c2","component":"Text","text":"3","styles":{"fontSize":12,"color":"#999999","fontWeight":"bold","width":20}},{"id":"root_c0_c4","component":"Row","styles":{"paddingLeft":16,"paddingRight":16,"paddingTop":6,"paddingBottom":12,"alignItems":"center"},"children":["root_c0_c4_c0","root_c0_c4_c1","root_c0_c4_c2"]},{"id":"root_c0","component":"Column","children":["root_c0_c0","root_c0_c1","root_c0_c2","root_c0_c3","root_c0_c4"]},{"id":"root_c4_c0_c0","component":"Text","text":"已投票: 42人","styles":{"fontSize":12,"color":"#007DFF","fontWeight":"bold"}},{"id":"root_c4_c0","component":"Container","styles":{"height":28,"borderRadius":14,"backgroundColor":"#E8F3FF","alignItems":"center","justifyContent":"center","paddingLeft":10,"paddingRight":10,"flex":1,"marginRight":6},"children":["root_c4_c0_c0"]},{"id":"root_c4_c1_c0","component":"Text","text":"距结束: 2小时","styles":{"fontSize":12,"color":"#FF9500","fontWeight"
08-27 12:48:41.542 D/surface_updateDataModel_begin(29018): [PERF] 12:48:41.541 [updateDataModel@234] widget_-1_1787806121145
08-27 12:48:41.543 D/AGenUI  (29018): 12:48:41.542 [updateData@50] path:/, jsonValue:{"leadingOption":"周三","options":[{"label":"周三","percent":"42%","votes":5},{"label":"周四","percent":"33%","votes":4},{"label":"周五","percent":"25%","votes":3}],"question":"下周团建时间选哪天？","timeRemaining":"2小时","totalVotes":42}
08-27 12:48:41.544 D/surface_updateDataModel_end(29018): [PERF] 12:48:41.543 [updateDataModel@253] widget_-1_1787806121145
08-27 12:48:41.544 D/AGenUI  (29018): 12:48:41.544 [updateDataModel@137] success: {"version":"v0.9","updateDataModel":{"surfaceId":"widget_-1_1787806121145","value":{"question":"下周团建时间选哪天？","options":[{"label":"周三","votes":5,"percent":"42%"},{"label":"周四","votes":4,"percent":"33%"},{"label":"周五","votes":3,"percent":"25%"}],"totalVotes":42,"timeRemaining":"2小时","leadingOption":"周三"}}}
08-27 12:48:41.545 D/stream_assembling_end(29018): [PERF] 12:48:41.545 [processDataAssembling@57] 
08-27 12:48:41.546 D/AGenUI  (29018): 12:48:41.545 [processDataEnding@61] processing end
08-27 12:48:41.547 D/stream_end(29018): [PERF] 12:48:41.546 [processDataEnding@66] 
08-27 12:48:41.609 D/AGenUIWidgetRenderSvc(29018): onRootComponentUpdate: widget_-1_1787806121145, props={children=[root_c0, root_c4, root_c5], styles={align-content=stretch, align-items=stretch, align-self=auto, background-color=transparent, backgroundColor=#FFFFFF, border-color=#0000001A, border-radius=16px, border-style=solid, border-width=0px, borderRadius=16.0, elevation=2.0, filter=none, flex-direction=column, flex-grow=0.0, flex-shrink=1.0, flex-wrap=nowrap, height=358.0, justify-content=flex-start, opacity=1.0, visibility=visible, width=200.0, x=0.0, y=0.0}}
08-27 12:48:41.610 D/components_applied(29018): [PERF] 12:48:41.609 [lambda$onComponentsAdd$2$com-amap-agenui-render-surface-NativeEventBridge@76] widget_-1_1787806121145
08-27 12:48:41.709 D/AGenUIWidgetRenderSvc(29018): Surface ready, proceeding to draw
08-27 12:48:41.725 D/WidgetBitmapRenderer(29018): Measured: 300x400
08-27 12:48:41.727 D/AGenUI  (29018): 12:48:41.726 [handleSurfaceSizeChanged@286] handleSurfaceSizeChanged: surfaceId:widget_-1_1787806121145, width:200.0, height:266.7
08-27 12:48:41.748 D/WidgetBitmapRenderer(29018): Bitmap: 300x400, bytes=480000
08-27 12:48:41.762 D/WidgetBitmapRenderer(29018): Debug bitmap saved: /storage/emulated/0/Android/data/com.amap.agenuiplayground/files/widget_render_debug.png
08-27 12:48:41.763 D/WidgetBitmapRenderer(29018): View hierarchy:
08-27 12:48:41.763 D/WidgetBitmapRenderer(29018):  [300x400] measured=[300x400] vis=0 tag=null
08-27 12:48:41.763 D/WidgetBitmapRenderer(29018):    [300x537] measured=[300x537] vis=0 tag=null
08-27 12:48:41.763 D/WidgetBitmapRenderer(29018):     YogaAbsoluteLayout [300x537] measured=[300x537] vis=0 tag=null
08-27 12:48:41.763 D/WidgetBitmapRenderer(29018):       YogaAbsoluteLayout [300x369] measured=[300x369] vis=0 tag=null
08-27 12:48:41.763 D/WidgetBitmapRenderer(29018):         YogaAbsoluteLayout [300x123] measured=[300x123] vis=0 tag=null
08-27 12:48:41.763 D/WidgetBitmapRenderer(29018):           YogaAbsoluteLayout [60x60] measured=[60x60] vis=0 tag=null
08-27 12:48:41.763 D/WidgetBitmapRenderer(29018):             TextView [62x60] measured=[62x60] vis=0 tag=null
08-27 12:48:41.763 D/WidgetBitmapRenderer(29018):           YogaAbsoluteLayout [186x123] measured=[186x123] vis=0 tag=null
08-27 12:48:41.763 D/WidgetBitmapRenderer(29018):             TextView [186x62] measured=[186x62] vis=0 tag=null
08-27 12:48:41.763 D/WidgetBitmapRenderer(29018):             TextView [186x62] measured=[186x62] vis=0 tag=null
08-27 12:48:41.763 D/WidgetBitmapRenderer(29018):         TextView [300x62] measured=[300x62] vis=0 tag=null
08-27 12:48:41.763 D/WidgetBitmapRenderer(29018):         YogaAbsoluteLayout [300x62] measured=[300x62] vis=0 tag=null
08-27 12:48:41.763 D/WidgetBitmapRenderer(29018):           TextView [75x62] measured=[75x62] vis=0 tag=null
08-27 12:48:41.763 D/WidgetBitmapRenderer(29018):           YogaAbsoluteLayout [0x12] measured=[0x12] vis=0 tag=null
08-27 12:48:41.763 D/WidgetBitmapRenderer(29018):             YogaAbsoluteLayout [0x12] measured=[0x12] vis=0 tag=null
08-27 12:48:41.763 D/WidgetBitmapRenderer(29018):           TextView [30x62] measured=[30x62] vis=0 tag=null
08-27 12:48:41.763 D/WidgetBitmapRenderer(29018):         YogaAbsoluteLayout [300x62] measured=[300x62] vis=0 tag=null
08-27 12:48:41.763 D/WidgetBitmapRenderer(29018):           TextView [75x62] measured=[75x62] vis=0 tag=null
08-27 12:48:41.763 D/WidgetBitmapRenderer(29018):           YogaAbsoluteLayout [0x12] measured=[0x12] vis=0 tag=null
08-27 12:48:41.763 D/WidgetBitmapRenderer(29018):             YogaAbsoluteLayout [0x12] measured=[0x12] vis=0 tag=null
08-27 12:48:41.763 D/WidgetBitmapRenderer(29018):           TextView [30x62] measured=[30x62] vis=0 tag=null
08-27 12:48:41.763 D/WidgetBitmapRenderer(29018):         YogaAbsoluteLayout [300x62] measured=[300x62] vis=0 tag=null
08-27 12:48:41.763 D/WidgetBitmapRenderer(29018):           TextView [75x62] measured=[75x62] vis=0 tag=null
08-27 12:48:41.763 D/WidgetBitmapRenderer(29018):           YogaAbsoluteLayout [0x12] measured=[0x12] vis=0 tag=null
08-27 12:48:41.763 D/WidgetBitmapRenderer(29018):             YogaAbsoluteLayout [0x12] measured=[0x12] vis=0 tag=null
08-27 12:48:41.763 D/WidgetBitmapRenderer(29018):           TextView [30x62] measured=[30x62] vis=0 tag=null
08-27 12:48:41.763 D/WidgetBitmapRenderer(29018):       YogaAbsoluteLayout [300x42] measured=[300x42] vis=0 tag=null
08-27 12:48:41.763 D/WidgetBitmapRenderer(29018):         YogaAbsoluteLayout [144x42] measured=[144x42] vis=0 tag=null
08-27 12:48:41.763 D/WidgetBitmapRenderer(29018):           TextView [147x42] measured=[147x42] vis=0 tag=null
08-27 12:48:41.763 D/WidgetBitmapRenderer(29018):         YogaAbsoluteLayout [156x42] measured=[156x42] vis=0 tag=null
08-27 12:48:41.763 D/WidgetBitmapRenderer(29018):           TextView [158x42] measured=[158x42] vis=0 tag=null
08-27 12:48:41.763 D/WidgetBitmapRenderer(29018):        [300x126] measured=[300x126] vis=0 tag=null
08-27 12:48:41.763 D/WidgetBitmapRenderer(29018):         YogaAbsoluteLayout [300x125] measured=[300x125] vis=0 tag=null
08-27 12:48:41.763 D/WidgetBitmapRenderer(29018):           YogaAbsoluteLayout [297x123] measured=[297x123] vis=0 tag=null
08-27 12:48:41.763 D/WidgetBitmapRenderer(29018):             YogaAbsoluteLayout [227x123] measured=[227x123] vis=0 tag=null
08-27 12:48:41.763 D/WidgetBitmapRenderer(29018):               TextView [227x62] measured=[227x62] vis=0 tag=null
08-27 12:48:41.763 D/WidgetBitmapRenderer(29018):               TextView [227x62] measured=[227x62] vis=0 tag=null
08-27 12:48:41.763 D/WidgetBitmapRenderer(29018):             YogaAbsoluteLayout [71x33] measured=[71x33] vis=0 tag=null
08-27 12:48:41.763 D/WidgetBitmapRenderer(29018):               TextView [74x33] measured=[74x33] vis=0 tag=null
08-27 12:48:41.763 D/AGenUIWidgetRenderSvc(29018): Widget updated: AGenUI · poll
08-27 12:48:41.763 D/WidgetSurfacePool(29018): Released SurfaceManager for template=poll, pool size=1
08-27 12:48:41.763 D/AGenUIWidgetRenderSvc(29018): renderSync: id=-1, template=classroom
08-27 12:48:41.764 D/AGenUIWidgetRenderSvc(29018): Widget dimensions: 300x400 (MEDIUM)
08-27 12:48:41.766 D/WidgetTemplateValidator(29018): Validated: 33 unique component IDs
08-27 12:48:41.776 D/AGenUIWidgetRenderSvc(29018): Converted 3 chunks for template: classroom
08-27 12:48:41.777 W/AGenUI  (29018): 12:48:41.776 [initialize@68] Module already initialized
08-27 12:48:41.778 D/AGenUI  (29018): 12:48:41.777 [setDebug@278] build type set to debug
08-27 12:48:41.779 D/AGenUI  (29018): 12:48:41.778 [jni_createSurfaceManager@42] [JNI] createSurfaceManager
08-27 12:48:41.779 D/AGenUI  (29018): 12:48:41.779 [createSurfaceManager@90] begin creating
08-27 12:48:41.780 D/AGenUI  (29018): 12:48:41.780 [enterRunning@22] enter running, 7
08-27 12:48:41.781 D/AGenUI  (29018): 12:48:41.780 [createSurfaceManager@109] created, 7
08-27 12:48:41.781 D/AGenUI  (29018): 12:48:41.780 [init@40] init, 7
08-27 12:48:41.782 D/AGenUI  (29018): 12:48:41.781 [jni_createSurfaceManager@54] [JNI] createSurfaceManager: created with instanceId=7
08-27 12:48:41.782 D/AGenUI  (29018): 12:48:41.781 [SurfaceCoordinator@34] construction finished
08-27 12:48:41.783 I/AGenUI  (29018): 12:48:41.782 [createSurfaceManager@168] SurfaceManager created: instanceId=7
08-27 12:48:41.784 D/AGenUI  (29018): 12:48:41.783 [jni_addEventListener@47] [JNI] addEventListener: instanceId=7
08-27 12:48:41.784 D/AGenUI  (29018): 12:48:41.784 [addSurfaceEventListener@84] add lisenter success 7, listener:0xb4000078d1f148f0, 0xb400007971e71d80
08-27 12:48:41.785 D/AGenUI  (29018): 12:48:41.784 [addEventListener@7] listener:0xb4000078d1f148f0, 0
08-27 12:48:41.785 D/AGenUI  (29018): 12:48:41.785 [jni_addEventListener@66] [JNI] addEventListener: success, instanceId=7
08-27 12:48:41.786 I/SurfaceManager(29018): 12:48:41.786 [addMessageListener@200] UIMessage listener registered: instanceId=7
08-27 12:48:41.787 D/AGenUI  (29018): 12:48:41.786 [jni_setSurfaceSizeProvider@241] [JNI] setSurfaceSizeProvider: instanceId=7
08-27 12:48:41.787 I/SurfaceManager(29018): 12:48:41.787 [<init>@90] SurfaceManager created with Context, instanceId=7
08-27 12:48:41.788 D/AGenUIWidgetRenderSvc(29018): Created new SurfaceManager
08-27 12:48:41.788 D/SurfaceManager(29018): 12:48:41.788 [addListener@167] Listener added: 
08-27 12:48:41.789 D/AGenUI  (29018): 12:48:41.788 [beginTextStream@144] begin text stream
08-27 12:48:41.789 D/surface_begin_text_stream(29018): [PERF] 12:48:41.789 [beginTextStream@148] instanceId=7
08-27 12:48:41.790 D/surface_receive_text_chunk(29018): [PERF] 12:48:41.790 [receiveTextChunk@185] instanceId=7, bytes=171
08-27 12:48:41.790 D/AGenUI  (29018): 12:48:41.790 [processDataBeginning@36] processing begin
08-27 12:48:41.791 D/surface_receive_text_chunk(29018): [PERF] 12:48:41.790 [receiveTextChunk@185] instanceId=7, bytes=5338
08-27 12:48:41.791 D/stream_begin(29018): [PERF] 12:48:41.790 [processDataBeginning@39] 
08-27 12:48:41.791 D/surface_receive_text_chunk(29018): [PERF] 12:48:41.791 [receiveTextChunk@185] instanceId=7, bytes=340
08-27 12:48:41.792 D/stream_assembling_begin(29018): [PERF] 12:48:41.791 [processDataAssembling@43] 
08-27 12:48:41.792 D/AGenUI  (29018): 12:48:41.792 [endTextStream@163] end text stream
08-27 12:48:41.792 D/AGenUI  (29018): 12:48:41.792 [processDataAssembling@44] {"version":"v0.9","createSurface":{"surfaceId":"widget_-1_1787806121764","catalogId":"https:\/\/a2ui.org\/specification\/v0_9\/catalogs\/basic\/catalog.json","width":300}}
08-27 12:48:41.793 D/surface_end_text_stream(29018): [PERF] 12:48:41.792 [endTextStream@167] instanceId=7
08-27 12:48:41.793 D/surface_create_begin(29018): [PERF] 12:48:41.793 [Surface@26] widget_-1_1787806121764
08-27 12:48:41.794 D/surface_create_end(29018): [PERF] 12:48:41.793 [Surface@49] widget_-1_1787806121764
08-27 12:48:41.794 D/AGenUI  (29018): 12:48:41.794 [createSurface@82] success: {"version":"v0.9","createSurface":{"surfaceId":"widget_-1_1787806121764","catalogId":"https:\/\/a2ui.org\/specification\/v0_9\/catalogs\/basic\/catalog.json","width":300}}
08-27 12:48:41.795 D/AGenUI  (29018): 12:48:41.795 [dispatchCreateSurface@36] surfaceId:widget_-1_1787806121764
08-27 12:48:41.796 I/NativeEventBridge(29018): 12:48:41.795 [onCreateSurface@45] onCreateSurface: surfaceId=widget_-1_1787806121764, catalogId=https://a2ui.org/specification/v0_9/catalogs/basic/catalog.json
08-27 12:48:41.797 D/stream_assembling_end(29018): [PERF] 12:48:41.796 [processDataAssembling@57] 
08-27 12:48:41.797 D/SurfaceManager(29018): 12:48:41.796 [createSurface@324] createSurface: surfaceId=widget_-1_1787806121764
08-27 12:48:41.797 D/stream_assembling_begin(29018): [PERF] 12:48:41.797 [processDataAssembling@43] 
08-27 12:48:41.798 D/Surface (29018): 12:48:41.797 [<init>@127] Surface created: id=widget_-1_1787806121764
08-27 12:48:41.798 D/AGenUIWidgetRenderSvc(29018): onCreateSurface: widget_-1_1787806121764
08-27 12:48:41.798 D/AGenUI  (29018): 12:48:41.797 [processDataAssembling@44] {"version":"v0.9","updateComponents":{"surfaceId":"widget_-1_1787806121764","components":[{"id":"root_c0_c0_c0_c0","component":"Text","text":"📖","styles":{"fontSize":18,"color":"#FFFFFF"}},{"id":"root_c0_c0_c0","component":"Container","styles":{"width":40,"height":40,"borderRadius":999,"backgroundColor":"rgba(255,255,255,0.15)","alignItems":"center","justifyContent":"center"},"children":["root_c0_c0_c0_c0"]},{"id":"root_c0_c0_c1_c0","component":"Text","text":"高等数学","styles":{"fontSize":16,"fontWeight":"bold","color":"#FFFFFF"}},{"id":"root_c0_c0_c1_c1","component":"Text","text":"第三章 · 2026-08-27 10:30","styles":{"fontSize":12,"color":"rgba(255,255,255,0.7)"}},{"id":"root_c0_c0_c1","component":"Column","styles":{"marginLeft":12,"flex":1},"children":["root_c0_c0_c1_c0","root_c0_c0_c1_c1"]},{"id":"root_c0_c0","component":"Row","styles":{"paddingLeft":16,"paddingRight":16,"paddingTop":16,"paddingBottom":12,"alignItems":"center"},"children":["root_c0_c0_c0","root_c0_c0_c1"]},{"id":"root_c1_c0_c0","component":"Text","text":"●","styles":{"fontSize":12,"color":"#FFD60A","marginRight":8}},{"id":"root_c1_c0_c1","component":"Text","text":"极限的 ε-δ 定义与几何意义","styles":{"fontSize":13,"color":"#FFFFFF","flex":1}},{"id":"root_c1_c0","component":"Row","styles":{"paddingLeft":16,"paddingRight":16,"paddingTop":4,"paddingBottom":4,"alignItems":"center"},"children":["root_c1_c0_c0","root_c1_c0_c1"]},{"id":"root_c1_c1_c0","component":"Text","text":"●","styles":{"fontSize":12,"color":"#FFD60A","marginRight":8}},{"id":"root_c1_c1_c1","component":"Text","text":"连续函数的三大性质","styles":{"fontSize":13,"color":"#FFFFFF","flex":1}},{"id":"root_c1_c1","component":"Row","styles":{"paddingLeft":16,"paddingRight":16,"paddingTop":4,"paddingBottom":4,"alignItems":"center"},"children":["root_c1_c1_c0","root_c1_c1_c1"]},{"id":"root_c1_c2_c0","component":"Text","text":"●","styles":{"fontSize":12,"color":"#FFD60A","marginRight":8}},{"id":"root_c1_c2_c1","component":"Text","text":"中值定理的推导与应用","styles":{"fontSize":13,"color":"#FFFFFF","flex":1}},{"id":"root_c1_c2","component":"Row","styles":{"paddingLeft":16,"paddingRight":16,"paddingTop":4,"paddingBottom":4,"alignItems":"center"},"children":["root_c1_c2_c0","root_c1_c2_c1"]},{"id":"root_c1_c3_c0","component":"Text","text":"●","styles":{"fontSize":12,"color":"#FFD60A","marginRight":8}},{"id":"root_c1_c3_c1","component":"Text","text":"例题：利用夹逼准则求极限","styles":{"fontSize":13,"color":"#FFFFFF","flex":1}},{"id":"root_c1_c3","component":"Row","styles":{"paddingLeft":16,"paddingRight":16,"paddingTop":4,"paddingBottom":4,"alignItems":"center"},"children":["root_c1_c3_c0","root_c1_c3_c1"]},{"id":"root_c1","component":"Column","styles":{"paddingLeft":4,"paddingRight":4,"paddingTop":4,"paddingBottom":8},"children":["root_c1_c0","root_c1_c1","root_c1_c2","root_c1_c3"]},{"id":"root_c2_c0_c0","component":"Text","text":"微积分","styles":{"fontSize":11,"color":"#FFFFFF"}},{"id":"root_c2_c0","component":"Container","styles":{"height":26,"borderRadius":13,"backgroundColor":"rgba(255,255,255,0.15)","alignItems":"center","justifyContent":"center","paddingLeft":12,"paddingRight":12,"marginRight":6},"children":["root_c2_c0_c0"]},{"id":"root_c2_c1_c0","component":"Text","text":"极限","styles":{"fontSize":11,"color":"#FFFFFF"}},{"id":"root_c2_c1","component":"Container","styles":{"height":26,"borderRadius":13,"backgroundColor":"rgba(255,255,255,0.15)","alignItems":"center","justifyContent":"center","paddingLeft":12,"paddingRight":12,"marginRight":6},"children":["root_c2_c1_c0"]},{"id":"root_c2_c2_c0","component":"Text","text":"连续","styles":{"fontSize":11,"color":"#FFFFFF"}},{"id":"root_c2_c2","component":"Container","styles":{"height":26,"borderRadius":13,"backgroundColor":"rgba(255,255,255,0.15)","alignItems":"center","justifyContent":"center","paddingLeft":12,"paddingRight":12},"children":["root_c2_c2_c0"]},{"id":"root_c2","component":"Row","style
08-27 12:48:41.799 D/SurfaceManager(29018): 12:48:41.798 [createSurface@404] ✓ Surface created: widget_-1_1787806121764
08-27 12:48:41.799 D/stream_assembling_end(29018): [PERF] 12:48:41.799 [processDataAssembling@57] 
08-27 12:48:41.800 D/stream_assembling_begin(29018): [PERF] 12:48:41.800 [processDataAssembling@43] 
08-27 12:48:41.801 D/AGenUI  (29018): 12:48:41.800 [processDataAssembling@44] {"version":"v0.9","updateDataModel":{"surfaceId":"widget_-1_1787806121764","value":{"courseName":"高等数学","points":["极限的 ε-δ 定义与几何意义","连续函数的三大性质","中值定理的推导与应用","例题：利用夹逼准则求极限"],"tags":["微积分","极限","连续"],"timestamp":"2026-08-27T10:30:00"}}}
08-27 12:48:41.804 D/AGenUI  (29018): 12:48:41.803 [updateComponents@209] none template: Text
08-27 12:48:41.805 D/AGenUI  (29018): 12:48:41.805 [updateComponents@209] none template: Container
08-27 12:48:41.806 D/AGenUI  (29018): 12:48:41.806 [updateComponents@209] none template: Text
08-27 12:48:41.807 D/AGenUI  (29018): 12:48:41.806 [updateComponents@209] none template: Text
08-27 12:48:41.808 D/AGenUI  (29018): 12:48:41.807 [updateComponents@209] none template: Column
08-27 12:48:41.809 D/AGenUI  (29018): 12:48:41.808 [updateComponents@209] none template: Row
08-27 12:48:41.810 D/AGenUI  (29018): 12:48:41.809 [updateComponents@209] none template: Text
08-27 12:48:41.811 D/AGenUI  (29018): 12:48:41.810 [updateComponents@209] none template: Text
08-27 12:48:41.812 D/AGenUI  (29018): 12:48:41.811 [updateComponents@209] none template: Row
08-27 12:48:41.813 D/AGenUI  (29018): 12:48:41.812 [updateComponents@209] none template: Text
08-27 12:48:41.814 D/AGenUI  (29018): 12:48:41.813 [updateComponents@209] none template: Text
08-27 12:48:41.815 D/AGenUI  (29018): 12:48:41.814 [updateComponents@209] none template: Row
08-27 12:48:41.816 D/AGenUI  (29018): 12:48:41.815 [updateComponents@209] none template: Text
08-27 12:48:41.818 D/AGenUI  (29018): 12:48:41.817 [updateComponents@209] none template: Text
08-27 12:48:41.819 D/AGenUI  (29018): 12:48:41.818 [updateComponents@209] none template: Row
08-27 12:48:41.820 D/AGenUI  (29018): 12:48:41.819 [updateComponents@209] none template: Text
08-27 12:48:41.820 D/AGenUI  (29018): 12:48:41.820 [updateComponents@209] none template: Text
08-27 12:48:41.821 D/AGenUI  (29018): 12:48:41.821 [updateComponents@209] none template: Row
08-27 12:48:41.822 D/AGenUI  (29018): 12:48:41.821 [updateComponents@209] none template: Column
08-27 12:48:41.823 D/AGenUI  (29018): 12:48:41.822 [updateComponents@209] none template: Text
08-27 12:48:41.824 D/AGenUI  (29018): 12:48:41.823 [updateComponents@209] none template: Container
08-27 12:48:41.824 D/AGenUI  (29018): 12:48:41.824 [updateComponents@209] none template: Text
08-27 12:48:41.825 D/AGenUI  (29018): 12:48:41.825 [updateComponents@209] none template: Container
08-27 12:48:41.826 D/AGenUI  (29018): 12:48:41.825 [updateComponents@209] none template: Text
08-27 12:48:41.827 D/AGenUI  (29018): 12:48:41.826 [updateComponents@209] none template: Container
08-27 12:48:41.827 D/AGenUI  (29018): 12:48:41.827 [updateComponents@209] none template: Row
08-27 12:48:41.828 D/AGenUI  (29018): 12:48:41.828 [updateComponents@209] none template: Text
08-27 12:48:41.829 D/AGenUI  (29018): 12:48:41.828 [updateComponents@209] none template: Container
08-27 12:48:41.829 D/AGenUI  (29018): 12:48:41.829 [updateComponents@209] none template: Text
08-27 12:48:41.830 D/AGenUI  (29018): 12:48:41.830 [updateComponents@209] none template: Container
08-27 12:48:41.831 D/AGenUI  (29018): 12:48:41.830 [updateComponents@209] none template: Row
08-27 12:48:41.832 D/AGenUI  (29018): 12:48:41.831 [updateComponents@209] none template: Column
08-27 12:48:41.832 D/AGenUI  (29018): 12:48:41.832 [updateComponents@209] none template: Card
08-27 12:48:41.850 D/AGenUI  (29018): 12:48:41.849 [setupMeasureFunctionIfNeeded@329] [setupMeasureFunc] id=root_c0_c0_c0_c0 comp=Text decision=Register
08-27 12:48:41.852 D/AGenUI  (29018): 12:48:41.852 [setupMeasureFunctionIfNeeded@329] [setupMeasureFunc] id=root_c0_c0_c1_c0 comp=Text decision=Register
08-27 12:48:41.854 D/AGenUI  (29018): 12:48:41.853 [setupMeasureFunctionIfNeeded@329] [setupMeasureFunc] id=root_c0_c0_c1_c1 comp=Text decision=Register
08-27 12:48:41.856 D/AGenUI  (29018): 12:48:41.856 [setupMeasureFunctionIfNeeded@329] [setupMeasureFunc] id=root_c1_c0_c0 comp=Text decision=Register
08-27 12:48:41.857 D/AGenUI  (29018): 12:48:41.857 [setupMeasureFunctionIfNeeded@329] [setupMeasureFunc] id=root_c1_c0_c1 comp=Text decision=Register
08-27 12:48:41.859 D/AGenUI  (29018): 12:48:41.859 [setupMeasureFunctionIfNeeded@329] [setupMeasureFunc] id=root_c1_c1_c0 comp=Text decision=Register
08-27 12:48:41.860 D/AGenUI  (29018): 12:48:41.860 [setupMeasureFunctionIfNeeded@329] [setupMeasureFunc] id=root_c1_c1_c1 comp=Text decision=Register
08-27 12:48:41.862 D/AGenUI  (29018): 12:48:41.861 [setupMeasureFunctionIfNeeded@329] [setupMeasureFunc] id=root_c1_c2_c0 comp=Text decision=Register
08-27 12:48:41.863 D/AGenUI  (29018): 12:48:41.862 [setupMeasureFunctionIfNeeded@329] [setupMeasureFunc] id=root_c1_c2_c1 comp=Text decision=Register
08-27 12:48:41.864 D/AGenUI  (29018): 12:48:41.864 [setupMeasureFunctionIfNeeded@329] [setupMeasureFunc] id=root_c1_c3_c0 comp=Text decision=Register
08-27 12:48:41.865 D/AGenUI  (29018): 12:48:41.865 [setupMeasureFunctionIfNeeded@329] [setupMeasureFunc] id=root_c1_c3_c1 comp=Text decision=Register
08-27 12:48:41.867 D/AGenUI  (29018): 12:48:41.867 [setupMeasureFunctionIfNeeded@329] [setupMeasureFunc] id=root_c2_c0_c0 comp=Text decision=Register
08-27 12:48:41.869 D/AGenUI  (29018): 12:48:41.868 [setupMeasureFunctionIfNeeded@329] [setupMeasureFunc] id=root_c2_c1_c0 comp=Text decision=Register
08-27 12:48:41.870 D/AGenUI  (29018): 12:48:41.870 [setupMeasureFunctionIfNeeded@329] [setupMeasureFunc] id=root_c2_c2_c0 comp=Text decision=Register
08-27 12:48:41.872 D/AGenUI  (29018): 12:48:41.872 [setupMeasureFunctionIfNeeded@329] [setupMeasureFunc] id=root_c3_c0_c0 comp=Text decision=Register
08-27 12:48:41.873 D/AGenUI  (29018): 12:48:41.873 [setupMeasureFunctionIfNeeded@329] [setupMeasureFunc] id=root_c3_c1_c0 comp=Text decision=Register
08-27 12:48:41.876 D/AGenUI  (29018): 12:48:41.876 [measure@193] [JNI] AndroidBridgeMeasurement.measure start: type=Text, paramJson={"component":"Text","id":"root_c0_c0_c1_c0","styles":{"background-color":"transparent","border-color":"#0000001A","border-radius":"0px","border-style":"solid","border-width":"0px","color":"#FFFFFF","filter":"none","font-family":"system","font-size":"28px","fontSize":16,"fontWeight":"bold","height":0.0,"line-clamp":1,"line-height":"40px","opacity":1,"text-align":"left","text-overflow":"ellipsis","visibility":"visible","width":0.0,"x":0.0,"y":0.0},"text":"高等数学","variant":"body"}, width={maxValue=200.000000, mode=2}, height={maxValue=nan, mode=0}
08-27 12:48:41.877 W/MeasurementBridge(29018): 12:48:41.877 [directMeasure@91] directMeasure start: type=Text, paramJson={"component":"Text","id":"root_c0_c0_c1_c0","styles":{"background-color":"transparent","border-color":"#0000001A","border-radius":"0px","border-style":"solid","border-width":"0px","color":"#FFFFFF","filter":"none","font-family":"system","font-size":"28px","fontSize":16,"fontWeight":"bold","height":0.0,"line-clamp":1,"line-height":"40px","opacity":1,"text-align":"left","text-overflow":"ellipsis","visibility":"visible","width":0.0,"x":0.0,"y":0.0},"text":"高等数学","variant":"body"}, maxWidth=200.0, widthMode=2, maxHeight=NaN, heightMode=0
08-27 12:48:41.880 W/MeasurementBridge(29018): 12:48:41.879 [directMeasure@108] directMeasure result: type=Text, result=MeasureResult{calcType=0, width=113.0, height=41.0, lineCount=1}
08-27 12:48:41.881 D/AGenUI  (29018): 12:48:41.880 [measure@235] [JNI] AndroidBridgeMeasurement.measure result: type=Text, result=MeasureResult{calcType=Sync, width=113.000000, height=41.000000, countOfLines=1}
08-27 12:48:41.883 D/AGenUI  (29018): 12:48:41.882 [measure@193] [JNI] AndroidBridgeMeasurement.measure start: type=Text, paramJson={"component":"Text","id":"root_c0_c0_c1_c1","styles":{"background-color":"transparent","border-color":"#0000001A","border-radius":"0px","border-style":"solid","border-width":"0px","color":"rgba(255,255,255,0.7)","filter":"none","font-family":"system","font-size":"28px","fontSize":12,"height":0.0,"line-clamp":1,"line-height":"40px","opacity":1,"text-align":"left","text-overflow":"ellipsis","visibility":"visible","width":0.0,"x":0.0,"y":0.0},"text":"第三章 · 2026-08-27 10:30","variant":"body"}, width={maxValue=200.000000, mode=2}, height={maxValue=nan, mode=0}
08-27 12:48:41.884 W/MeasurementBridge(29018): 12:48:41.884 [directMeasure@91] directMeasure start: type=Text, paramJson={"component":"Text","id":"root_c0_c0_c1_c1","styles":{"background-color":"transparent","border-color":"#0000001A","border-radius":"0px","border-style":"solid","border-width":"0px","color":"rgba(255,255,255,0.7)","filter":"none","font-family":"system","font-size":"28px","fontSize":12,"height":0.0,"line-clamp":1,"line-height":"40px","opacity":1,"text-align":"left","text-overflow":"ellipsis","visibility":"visible","width":0.0,"x":0.0,"y":0.0},"text":"第三章 · 2026-08-27 10:30","variant":"body"}, maxWidth=200.0, widthMode=2, maxHeight=NaN, heightMode=0
08-27 12:48:41.887 W/MeasurementBridge(29018): 12:48:41.886 [directMeasure@108] directMeasure result: type=Text, result=MeasureResult{calcType=0, width=201.0, height=41.0, lineCount=1}
08-27 12:48:41.887 D/AGenUI  (29018): 12:48:41.887 [measure@235] [JNI] AndroidBridgeMeasurement.measure result: type=Text, result=MeasureResult{calcType=Sync, width=201.000000, height=41.000000, countOfLines=1}
08-27 12:48:41.888 D/AGenUI  (29018): 12:48:41.888 [measure@193] [JNI] AndroidBridgeMeasurement.measure start: type=Text, paramJson={"component":"Text","id":"root_c0_c0_c1_c0","styles":{"background-color":"transparent","border-color":"#0000001A","border-radius":"0px","border-style":"solid","border-width":"0px","color":"#FFFFFF","filter":"none","font-family":"system","font-size":"28px","fontSize":16,"fontWeight":"bold","height":0.0,"line-clamp":1,"line-height":"40px","lines":1,"opacity":1,"text-align":"left","text-overflow":"ellipsis","visibility":"visible","width":0.0,"x":0.0,"y":0.0},"text":"高等数学","variant":"body"}, width={maxValue=166.804977, mode=1}, height={maxValue=nan, mode=0}
08-27 12:48:41.889 W/MeasurementBridge(29018): 12:48:41.888 [directMeasure@91] directMeasure start: type=Text, paramJson={"component":"Text","id":"root_c0_c0_c1_c0","styles":{"background-color":"transparent","border-color":"#0000001A","border-radius":"0px","border-style":"solid","border-width":"0px","color":"#FFFFFF","filter":"none","font-family":"system","font-size":"28px","fontSize":16,"fontWeight":"bold","height":0.0,"line-clamp":1,"line-height":"40px","lines":1,"opacity":1,"text-align":"left","text-overflow":"ellipsis","visibility":"visible","width":0.0,"x":0.0,"y":0.0},"text":"高等数学","variant":"body"}, maxWidth=166.80498, widthMode=1, maxHeight=NaN, heightMode=0
08-27 12:48:41.891 W/MeasurementBridge(29018): 12:48:41.890 [directMeasure@108] directMeasure result: type=Text, result=MeasureResult{calcType=0, width=168.0, height=41.0, lineCount=1}
08-27 12:48:41.891 D/AGenUI  (29018): 12:48:41.891 [measure@235] [JNI] AndroidBridgeMeasurement.measure result: type=Text, result=MeasureResult{calcType=Sync, width=168.000000, height=41.000000, countOfLines=1}
08-27 12:48:41.893 D/AGenUI  (29018): 12:48:41.892 [measure@193] [JNI] AndroidBridgeMeasurement.measure start: type=Text, paramJson={"component":"Text","id":"root_c0_c0_c1_c1","styles":{"background-color":"transparent","border-color":"#0000001A","border-radius":"0px","border-style":"solid","border-width":"0px","color":"rgba(255,255,255,0.7)","filter":"none","font-family":"system","font-size":"28px","fontSize":12,"height":0.0,"line-clamp":1,"line-height":"40px","lines":1,"opacity":1,"text-align":"left","text-overflow":"ellipsis","visibility":"visible","width":0.0,"x":0.0,"y":0.0},"text":"第三章 · 2026-08-27 10:30","variant":"body"}, width={maxValue=166.804977, mode=1}, height={maxValue=nan, mode=0}
08-27 12:48:41.894 W/MeasurementBridge(29018): 12:48:41.893 [directMeasure@91] directMeasure start: type=Text, paramJson={"component":"Text","id":"root_c0_c0_c1_c1","styles":{"background-color":"transparent","border-color":"#0000001A","border-radius":"0px","border-style":"solid","border-width":"0px","color":"rgba(255,255,255,0.7)","filter":"none","font-family":"system","font-size":"28px","fontSize":12,"height":0.0,"line-clamp":1,"line-height":"40px","lines":1,"opacity":1,"text-align":"left","text-overflow":"ellipsis","visibility":"visible","width":0.0,"x":0.0,"y":0.0},"text":"第三章 · 2026-08-27 10:30","variant":"body"}, maxWidth=166.80498, widthMode=1, maxHeight=NaN, heightMode=0
08-27 12:48:41.896 W/MeasurementBridge(29018): 12:48:41.896 [directMeasure@108] directMeasure result: type=Text, result=MeasureResult{calcType=0, width=168.0, height=41.0, lineCount=1}
08-27 12:48:41.897 D/AGenUI  (29018): 12:48:41.896 [measure@235] [JNI] AndroidBridgeMeasurement.measure result: type=Text, result=MeasureResult{calcType=Sync, width=168.000000, height=41.000000, countOfLines=1}
08-27 12:48:41.898 D/AGenUI  (29018): 12:48:41.897 [measure@193] [JNI] AndroidBridgeMeasurement.measure start: type=Text, paramJson={"component":"Text","id":"root_c1_c0_c0","styles":{"background-color":"transparent","border-color":"#0000001A","border-radius":"0px","border-style":"solid","border-width":"0px","color":"#FFD60A","filter":"none","font-family":"system","font-size":"28px","fontSize":12,"height":0.0,"line-clamp":1,"line-height":"40px","marginRight":8,"opacity":1,"text-align":"left","text-overflow":"ellipsis","visibility":"visible","width":0.0,"x":0.0,"y":0.0},"text":"●","variant":"body"}, width={maxValue=200.000000, mode=2}, height={maxValue=nan, mode=0}
08-27 12:48:41.898 W/MeasurementBridge(29018): 12:48:41.898 [directMeasure@91] directMeasure start: type=Text, paramJson={"component":"Text","id":"root_c1_c0_c0","styles":{"background-color":"transparent","border-color":"#0000001A","border-radius":"0px","border-style":"solid","border-width":"0px","color":"#FFD60A","filter":"none","font-family":"system","font-size":"28px","fontSize":12,"height":0.0,"line-clamp":1,"line-height":"40px","marginRight":8,"opacity":1,"text-align":"left","text-overflow":"ellipsis","visibility":"visible","width":0.0,"x":0.0,"y":0.0},"text":"●","variant":"body"}, maxWidth=200.0, widthMode=2, maxHeight=NaN, heightMode=0
08-27 12:48:41.901 W/MeasurementBridge(29018): 12:48:41.900 [directMeasure@108] directMeasure result: type=Text, result=MeasureResult{calcType=0, width=29.0, height=41.0, lineCount=1}
08-27 12:48:41.901 D/AGenUI  (29018): 12:48:41.901 [measure@235] [JNI] AndroidBridgeMeasurement.measure result: type=Text, result=MeasureResult{calcType=Sync, width=29.000000, height=41.000000, countOfLines=1}
08-27 12:48:41.902 D/AGenUI  (29018): 12:48:41.902 [measure@193] [JNI] AndroidBridgeMeasurement.measure start: type=Text, paramJson={"component":"Text","id":"root_c1_c0_c1","styles":{"background-color":"transparent","border-color":"#0000001A","border-radius":"0px","border-style":"solid","border-width":"0px","color":"#FFFFFF","filter":"none","flex":1,"font-family":"system","font-size":"28px","fontSize":13,"height":0.0,"line-clamp":1,"line-height":"40px","opacity":1,"text-align":"left","text-overflow":"ellipsis","visibility":"visible","width":0.0,"x":0.0,"y":0.0},"text":"极限的 ε-δ 定义与几何意义","variant":"body"}, width={maxValue=200.000000, mode=2}, height={maxValue=nan, mode=0}
08-27 12:48:41.903 W/MeasurementBridge(29018): 12:48:41.903 [directMeasure@91] directMeasure start: type=Text, paramJson={"component":"Text","id":"root_c1_c0_c1","styles":{"background-color":"transparent","border-color":"#0000001A","border-radius":"0px","border-style":"solid","border-width":"0px","color":"#FFFFFF","filter":"none","flex":1,"font-family":"system","font-size":"28px","fontSize":13,"height":0.0,"line-clamp":1,"line-height":"40px","opacity":1,"text-align":"left","text-overflow":"ellipsis","visibility":"visible","width":0.0,"x":0.0,"y":0.0},"text":"极限的 ε-δ 定义与几何意义","variant":"body"}, maxWidth=200.0, widthMode=2, maxHeight=NaN, heightMode=0
08-27 12:48:41.905 W/MeasurementBridge(29018): 12:48:41.905 [directMeasure@108] directMeasure result: type=Text, result=MeasureResult{calcType=0, width=201.0, height=41.0, lineCount=1}
08-27 12:48:41.906 D/AGenUI  (29018): 12:48:41.906 [measure@235] [JNI] AndroidBridgeMeasurement.measure result: type=Text, result=MeasureResult{calcType=Sync, width=201.000000, height=41.000000, countOfLines=1}
08-27 12:48:41.907 D/AGenUI  (29018): 12:48:41.907 [measure@193] [JNI] AndroidBridgeMeasurement.measure start: type=Text, paramJson={"component":"Text","id":"root_c1_c0_c0","styles":{"background-color":"transparent","border-color":"#0000001A","border-radius":"0px","border-style":"solid","border-width":"0px","color":"#FFD60A","filter":"none","font-family":"system","font-size":"28px","fontSize":12,"height":0.0,"line-clamp":1,"line-height":"40px","lines":1,"marginRight":8,"opacity":1,"text-align":"left","text-overflow":"ellipsis","visibility":"visible","width":0.0,"x":0.0,"y":0.0},"text":"●","variant":"body"}, width={maxValue=25.217392, mode=1}, height={maxValue=nan, mode=0}
08-27 12:48:41.908 W/MeasurementBridge(29018): 12:48:41.907 [directMeasure@91] directMeasure start: type=Text, paramJson={"component":"Text","id":"root_c1_c0_c0","styles":{"background-color":"transparent","border-color":"#0000001A","border-radius":"0px","border-style":"solid","border-width":"0px","color":"#FFD60A","filter":"none","font-family":"system","font-size":"28px","fontSize":12,"height":0.0,"line-clamp":1,"line-height":"40px","lines":1,"marginRight":8,"opacity":1,"text-align":"left","text-overflow":"ellipsis","visibility":"visible","width":0.0,"x":0.0,"y":0.0},"text":"●","variant":"body"}, maxWidth=25.217392, widthMode=1, maxHeight=NaN, heightMode=0
08-27 12:48:41.910 W/MeasurementBridge(29018): 12:48:41.909 [directMeasure@108] directMeasure result: type=Text, result=MeasureResult{calcType=0, width=27.0, height=41.0, lineCount=1}
08-27 12:48:41.911 D/AGenUI  (29018): 12:48:41.910 [measure@235] [JNI] AndroidBridgeMeasurement.measure result: type=Text, result=MeasureResult{calcType=Sync, width=27.000000, height=41.000000, countOfLines=1}
08-27 12:48:41.912 D/AGenUI  (29018): 12:48:41.911 [measure@193] [JNI] AndroidBridgeMeasurement.measure start: type=Text, paramJson={"component":"Text","id":"root_c1_c0_c1","styles":{"background-color":"transparent","border-color":"#0000001A","border-radius":"0px","border-style":"solid","border-width":"0px","color":"#FFFFFF","filter":"none","flex":1,"font-family":"system","font-size":"28px","fontSize":13,"height":0.0,"line-clamp":1,"line-height":"40px","lines":1,"opacity":1,"text-align":"left","text-overflow":"ellipsis","visibility":"visible","width":0.0,"x":0.0,"y":0.0},"text":"极限的 ε-δ 定义与几何意义","variant":"body"}, width={maxValue=174.782608, mode=1}, height={maxValue=nan, mode=0}
08-27 12:48:41.912 W/MeasurementBridge(29018): 12:48:41.912 [directMeasure@91] directMeasure start: type=Text, paramJson={"component":"Text","id":"root_c1_c0_c1","styles":{"background-color":"transparent","border-color":"#0000001A","border-radius":"0px","border-style":"solid","border-width":"0px","color":"#FFFFFF","filter":"none","flex":1,"font-family":"system","font-size":"28px","fontSize":13,"height":0.0,"line-clamp":1,"line-height":"40px","lines":1,"opacity":1,"text-align":"left","text-overflow":"ellipsis","visibility":"visible","width":0.0,"x":0.0,"y":0.0},"text":"极限的 ε-δ 定义与几何意义","variant":"body"}, maxWidth=174.78261, widthMode=1, maxHeight=NaN, heightMode=0
08-27 12:48:41.915 W/MeasurementBridge(29018): 12:48:41.914 [directMeasure@108] directMeasure result: type=Text, result=MeasureResult{calcType=0, width=176.0, height=41.0, lineCount=1}
08-27 12:48:41.916 D/AGenUI  (29018): 12:48:41.915 [measure@235] [JNI] AndroidBridgeMeasurement.measure result: type=Text, result=MeasureResult{calcType=Sync, width=176.000000, height=41.000000, countOfLines=1}
08-27 12:48:41.917 D/AGenUI  (29018): 12:48:41.917 [measure@193] [JNI] AndroidBridgeMeasurement.measure start: type=Text, paramJson={"component":"Text","id":"root_c1_c1_c0","styles":{"background-color":"transparent","border-color":"#0000001A","border-radius":"0px","border-style":"solid","border-width":"0px","color":"#FFD60A","filter":"none","font-family":"system","font-size":"28px","fontSize":12,"height":0.0,"line-clamp":1,"line-height":"40px","marginRight":8,"opacity":1,"text-align":"left","text-overflow":"ellipsis","visibility":"visible","width":0.0,"x":0.0,"y":0.0},"text":"●","variant":"body"}, width={maxValue=200.000000, mode=2}, height={maxValue=nan, mode=0}
08-27 12:48:41.918 W/MeasurementBridge(29018): 12:48:41.918 [directMeasure@91] directMeasure start: type=Text, paramJson={"component":"Text","id":"root_c1_c1_c0","styles":{"background-color":"transparent","border-color":"#0000001A","border-radius":"0px","border-style":"solid","border-width":"0px","color":"#FFD60A","filter":"none","font-family":"system","font-size":"28px","fontSize":12,"height":0.0,"line-clamp":1,"line-height":"40px","marginRight":8,"opacity":1,"text-align":"left","text-overflow":"ellipsis","visibility":"visible","width":0.0,"x":0.0,"y":0.0},"text":"●","variant":"body"}, maxWidth=200.0, widthMode=2, maxHeight=NaN, heightMode=0
08-27 12:48:41.920 W/MeasurementBridge(29018): 12:48:41.920 [directMeasure@108] directMeasure result: type=Text, result=MeasureResult{calcType=0, width=29.0, height=41.0, lineCount=1}
08-27 12:48:41.921 D/AGenUI  (29018): 12:48:41.920 [measure@235] [JNI] AndroidBridgeMeasurement.measure result: type=Text, result=MeasureResult{calcType=Sync, width=29.000000, height=41.000000, countOfLines=1}
08-27 12:48:41.923 D/AGenUI  (29018): 12:48:41.922 [measure@193] [JNI] AndroidBridgeMeasurement.measure start: type=Text, paramJson={"component":"Text","id":"root_c1_c1_c1","styles":{"background-color":"transparent","border-color":"#0000001A","border-radius":"0px","border-style":"solid","border-width":"0px","color":"#FFFFFF","filter":"none","flex":1,"font-family":"system","font-size":"28px","fontSize":13,"height":0.0,"line-clamp":1,"line-height":"40px","opacity":1,"text-align":"left","text-overflow":"ellipsis","visibility":"visible","width":0.0,"x":0.0,"y":0.0},"text":"连续函数的三大性质","variant":"body"}, width={maxValue=200.000000, mode=2}, height={maxValue=nan, mode=0}
08-27 12:48:41.924 W/MeasurementBridge(29018): 12:48:41.923 [directMeasure@91] directMeasure start: type=Text, paramJson={"component":"Text","id":"root_c1_c1_c1","styles":{"background-color":"transparent","border-color":"#0000001A","border-radius":"0px","border-style":"solid","border-width":"0px","color":"#FFFFFF","filter":"none","flex":1,"font-family":"system","font-size":"28px","fontSize":13,"height":0.0,"line-clamp":1,"line-height":"40px","opacity":1,"text-align":"left","text-overflow":"ellipsis","visibility":"visible","width":0.0,"x":0.0,"y":0.0},"text":"连续函数的三大性质","variant":"body"}, maxWidth=200.0, widthMode=2, maxHeight=NaN, heightMode=0
08-27 12:48:41.930 W/MeasurementBridge(29018): 12:48:41.929 [directMeasure@108] directMeasure result: type=Text, result=MeasureResult{calcType=0, width=201.0, height=41.0, lineCount=1}
08-27 12:48:41.931 D/AGenUI  (29018): 12:48:41.931 [measure@235] [JNI] AndroidBridgeMeasurement.measure result: type=Text, result=MeasureResult{calcType=Sync, width=201.000000, height=41.000000, countOfLines=1}
08-27 12:48:41.933 D/AGenUI  (29018): 12:48:41.932 [measure@193] [JNI] AndroidBridgeMeasurement.measure start: type=Text, paramJson={"component":"Text","id":"root_c1_c1_c0","styles":{"background-color":"transparent","border-color":"#0000001A","border-radius":"0px","border-style":"solid","border-width":"0px","color":"#FFD60A","filter":"none","font-family":"system","font-size":"28px","fontSize":12,"height":0.0,"line-clamp":1,"line-height":"40px","lines":1,"marginRight":8,"opacity":1,"text-align":"left","text-overflow":"ellipsis","visibility":"visible","width":0.0,"x":0.0,"y":0.0},"text":"●","variant":"body"}, width={maxValue=25.217392, mode=1}, height={maxValue=nan, mode=0}
08-27 12:48:41.934 W/MeasurementBridge(29018): 12:48:41.933 [directMeasure@91] directMeasure start: type=Text, paramJson={"component":"Text","id":"root_c1_c1_c0","styles":{"background-color":"transparent","border-color":"#0000001A","border-radius":"0px","border-style":"solid","border-width":"0px","color":"#FFD60A","filter":"none","font-family":"system","font-size":"28px","fontSize":12,"height":0.0,"line-clamp":1,"line-height":"40px","lines":1,"marginRight":8,"opacity":1,"text-align":"left","text-overflow":"ellipsis","visibility":"visible","width":0.0,"x":0.0,"y":0.0},"text":"●","variant":"body"}, maxWidth=25.217392, widthMode=1, maxHeight=NaN, heightMode=0
08-27 12:48:41.936 W/MeasurementBridge(29018): 12:48:41.935 [directMeasure@108] directMeasure result: type=Text, result=MeasureResult{calcType=0, width=27.0, height=41.0, lineCount=1}
08-27 12:48:41.937 D/AGenUI  (29018): 12:48:41.936 [measure@235] [JNI] AndroidBridgeMeasurement.measure result: type=Text, result=MeasureResult{calcType=Sync, width=27.000000, height=41.000000, countOfLines=1}
08-27 12:48:41.938 D/AGenUI  (29018): 12:48:41.938 [measure@193] [JNI] AndroidBridgeMeasurement.measure start: type=Text, paramJson={"component":"Text","id":"root_c1_c1_c1","styles":{"background-color":"transparent","border-color":"#0000001A","border-radius":"0px","border-style":"solid","border-width":"0px","color":"#FFFFFF","filter":"none","flex":1,"font-family":"system","font-size":"28px","fontSize":13,"height":0.0,"line-clamp":1,"line-height":"40px","lines":1,"opacity":1,"text-align":"left","text-overflow":"ellipsis","visibility":"visible","width":0.0,"x":0.0,"y":0.0},"text":"连续函数的三大性质","variant":"body"}, width={maxValue=174.782608, mode=1}, height={maxValue=nan, mode=0}
08-27 12:48:41.939 W/MeasurementBridge(29018): 12:48:41.939 [directMeasure@91] directMeasure start: type=Text, paramJson={"component":"Text","id":"root_c1_c1_c1","styles":{"background-color":"transparent","border-color":"#0000001A","border-radius":"0px","border-style":"solid","border-width":"0px","color":"#FFFFFF","filter":"none","flex":1,"font-family":"system","font-size":"28px","fontSize":13,"height":0.0,"line-clamp":1,"line-height":"40px","lines":1,"opacity":1,"text-align":"left","text-overflow":"ellipsis","visibility":"visible","width":0.0,"x":0.0,"y":0.0},"text":"连续函数的三大性质","variant":"body"}, maxWidth=174.78261, widthMode=1, maxHeight=NaN, heightMode=0
08-27 12:48:41.942 W/MeasurementBridge(29018): 12:48:41.941 [directMeasure@108] directMeasure result: type=Text, result=MeasureResult{calcType=0, width=176.0, height=41.0, lineCount=1}
08-27 12:48:41.943 D/AGenUI  (29018): 12:48:41.942 [measure@235] [JNI] AndroidBridgeMeasurement.measure result: type=Text, result=MeasureResult{calcType=Sync, width=176.000000, height=41.000000, countOfLines=1}
08-27 12:48:41.944 D/AGenUI  (29018): 12:48:41.943 [measure@193] [JNI] AndroidBridgeMeasurement.measure start: type=Text, paramJson={"component":"Text","id":"root_c1_c2_c0","styles":{"background-color":"transparent","border-color":"#0000001A","border-radius":"0px","border-style":"solid","border-width":"0px","color":"#FFD60A","filter":"none","font-family":"system","font-size":"28px","fontSize":12,"height":0.0,"line-clamp":1,"line-height":"40px","marginRight":8,"opacity":1,"text-align":"left","text-overflow":"ellipsis","visibility":"visible","width":0.0,"x":0.0,"y":0.0},"text":"●","variant":"body"}, width={maxValue=200.000000, mode=2}, height={maxValue=nan, mode=0}
08-27 12:48:41.945 W/MeasurementBridge(29018): 12:48:41.944 [directMeasure@91] directMeasure start: type=Text, paramJson={"component":"Text","id":"root_c1_c2_c0","styles":{"background-color":"transparent","border-color":"#0000001A","border-radius":"0px","border-style":"solid","border-width":"0px","color":"#FFD60A","filter":"none","font-family":"system","font-size":"28px","fontSize":12,"height":0.0,"line-clamp":1,"line-height":"40px","marginRight":8,"opacity":1,"text-align":"left","text-overflow":"ellipsis","visibility":"visible","width":0.0,"x":0.0,"y":0.0},"text":"●","variant":"body"}, maxWidth=200.0, widthMode=2, maxHeight=NaN, heightMode=0
08-27 12:48:41.947 W/MeasurementBridge(29018): 12:48:41.947 [directMeasure@108] directMeasure result: type=Text, result=MeasureResult{calcType=0, width=29.0, height=41.0, lineCount=1}
08-27 12:48:41.949 D/AGenUI  (29018): 12:48:41.948 [measure@235] [JNI] AndroidBridgeMeasurement.measure result: type=Text, result=MeasureResult{calcType=Sync, width=29.000000, height=41.000000, countOfLines=1}
08-27 12:48:41.950 D/AGenUI  (29018): 12:48:41.950 [measure@193] [JNI] AndroidBridgeMeasurement.measure start: type=Text, paramJson={"component":"Text","id":"root_c1_c2_c1","styles":{"background-color":"transparent","border-color":"#0000001A","border-radius":"0px","border-style":"solid","border-width":"0px","color":"#FFFFFF","filter":"none","flex":1,"font-family":"system","font-size":"28px","fontSize":13,"height":0.0,"line-clamp":1,"line-height":"40px","opacity":1,"text-align":"left","text-overflow":"ellipsis","visibility":"visible","width":0.0,"x":0.0,"y":0.0},"text":"中值定理的推导与应用","variant":"body"}, width={maxValue=200.000000, mode=2}, height={maxValue=nan, mode=0}
08-27 12:48:41.951 W/MeasurementBridge(29018): 12:48:41.951 [directMeasure@91] directMeasure start: type=Text, paramJson={"component":"Text","id":"root_c1_c2_c1","styles":{"background-color":"transparent","border-color":"#0000001A","border-radius":"0px","border-style":"solid","border-width":"0px","color":"#FFFFFF","filter":"none","flex":1,"font-family":"system","font-size":"28px","fontSize":13,"height":0.0,"line-clamp":1,"line-height":"40px","opacity":1,"text-align":"left","text-overflow":"ellipsis","visibility":"visible","width":0.0,"x":0.0,"y":0.0},"text":"中值定理的推导与应用","variant":"body"}, maxWidth=200.0, widthMode=2, maxHeight=NaN, heightMode=0
08-27 12:48:41.954 W/MeasurementBridge(29018): 12:48:41.953 [directMeasure@108] directMeasure result: type=Text, result=MeasureResult{calcType=0, width=201.0, height=41.0, lineCount=1}
08-27 12:48:41.955 D/AGenUI  (29018): 12:48:41.954 [measure@235] [JNI] AndroidBridgeMeasurement.measure result: type=Text, result=MeasureResult{calcType=Sync, width=201.000000, height=41.000000, countOfLines=1}
08-27 12:48:41.956 D/AGenUI  (29018): 12:48:41.955 [measure@193] [JNI] AndroidBridgeMeasurement.measure start: type=Text, paramJson={"component":"Text","id":"root_c1_c2_c0","styles":{"background-color":"transparent","border-color":"#0000001A","border-radius":"0px","border-style":"solid","border-width":"0px","color":"#FFD60A","filter":"none","font-family":"system","font-size":"28px","fontSize":12,"height":0.0,"line-clamp":1,"line-height":"40px","lines":1,"marginRight":8,"opacity":1,"text-align":"left","text-overflow":"ellipsis","visibility":"visible","width":0.0,"x":0.0,"y":0.0},"text":"●","variant":"body"}, width={maxValue=25.217392, mode=1}, height={maxValue=nan, mode=0}
08-27 12:48:41.956 W/MeasurementBridge(29018): 12:48:41.956 [directMeasure@91] directMeasure start: type=Text, paramJson={"component":"Text","id":"root_c1_c2_c0","styles":{"background-color":"transparent","border-color":"#0000001A","border-radius":"0px","border-style":"solid","border-width":"0px","color":"#FFD60A","filter":"none","font-family":"system","font-size":"28px","fontSize":12,"height":0.0,"line-clamp":1,"line-height":"40px","lines":1,"marginRight":8,"opacity":1,"text-align":"left","text-overflow":"ellipsis","visibility":"visible","width":0.0,"x":0.0,"y":0.0},"text":"●","variant":"body"}, maxWidth=25.217392, widthMode=1, maxHeight=NaN, heightMode=0
08-27 12:48:41.958 W/MeasurementBridge(29018): 12:48:41.958 [directMeasure@108] directMeasure result: type=Text, result=MeasureResult{calcType=0, width=27.0, height=41.0, lineCount=1}
08-27 12:48:41.959 D/AGenUI  (29018): 12:48:41.959 [measure@235] [JNI] AndroidBridgeMeasurement.measure result: type=Text, result=MeasureResult{calcType=Sync, width=27.000000, height=41.000000, countOfLines=1}
08-27 12:48:41.960 D/AGenUI  (29018): 12:48:41.960 [measure@193] [JNI] AndroidBridgeMeasurement.measure start: type=Text, paramJson={"component":"Text","id":"root_c1_c2_c1","styles":{"background-color":"transparent","border-color":"#0000001A","border-radius":"0px","border-style":"solid","border-width":"0px","color":"#FFFFFF","filter":"none","flex":1,"font-family":"system","font-size":"28px","fontSize":13,"height":0.0,"line-clamp":1,"line-height":"40px","lines":1,"opacity":1,"text-align":"left","text-overflow":"ellipsis","visibility":"visible","width":0.0,"x":0.0,"y":0.0},"text":"中值定理的推导与应用","variant":"body"}, width={maxValue=174.782608, mode=1}, height={maxValue=nan, mode=0}
08-27 12:48:41.961 W/MeasurementBridge(29018): 12:48:41.960 [directMeasure@91] directMeasure start: type=Text, paramJson={"component":"Text","id":"root_c1_c2_c1","styles":{"background-color":"transparent","border-color":"#0000001A","border-radius":"0px","border-style":"solid","border-width":"0px","color":"#FFFFFF","filter":"none","flex":1,"font-family":"system","font-size":"28px","fontSize":13,"height":0.0,"line-clamp":1,"line-height":"40px","lines":1,"opacity":1,"text-align":"left","text-overflow":"ellipsis","visibility":"visible","width":0.0,"x":0.0,"y":0.0},"text":"中值定理的推导与应用","variant":"body"}, maxWidth=174.78261, widthMode=1, maxHeight=NaN, heightMode=0
08-27 12:48:41.963 W/MeasurementBridge(29018): 12:48:41.962 [directMeasure@108] directMeasure result: type=Text, result=MeasureResult{calcType=0, width=176.0, height=41.0, lineCount=1}
08-27 12:48:41.964 D/AGenUI  (29018): 12:48:41.963 [measure@235] [JNI] AndroidBridgeMeasurement.measure result: type=Text, result=MeasureResult{calcType=Sync, width=176.000000, height=41.000000, countOfLines=1}
08-27 12:48:41.965 D/AGenUI  (29018): 12:48:41.964 [measure@193] [JNI] AndroidBridgeMeasurement.measure start: type=Text, paramJson={"component":"Text","id":"root_c1_c3_c0","styles":{"background-color":"transparent","border-color":"#0000001A","border-radius":"0px","border-style":"solid","border-width":"0px","color":"#FFD60A","filter":"none","font-family":"system","font-size":"28px","fontSize":12,"height":0.0,"line-clamp":1,"line-height":"40px","marginRight":8,"opacity":1,"text-align":"left","text-overflow":"ellipsis","visibility":"visible","width":0.0,"x":0.0,"y":0.0},"text":"●","variant":"body"}, width={maxValue=200.000000, mode=2}, height={maxValue=nan, mode=0}
08-27 12:48:41.965 W/MeasurementBridge(29018): 12:48:41.965 [directMeasure@91] directMeasure start: type=Text, paramJson={"component":"Text","id":"root_c1_c3_c0","styles":{"background-color":"transparent","border-color":"#0000001A","border-radius":"0px","border-style":"solid","border-width":"0px","color":"#FFD60A","filter":"none","font-family":"system","font-size":"28px","fontSize":12,"height":0.0,"line-clamp":1,"line-height":"40px","marginRight":8,"opacity":1,"text-align":"left","text-overflow":"ellipsis","visibility":"visible","width":0.0,"x":0.0,"y":0.0},"text":"●","variant":"body"}, maxWidth=200.0, widthMode=2, maxHeight=NaN, heightMode=0
08-27 12:48:41.968 W/MeasurementBridge(29018): 12:48:41.967 [directMeasure@108] directMeasure result: type=Text, result=MeasureResult{calcType=0, width=29.0, height=41.0, lineCount=1}
08-27 12:48:41.968 D/AGenUI  (29018): 12:48:41.968 [measure@235] [JNI] AndroidBridgeMeasurement.measure result: type=Text, result=MeasureResult{calcType=Sync, width=29.000000, height=41.000000, countOfLines=1}
08-27 12:48:41.969 D/AGenUI  (29018): 12:48:41.969 [measure@193] [JNI] AndroidBridgeMeasurement.measure start: type=Text, paramJson={"component":"Text","id":"root_c1_c3_c1","styles":{"background-color":"transparent","border-color":"#0000001A","border-radius":"0px","border-style":"solid","border-width":"0px","color":"#FFFFFF","filter":"none","flex":1,"font-family":"system","font-size":"28px","fontSize":13,"height":0.0,"line-clamp":1,"line-height":"40px","opacity":1,"text-align":"left","text-overflow":"ellipsis","visibility":"visible","width":0.0,"x":0.0,"y":0.0},"text":"例题：利用夹逼准则求极限","variant":"body"}, width={maxValue=200.000000, mode=2}, height={maxValue=nan, mode=0}
08-27 12:48:41.970 W/MeasurementBridge(29018): 12:48:41.969 [directMeasure@91] directMeasure start: type=Text, paramJson={"component":"Text","id":"root_c1_c3_c1","styles":{"background-color":"transparent","border-color":"#0000001A","border-radius":"0px","border-style":"solid","border-width":"0px","color":"#FFFFFF","filter":"none","flex":1,"font-family":"system","font-size":"28px","fontSize":13,"height":0.0,"line-clamp":1,"line-height":"40px","opacity":1,"text-align":"left","text-overflow":"ellipsis","visibility":"visible","width":0.0,"x":0.0,"y":0.0},"text":"例题：利用夹逼准则求极限","variant":"body"}, maxWidth=200.0, widthMode=2, maxHeight=NaN, heightMode=0
08-27 12:48:41.972 W/MeasurementBridge(29018): 12:48:41.972 [directMeasure@108] directMeasure result: type=Text, result=MeasureResult{calcType=0, width=201.0, height=41.0, lineCount=1}
08-27 12:48:41.973 D/AGenUI  (29018): 12:48:41.973 [measure@235] [JNI] AndroidBridgeMeasurement.measure result: type=Text, result=MeasureResult{calcType=Sync, width=201.000000, height=41.000000, countOfLines=1}
08-27 12:48:41.974 D/AGenUI  (29018): 12:48:41.973 [measure@193] [JNI] AndroidBridgeMeasurement.measure start: type=Text, paramJson={"component":"Text","id":"root_c1_c3_c0","styles":{"background-color":"transparent","border-color":"#0000001A","border-radius":"0px","border-style":"solid","border-width":"0px","color":"#FFD60A","filter":"none","font-family":"system","font-size":"28px","fontSize":12,"height":0.0,"line-clamp":1,"line-height":"40px","lines":1,"marginRight":8,"opacity":1,"text-align":"left","text-overflow":"ellipsis","visibility":"visible","width":0.0,"x":0.0,"y":0.0},"text":"●","variant":"body"}, width={maxValue=25.217392, mode=1}, height={maxValue=nan, mode=0}
08-27 12:48:41.975 W/MeasurementBridge(29018): 12:48:41.974 [directMeasure@91] directMeasure start: type=Text, paramJson={"component":"Text","id":"root_c1_c3_c0","styles":{"background-color":"transparent","border-color":"#0000001A","border-radius":"0px","border-style":"solid","border-width":"0px","color":"#FFD60A","filter":"none","font-family":"system","font-size":"28px","fontSize":12,"height":0.0,"line-clamp":1,"line-height":"40px","lines":1,"marginRight":8,"opacity":1,"text-align":"left","text-overflow":"ellipsis","visibility":"visible","width":0.0,"x":0.0,"y":0.0},"text":"●","variant":"body"}, maxWidth=25.217392, widthMode=1, maxHeight=NaN, heightMode=0
08-27 12:48:41.977 W/MeasurementBridge(29018): 12:48:41.976 [directMeasure@108] directMeasure result: type=Text, result=MeasureResult{calcType=0, width=27.0, height=41.0, lineCount=1}
08-27 12:48:41.977 D/AGenUI  (29018): 12:48:41.977 [measure@235] [JNI] AndroidBridgeMeasurement.measure result: type=Text, result=MeasureResult{calcType=Sync, width=27.000000, height=41.000000, countOfLines=1}
08-27 12:48:41.978 D/AGenUI  (29018): 12:48:41.978 [measure@193] [JNI] AndroidBridgeMeasurement.measure start: type=Text, paramJson={"component":"Text","id":"root_c1_c3_c1","styles":{"background-color":"transparent","border-color":"#0000001A","border-radius":"0px","border-style":"solid","border-width":"0px","color":"#FFFFFF","filter":"none","flex":1,"font-family":"system","font-size":"28px","fontSize":13,"height":0.0,"line-clamp":1,"line-height":"40px","lines":1,"opacity":1,"text-align":"left","text-overflow":"ellipsis","visibility":"visible","width":0.0,"x":0.0,"y":0.0},"text":"例题：利用夹逼准则求极限","variant":"body"}, width={maxValue=174.782608, mode=1}, height={maxValue=nan, mode=0}
08-27 12:48:41.979 W/MeasurementBridge(29018): 12:48:41.979 [directMeasure@91] directMeasure start: type=Text, paramJson={"component":"Text","id":"root_c1_c3_c1","styles":{"background-color":"transparent","border-color":"#0000001A","border-radius":"0px","border-style":"solid","border-width":"0px","color":"#FFFFFF","filter":"none","flex":1,"font-family":"system","font-size":"28px","fontSize":13,"height":0.0,"line-clamp":1,"line-height":"40px","lines":1,"opacity":1,"text-align":"left","text-overflow":"ellipsis","visibility":"visible","width":0.0,"x":0.0,"y":0.0},"text":"例题：利用夹逼准则求极限","variant":"body"}, maxWidth=174.78261, widthMode=1, maxHeight=NaN, heightMode=0
08-27 12:48:41.982 W/MeasurementBridge(29018): 12:48:41.981 [directMeasure@108] directMeasure result: type=Text, result=MeasureResult{calcType=0, width=176.0, height=41.0, lineCount=1}
08-27 12:48:41.983 D/AGenUI  (29018): 12:48:41.982 [measure@235] [JNI] AndroidBridgeMeasurement.measure result: type=Text, result=MeasureResult{calcType=Sync, width=176.000000, height=41.000000, countOfLines=1}
08-27 12:48:41.984 D/AGenUI  (29018): 12:48:41.984 [measure@193] [JNI] AndroidBridgeMeasurement.measure start: type=Text, paramJson={"component":"Text","id":"root_c2_c0_c0","styles":{"background-color":"transparent","border-color":"#0000001A","border-radius":"0px","border-style":"solid","border-width":"0px","color":"#FFFFFF","filter":"none","font-family":"system","font-size":"28px","fontSize":11,"height":0.0,"line-clamp":1,"line-height":"40px","opacity":1,"text-align":"left","text-overflow":"ellipsis","visibility":"visible","width":0.0,"x":0.0,"y":0.0},"text":"微积分","variant":"body"}, width={maxValue=200.000000, mode=2}, height={maxValue=26.000000, mode=2}
08-27 12:48:41.985 W/MeasurementBridge(29018): 12:48:41.984 [directMeasure@91] directMeasure start: type=Text, paramJson={"component":"Text","id":"root_c2_c0_c0","styles":{"background-color":"transparent","border-color":"#0000001A","border-radius":"0px","border-style":"solid","border-width":"0px","color":"#FFFFFF","filter":"none","font-family":"system","font-size":"28px","fontSize":11,"height":0.0,"line-clamp":1,"line-height":"40px","opacity":1,"text-align":"left","text-overflow":"ellipsis","visibility":"visible","width":0.0,"x":0.0,"y":0.0},"text":"微积分","variant":"body"}, maxWidth=200.0, widthMode=2, maxHeight=26.0, heightMode=2
08-27 12:48:41.987 W/MeasurementBridge(29018): 12:48:41.987 [directMeasure@108] directMeasure result: type=Text, result=MeasureResult{calcType=0, width=85.0, height=27.0, lineCount=1}
08-27 12:48:41.988 D/AGenUI  (29018): 12:48:41.987 [measure@235] [JNI] AndroidBridgeMeasurement.measure result: type=Text, result=MeasureResult{calcType=Sync, width=85.000000, height=27.000000, countOfLines=1}
08-27 12:48:41.989 D/AGenUI  (29018): 12:48:41.988 [measure@193] [JNI] AndroidBridgeMeasurement.measure start: type=Text, paramJson={"component":"Text","id":"root_c2_c0_c0","styles":{"background-color":"transparent","border-color":"#0000001A","border-radius":"0px","border-style":"solid","border-width":"0px","color":"#FFFFFF","filter":"none","font-family":"system","font-size":"28px","fontSize":11,"height":0.0,"line-clamp":1,"line-height":"40px","lines":1,"opacity":1,"text-align":"left","text-overflow":"ellipsis","visibility":"visible","width":0.0,"x":0.0,"y":0.0},"text":"微积分","variant":"body"}, width={maxValue=200.000000, mode=2}, height={maxValue=26.000000, mode=1}
08-27 12:48:41.990 W/MeasurementBridge(29018): 12:48:41.989 [directMeasure@91] directMeasure start: type=Text, paramJson={"component":"Text","id":"root_c2_c0_c0","styles":{"background-color":"transparent","border-color":"#0000001A","border-radius":"0px","border-style":"solid","border-width":"0px","color":"#FFFFFF","filter":"none","font-family":"system","font-size":"28px","fontSize":11,"height":0.0,"line-clamp":1,"line-height":"40px","lines":1,"opacity":1,"text-align":"left","text-overflow":"ellipsis","visibility":"visible","width":0.0,"x":0.0,"y":0.0},"text":"微积分","variant":"body"}, maxWidth=200.0, widthMode=2, maxHeight=26.0, heightMode=1
08-27 12:48:41.992 W/MeasurementBridge(29018): 12:48:41.991 [directMeasure@108] directMeasure result: type=Text, result=MeasureResult{calcType=0, width=85.0, height=27.0, lineCount=1}
08-27 12:48:41.992 D/AGenUI  (29018): 12:48:41.992 [measure@235] [JNI] AndroidBridgeMeasurement.measure result: type=Text, result=MeasureResult{calcType=Sync, width=85.000000, height=27.000000, countOfLines=1}
08-27 12:48:41.993 D/AGenUI  (29018): 12:48:41.993 [measure@193] [JNI] AndroidBridgeMeasurement.measure start: type=Text, paramJson={"component":"Text","id":"root_c2_c1_c0","styles":{"background-color":"transparent","border-color":"#0000001A","border-radius":"0px","border-style":"solid","border-width":"0px","color":"#FFFFFF","filter":"none","font-family":"system","font-size":"28px","fontSize":11,"height":0.0,"line-clamp":1,"line-height":"40px","opacity":1,"text-align":"left","text-overflow":"ellipsis","visibility":"visible","width":0.0,"x":0.0,"y":0.0},"text":"极限","variant":"body"}, width={maxValue=200.000000, mode=2}, height={maxValue=26.000000, mode=2}
08-27 12:48:41.994 W/MeasurementBridge(29018): 12:48:41.993 [directMeasure@91] directMeasure start: type=Text, paramJson={"component":"Text","id":"root_c2_c1_c0","styles":{"background-color":"transparent","border-color":"#0000001A","border-radius":"0px","border-style":"solid","border-width":"0px","color":"#FFFFFF","filter":"none","font-family":"system","font-size":"28px","fontSize":11,"height":0.0,"line-clamp":1,"line-height":"40px","opacity":1,"text-align":"left","text-overflow":"ellipsis","visibility":"visible","width":0.0,"x":0.0,"y":0.0},"text":"极限","variant":"body"}, maxWidth=200.0, widthMode=2, maxHeight=26.0, heightMode=2
08-27 12:48:41.996 W/MeasurementBridge(29018): 12:48:41.995 [directMeasure@108] directMeasure result: type=Text, result=MeasureResult{calcType=0, width=57.0, height=27.0, lineCount=1}
08-27 12:48:41.996 D/AGenUI  (29018): 12:48:41.996 [measure@235] [JNI] AndroidBridgeMeasurement.measure result: type=Text, result=MeasureResult{calcType=Sync, width=57.000000, height=27.000000, countOfLines=1}
08-27 12:48:41.997 D/AGenUI  (29018): 12:48:41.997 [measure@193] [JNI] AndroidBridgeMeasurement.measure start: type=Text, paramJson={"component":"Text","id":"root_c2_c1_c0","styles":{"background-color":"transparent","border-color":"#0000001A","border-radius":"0px","border-style":"solid","border-width":"0px","color":"#FFFFFF","filter":"none","font-family":"system","font-size":"28px","fontSize":11,"height":0.0,"line-clamp":1,"line-height":"40px","lines":1,"opacity":1,"text-align":"left","text-overflow":"ellipsis","visibility":"visible","width":0.0,"x":0.0,"y":0.0},"text":"极限","variant":"body"}, width={maxValue=200.000000, mode=2}, height={maxValue=26.000000, mode=1}
08-27 12:48:41.998 W/MeasurementBridge(29018): 12:48:41.998 [directMeasure@91] directMeasure start: type=Text, paramJson={"component":"Text","id":"root_c2_c1_c0","styles":{"background-color":"transparent","border-color":"#0000001A","border-radius":"0px","border-style":"solid","border-width":"0px","color":"#FFFFFF","filter":"none","font-family":"system","font-size":"28px","fontSize":11,"height":0.0,"line-clamp":1,"line-height":"40px","lines":1,"opacity":1,"text-align":"left","text-overflow":"ellipsis","visibility":"visible","width":0.0,"x":0.0,"y":0.0},"text":"极限","variant":"body"}, maxWidth=200.0, widthMode=2, maxHeight=26.0, heightMode=1
08-27 12:48:42.000 W/MeasurementBridge(29018): 12:48:42.000 [directMeasure@108] directMeasure result: type=Text, result=MeasureResult{calcType=0, width=57.0, height=27.0, lineCount=1}
08-27 12:48:42.001 D/AGenUI  (29018): 12:48:42.000 [measure@235] [JNI] AndroidBridgeMeasurement.measure result: type=Text, result=MeasureResult{calcType=Sync, width=57.000000, height=27.000000, countOfLines=1}
08-27 12:48:42.002 D/AGenUI  (29018): 12:48:42.001 [measure@193] [JNI] AndroidBridgeMeasurement.measure start: type=Text, paramJson={"component":"Text","id":"root_c2_c2_c0","styles":{"background-color":"transparent","border-color":"#0000001A","border-radius":"0px","border-style":"solid","border-width":"0px","color":"#FFFFFF","filter":"none","font-family":"system","font-size":"28px","fontSize":11,"height":0.0,"line-clamp":1,"line-height":"40px","opacity":1,"text-align":"left","text-overflow":"ellipsis","visibility":"visible","width":0.0,"x":0.0,"y":0.0},"text":"连续","variant":"body"}, width={maxValue=200.000000, mode=2}, height={maxValue=26.000000, mode=2}
08-27 12:48:42.003 W/MeasurementBridge(29018): 12:48:42.002 [directMeasure@91] directMeasure start: type=Text, paramJson={"component":"Text","id":"root_c2_c2_c0","styles":{"background-color":"transparent","border-color":"#0000001A","border-radius":"0px","border-style":"solid","border-width":"0px","color":"#FFFFFF","filter":"none","font-family":"system","font-size":"28px","fontSize":11,"height":0.0,"line-clamp":1,"line-height":"40px","opacity":1,"text-align":"left","text-overflow":"ellipsis","visibility":"visible","width":0.0,"x":0.0,"y":0.0},"text":"连续","variant":"body"}, maxWidth=200.0, widthMode=2, maxHeight=26.0, heightMode=2
08-27 12:48:42.004 W/MeasurementBridge(29018): 12:48:42.004 [directMeasure@108] directMeasure result: type=Text, result=MeasureResult{calcType=0, width=57.0, height=27.0, lineCount=1}
08-27 12:48:42.005 D/AGenUI  (29018): 12:48:42.004 [measure@235] [JNI] AndroidBridgeMeasurement.measure result: type=Text, result=MeasureResult{calcType=Sync, width=57.000000, height=27.000000, countOfLines=1}
08-27 12:48:42.006 D/AGenUI  (29018): 12:48:42.005 [measure@193] [JNI] AndroidBridgeMeasurement.measure start: type=Text, paramJson={"component":"Text","id":"root_c2_c2_c0","styles":{"background-color":"transparent","border-color":"#0000001A","border-radius":"0px","border-style":"solid","border-width":"0px","color":"#FFFFFF","filter":"none","font-family":"system","font-size":"28px","fontSize":11,"height":0.0,"line-clamp":1,"line-height":"40px","lines":1,"opacity":1,"text-align":"left","text-overflow":"ellipsis","visibility":"visible","width":0.0,"x":0.0,"y":0.0},"text":"连续","variant":"body"}, width={maxValue=200.000000, mode=2}, height={maxValue=26.000000, mode=1}
08-27 12:48:42.006 W/MeasurementBridge(29018): 12:48:42.006 [directMeasure@91] directMeasure start: type=Text, paramJson={"component":"Text","id":"root_c2_c2_c0","styles":{"background-color":"transparent","border-color":"#0000001A","border-radius":"0px","border-style":"solid","border-width":"0px","color":"#FFFFFF","filter":"none","font-family":"system","font-size":"28px","fontSize":11,"height":0.0,"line-clamp":1,"line-height":"40px","lines":1,"opacity":1,"text-align":"left","text-overflow":"ellipsis","visibility":"visible","width":0.0,"x":0.0,"y":0.0},"text":"连续","variant":"body"}, maxWidth=200.0, widthMode=2, maxHeight=26.0, heightMode=1
08-27 12:48:42.008 W/MeasurementBridge(29018): 12:48:42.008 [directMeasure@108] directMeasure result: type=Text, result=MeasureResult{calcType=0, width=57.0, height=27.0, lineCount=1}
08-27 12:48:42.009 D/AGenUI  (29018): 12:48:42.008 [measure@235] [JNI] AndroidBridgeMeasurement.measure result: type=Text, result=MeasureResult{calcType=Sync, width=57.000000, height=27.000000, countOfLines=1}
08-27 12:48:42.010 D/AGenUI  (29018): 12:48:42.009 [measure@193] [JNI] AndroidBridgeMeasurement.measure start: type=Text, paramJson={"component":"Text","id":"root_c3_c0_c0","styles":{"background-color":"transparent","border-color":"#0000001A","border-radius":"0px","border-style":"solid","border-width":"0px","color":"#1a3c34","filter":"none","font-family":"system","font-size":"28px","fontSize":14,"fontWeight":"bold","height":0.0,"line-clamp":1,"line-height":"40px","opacity":1,"text-align":"left","text-overflow":"ellipsis","visibility":"visible","width":0.0,"x":0.0,"y":0.0},"text":"继续记笔记","variant":"body"}, width={maxValue=200.000000, mode=2}, height={maxValue=40.000000, mode=2}
08-27 12:48:42.011 W/MeasurementBridge(29018): 12:48:42.010 [directMeasure@91] directMeasure start: type=Text, paramJson={"component":"Text","id":"root_c3_c0_c0","styles":{"background-color":"transparent","border-color":"#0000001A","border-radius":"0px","border-style":"solid","border-width":"0px","color":"#1a3c34","filter":"none","font-family":"system","font-size":"28px","fontSize":14,"fontWeight":"bold","height":0.0,"line-clamp":1,"line-height":"40px","opacity":1,"text-align":"left","text-overflow":"ellipsis","visibility":"visible","width":0.0,"x":0.0,"y":0.0},"text":"继续记笔记","variant":"body"}, maxWidth=200.0, widthMode=2, maxHeight=40.0, heightMode=2
08-27 12:48:42.013 W/MeasurementBridge(29018): 12:48:42.012 [directMeasure@108] directMeasure result: type=Text, result=MeasureResult{calcType=0, width=141.0, height=41.0, lineCount=1}
08-27 12:48:42.013 D/AGenUI  (29018): 12:48:42.013 [measure@235] [JNI] AndroidBridgeMeasurement.measure result: type=Text, result=MeasureResult{calcType=Sync, width=141.000000, height=41.000000, countOfLines=1}
08-27 12:48:42.015 D/AGenUI  (29018): 12:48:42.014 [measure@193] [JNI] AndroidBridgeMeasurement.measure start: type=Text, paramJson={"component":"Text","id":"root_c3_c0_c0","styles":{"background-color":"transparent","border-color":"#0000001A","border-radius":"0px","border-style":"solid","border-width":"0px","color":"#1a3c34","filter":"none","font-family":"system","font-size":"28px","fontSize":14,"fontWeight":"bold","height":0.0,"line-clamp":1,"line-height":"40px","lines":1,"opacity":1,"text-align":"left","text-overflow":"ellipsis","visibility":"visible","width":0.0,"x":0.0,"y":0.0},"text":"继续记笔记","variant":"body"}, width={maxValue=200.000000, mode=2}, height={maxValue=40.000000, mode=1}
08-27 12:48:42.016 W/MeasurementBridge(29018): 12:48:42.015 [directMeasure@91] directMeasure start: type=Text, paramJson={"component":"Text","id":"root_c3_c0_c0","styles":{"background-color":"transparent","border-color":"#0000001A","border-radius":"0px","border-style":"solid","border-width":"0px","color":"#1a3c34","filter":"none","font-family":"system","font-size":"28px","fontSize":14,"fontWeight":"bold","height":0.0,"line-clamp":1,"line-height":"40px","lines":1,"opacity":1,"text-align":"left","text-overflow":"ellipsis","visibility":"visible","width":0.0,"x":0.0,"y":0.0},"text":"继续记笔记","variant":"body"}, maxWidth=200.0, widthMode=2, maxHeight=40.0, heightMode=1
08-27 12:48:42.018 W/MeasurementBridge(29018): 12:48:42.017 [directMeasure@108] directMeasure result: type=Text, result=MeasureResult{calcType=0, width=141.0, height=41.0, lineCount=1}
08-27 12:48:42.019 D/AGenUI  (29018): 12:48:42.018 [measure@235] [JNI] AndroidBridgeMeasurement.measure result: type=Text, result=MeasureResult{calcType=Sync, width=141.000000, height=41.000000, countOfLines=1}
08-27 12:48:42.020 D/AGenUI  (29018): 12:48:42.019 [measure@193] [JNI] AndroidBridgeMeasurement.measure start: type=Text, paramJson={"component":"Text","id":"root_c3_c1_c0","styles":{"background-color":"transparent","border-color":"#0000001A","border-radius":"0px","border-style":"solid","border-width":"0px","color":"#FFFFFF","filter":"none","font-family":"system","font-size":"28px","fontSize":14,"height":0.0,"line-clamp":1,"line-height":"40px","opacity":1,"text-align":"left","text-overflow":"ellipsis","visibility":"visible","width":0.0,"x":0.0,"y":0.0},"text":"复习","variant":"body"}, width={maxValue=200.000000, mode=2}, height={maxValue=40.000000, mode=2}
08-27 12:48:42.020 W/MeasurementBridge(29018): 12:48:42.020 [directMeasure@91] directMeasure start: type=Text, paramJson={"component":"Text","id":"root_c3_c1_c0","styles":{"background-color":"transparent","border-color":"#0000001A","border-radius":"0px","border-style":"solid","border-width":"0px","color":"#FFFFFF","filter":"none","font-family":"system","font-size":"28px","fontSize":14,"height":0.0,"line-clamp":1,"line-height":"40px","opacity":1,"text-align":"left","text-overflow":"ellipsis","visibility":"visible","width":0.0,"x":0.0,"y":0.0},"text":"复习","variant":"body"}, maxWidth=200.0, widthMode=2, maxHeight=40.0, heightMode=2
08-27 12:48:42.022 W/MeasurementBridge(29018): 12:48:42.022 [directMeasure@108] directMeasure result: type=Text, result=MeasureResult{calcType=0, width=57.0, height=41.0, lineCount=1}
08-27 12:48:42.023 D/AGenUI  (29018): 12:48:42.023 [measure@235] [JNI] AndroidBridgeMeasurement.measure result: type=Text, result=MeasureResult{calcType=Sync, width=57.000000, height=41.000000, countOfLines=1}
08-27 12:48:42.024 D/AGenUI  (29018): 12:48:42.023 [measure@193] [JNI] AndroidBridgeMeasurement.measure start: type=Text, paramJson={"component":"Text","id":"root_c3_c1_c0","styles":{"background-color":"transparent","border-color":"#0000001A","border-radius":"0px","border-style":"solid","border-width":"0px","color":"#FFFFFF","filter":"none","font-family":"system","font-size":"28px","fontSize":14,"height":0.0,"line-clamp":1,"line-height":"40px","lines":1,"opacity":1,"text-align":"left","text-overflow":"ellipsis","visibility":"visible","width":0.0,"x":0.0,"y":0.0},"text":"复习","variant":"body"}, width={maxValue=200.000000, mode=2}, height={maxValue=40.000000, mode=1}
08-27 12:48:42.025 W/MeasurementBridge(29018): 12:48:42.024 [directMeasure@91] directMeasure start: type=Text, paramJson={"component":"Text","id":"root_c3_c1_c0","styles":{"background-color":"transparent","border-color":"#0000001A","border-radius":"0px","border-style":"solid","border-width":"0px","color":"#FFFFFF","filter":"none","font-family":"system","font-size":"28px","fontSize":14,"height":0.0,"line-clamp":1,"line-height":"40px","lines":1,"opacity":1,"text-align":"left","text-overflow":"ellipsis","visibility":"visible","width":0.0,"x":0.0,"y":0.0},"text":"复习","variant":"body"}, maxWidth=200.0, widthMode=2, maxHeight=40.0, heightMode=1
08-27 12:48:42.026 W/MeasurementBridge(29018): 12:48:42.026 [directMeasure@108] directMeasure result: type=Text, result=MeasureResult{calcType=0, width=57.0, height=41.0, lineCount=1}
08-27 12:48:42.027 D/AGenUI  (29018): 12:48:42.027 [measure@235] [JNI] AndroidBridgeMeasurement.measure result: type=Text, result=MeasureResult{calcType=Sync, width=57.000000, height=41.000000, countOfLines=1}
08-27 12:48:42.029 D/AGenUI  (29018): 12:48:42.028 [measure@193] [JNI] AndroidBridgeMeasurement.measure start: type=Text, paramJson={"component":"Text","id":"root_c0_c0_c0_c0","styles":{"background-color":"transparent","border-color":"#0000001A","border-radius":"0px","border-style":"solid","border-width":"0px","color":"#FFFFFF","filter":"none","font-family":"system","font-size":"28px","fontSize":18,"height":0.0,"line-clamp":1,"line-height":"40px","opacity":1,"text-align":"left","text-overflow":"ellipsis","visibility":"visible","width":0.0,"x":0.0,"y":0.0},"text":"📖","variant":"body"}, width={maxValue=33.195019, mode=2}, height={maxValue=40.000000, mode=2}
08-27 12:48:42.029 W/MeasurementBridge(29018): 12:48:42.029 [directMeasure@91] directMeasure start: type=Text, paramJson={"component":"Text","id":"root_c0_c0_c0_c0","styles":{"background-color":"transparent","border-color":"#0000001A","border-radius":"0px","border-style":"solid","border-width":"0px","color":"#FFFFFF","filter":"none","font-family":"system","font-size":"28px","fontSize":18,"height":0.0,"line-clamp":1,"line-height":"40px","opacity":1,"text-align":"left","text-overflow":"ellipsis","visibility":"visible","width":0.0,"x":0.0,"y":0.0},"text":"📖","variant":"body"}, maxWidth=33.19502, widthMode=2, maxHeight=40.0, heightMode=2
08-27 12:48:42.031 W/MeasurementBridge(29018): 12:48:42.031 [directMeasure@108] directMeasure result: type=Text, result=MeasureResult{calcType=0, width=35.0, height=41.0, lineCount=1}
08-27 12:48:42.032 D/AGenUI  (29018): 12:48:42.032 [measure@235] [JNI] AndroidBridgeMeasurement.measure result: type=Text, result=MeasureResult{calcType=Sync, width=35.000000, height=41.000000, countOfLines=1}
08-27 12:48:42.033 D/AGenUI  (29018): 12:48:42.032 [measure@193] [JNI] AndroidBridgeMeasurement.measure start: type=Text, paramJson={"component":"Text","id":"root_c0_c0_c0_c0","styles":{"background-color":"transparent","border-color":"#0000001A","border-radius":"0px","border-style":"solid","border-width":"0px","color":"#FFFFFF","filter":"none","font-family":"system","font-size":"28px","fontSize":18,"height":0.0,"line-clamp":1,"line-height":"40px","lines":1,"opacity":1,"text-align":"left","text-overflow":"ellipsis","visibility":"visible","width":0.0,"x":0.0,"y":0.0},"text":"📖","variant":"body"}, width={maxValue=33.195019, mode=2}, height={maxValue=40.000000, mode=1}
08-27 12:48:42.034 W/MeasurementBridge(29018): 12:48:42.033 [directMeasure@91] directMeasure start: type=Text, paramJson={"component":"Text","id":"root_c0_c0_c0_c0","styles":{"background-color":"transparent","border-color":"#0000001A","border-radius":"0px","border-style":"solid","border-width":"0px","color":"#FFFFFF","filter":"none","font-family":"system","font-size":"28px","fontSize":18,"height":0.0,"line-clamp":1,"line-height":"40px","lines":1,"opacity":1,"text-align":"left","text-overflow":"ellipsis","visibility":"visible","width":0.0,"x":0.0,"y":0.0},"text":"📖","variant":"body"}, maxWidth=33.19502, widthMode=2, maxHeight=40.0, heightMode=1
08-27 12:48:42.035 W/MeasurementBridge(29018): 12:48:42.035 [directMeasure@108] directMeasure result: type=Text, result=MeasureResult{calcType=0, width=35.0, height=41.0, lineCount=1}
08-27 12:48:42.036 D/AGenUI  (29018): 12:48:42.036 [measure@235] [JNI] AndroidBridgeMeasurement.measure result: type=Text, result=MeasureResult{calcType=Sync, width=35.000000, height=41.000000, countOfLines=1}
08-27 12:48:42.038 D/AGenUI  (29018): 12:48:42.037 [logYogaLayoutInfo@277] [layout] id=root type=Card parent= xywh=(0.0,0.0,200.0,312.0) flex=(0.0,1.0) child=1 aspect=nan measure=0
08-27 12:48:42.039 D/AGenUI  (29018): 12:48:42.038 [onNodeAdded@298] onNodeAdded: {"children":["root_c0"],"component":"Card","id":"root","styles":{"align-content":"stretch","align-items":"stretch","align-self":"auto","background-color":"transparent","backgroundColor":"linear-gradient(160deg,#1a3c34 0%,#2d5f4e 55%,#4a8c6f 100%)","border-color":"#0000001A","border-radius":"16px","border-style":"solid","border-width":"0px","borderRadius":16,"elevation":4,"filter":"none","flex-direction":"column","flex-grow":0,"flex-shrink":1,"flex-wrap":"nowrap","height":312.0,"justify-content":"flex-start","opacity":1,"visibility":"visible","width":200.0,"x":0.0,"y":0.0}}, parentId:
08-27 12:48:42.039 D/AGenUI  (29018): 12:48:42.039 [logYogaLayoutInfo@277] [layout] id=root_c0 type=Column parent=root xywh=(0.0,0.0,200.0,312.0) flex=(0.0,1.0) child=4 aspect=nan measure=0
08-27 12:48:42.040 D/AGenUI  (29018): 12:48:42.040 [onNodeAdded@298] onNodeAdded: {"children":["root_c0_c0","root_c1","root_c2","root_c3"],"component":"Column","id":"root_c0","styles":{"align-content":"stretch","align-items":"stretch","align-self":"auto","background-color":"transparent","border-color":"#0000001A","border-radius":"0px","border-style":"solid","border-width":"0px","filter":"none","flex-direction":"column","flex-grow":0,"flex-shrink":1,"flex-wrap":"nowrap","height":312.0,"justify-content":"flex-start","opacity":1,"visibility":"visible","width":200.0,"x":0.0,"y":0.0}}, parentId:root
08-27 12:48:42.041 D/AGenUI  (29018): 12:48:42.041 [logYogaLayoutInfo@277] [layout] id=root_c0_c0 type=Row parent=root_c0 xywh=(0.0,0.0,200.0,82.0) flex=(0.0,1.0) child=2 aspect=nan measure=0
08-27 12:48:42.042 D/AGenUI  (29018): 12:48:42.042 [onNodeAdded@298] onNodeAdded: {"children":["root_c0_c0_c0","root_c0_c0_c1"],"component":"Row","id":"root_c0_c0","styles":{"align-content":"stretch","align-items":"stretch","align-self":"auto","background-color":"transparent","border-color":"#0000001A","border-radius":"0px","border-style":"solid","border-width":"0px","filter":"none","flex-direction":"column","flex-grow":0,"flex-shrink":1,"flex-wrap":"nowrap","height":82.0,"justify-content":"flex-start","opacity":1,"paddingBottom":12,"paddingLeft":16,"paddingRight":16,"paddingTop":16,"visibility":"visible","width":200.0,"x":0.0,"y":0.0}}, parentId:root_c0
08-27 12:48:42.043 D/AGenUI  (29018): 12:48:42.042 [logYogaLayoutInfo@277] [layout] id=root_c0_c0_c0 type=Container parent=root_c0_c0 xywh=(0.0,21.0,33.0,40.0) flex=(0.0,1.0) child=1 aspect=nan measure=0
08-27 12:48:42.044 D/AGenUI  (29018): 12:48:42.043 [onNodeAdded@298] onNodeAdded: {"children":["root_c0_c0_c0_c0"],"component":"Container","id":"root_c0_c0_c0","styles":{"align-content":"stretch","align-items":"stretch","align-self":"auto","background-color":"transparent","backgroundColor":"rgba(255,255,255,0.15)","border-color":"#0000001A","border-radius":"0px","border-style":"solid","border-width":"0px","borderRadius":999,"filter":"none","flex-direction":"column","flex-grow":0,"flex-shrink":1,"flex-wrap":"nowrap","height":40.0,"justify-content":"flex-start","opacity":1,"visibility":"visible","width":33.0,"x":0.0,"y":21.0}}, parentId:root_c0_c0
08-27 12:48:42.044 D/AGenUI  (29018): 12:48:42.044 [logYogaLayoutInfo@277] [layout] id=root_c0_c0_c0_c0 type=Text parent=root_c0_c0_c0 xywh=(-1.0,0.0,35.0,40.0) flex=(0.0,1.0) child=0 aspect=nan measure=1
08-27 12:48:42.046 D/AGenUI  (29018): 12:48:42.045 [onNodeAdded@298] onNodeAdded: {"component":"Text","id":"root_c0_c0_c0_c0","styles":{"align-content":"stretch","align-items":"stretch","align-self":"auto","background-color":"transparent","border-color":"#0000001A","border-radius":"0px","border-style":"solid","border-width":"0px","color":"#FFFFFF","filter":"none","flex-direction":"column","flex-grow":0,"flex-shrink":1,"flex-wrap":"nowrap","font-family":"system","font-size":"28px","fontSize":18,"height":40.0,"justify-content":"flex-start","line-clamp":1,"line-height":"40px","lines":1,"opacity":1,"text-align":"left","text-overflow":"ellipsis","visibility":"visible","width":35.0,"x":-1.0,"y":0.0},"text":"📖","variant":"body"}, parentId:root_c0_c0_c0
08-27 12:48:42.046 D/AGenUI  (29018): 12:48:42.046 [logYogaLayoutInfo@277] [layout] id=root_c0_c0_c1 type=Column parent=root_c0_c0 xywh=(33.0,0.0,167.0,82.0) flex=(0.0,1.0) child=2 aspect=nan measure=0
08-27 12:48:42.048 D/AGenUI  (29018): 12:48:42.047 [onNodeAdded@298] onNodeAdded: {"children":["root_c0_c0_c1_c0","root_c0_c0_c1_c1"],"component":"Column","id":"root_c0_c0_c1","styles":{"align-content":"stretch","align-items":"stretch","align-self":"auto","background-color":"transparent","border-color":"#0000001A","border-radius":"0px","border-style":"solid","border-width":"0px","filter":"none","flex":1,"flex-direction":"column","flex-grow":0,"flex-shrink":1,"flex-wrap":"nowrap","height":82.0,"justify-content":"flex-start","marginLeft":12,"opacity":1,"visibility":"visible","width":167.0,"x":33.0,"y":0.0}}, parentId:root_c0_c0
08-27 12:48:42.049 D/AGenUI  (29018): 12:48:42.048 [logYogaLayoutInfo@277] [layout] id=root_c0_c0_c1_c0 type=Text parent=root_c0_c0_c1 xywh=(0.0,0.0,167.0,41.0) flex=(0.0,1.0) child=0 aspect=nan measure=1
08-27 12:48:42.050 D/AGenUI  (29018): 12:48:42.050 [onNodeAdded@298] onNodeAdded: {"component":"Text","id":"root_c0_c0_c1_c0","styles":{"align-content":"stretch","align-items":"stretch","align-self":"auto","background-color":"transparent","border-color":"#0000001A","border-radius":"0px","border-style":"solid","border-width":"0px","color":"#FFFFFF","filter":"none","flex-direction":"column","flex-grow":0,"flex-shrink":1,"flex-wrap":"nowrap","font-family":"system","font-size":"28px","fontSize":16,"fontWeight":"bold","height":41.0,"justify-content":"flex-start","line-clamp":1,"line-height":"40px","lines":1,"opacity":1,"text-align":"left","text-overflow":"ellipsis","visibility":"visible","width":167.0,"x":0.0,"y":0.0},"text":"高等数学","variant":"body"}, parentId:root_c0_c0_c1
08-27 12:48:42.051 D/AGenUI  (29018): 12:48:42.051 [logYogaLayoutInfo@277] [layout] id=root_c0_c0_c1_c1 type=Text parent=root_c0_c0_c1 xywh=(0.0,41.0,167.0,41.0) flex=(0.0,1.0) child=0 aspect=nan measure=1
08-27 12:48:42.052 D/AGenUI  (29018): 12:48:42.052 [onNodeAdded@298] onNodeAdded: {"component":"Text","id":"root_c0_c0_c1_c1","styles":{"align-content":"stretch","align-items":"stretch","align-self":"auto","background-color":"transparent","border-color":"#0000001A","border-radius":"0px","border-style":"solid","border-width":"0px","color":"rgba(255,255,255,0.7)","filter":"none","flex-direction":"column","flex-grow":0,"flex-shrink":1,"flex-wrap":"nowrap","font-family":"system","font-size":"28px","fontSize":12,"height":41.0,"justify-content":"flex-start","line-clamp":1,"line-height":"40px","lines":1,"opacity":1,"text-align":"left","text-overflow":"ellipsis","visibility":"visible","width":167.0,"x":0.0,"y":41.0},"text":"第三章 · 2026-08-27 10:30","variant":"body"}, parentId:root_c0_c0_c1
08-27 12:48:42.053 D/AGenUI  (29018): 12:48:42.053 [logYogaLayoutInfo@277] [layout] id=root_c1 type=Column parent=root_c0 xywh=(0.0,82.0,200.0,164.0) flex=(0.0,1.0) child=4 aspect=nan measure=0
08-27 12:48:42.054 D/AGenUI  (29018): 12:48:42.054 [onNodeAdded@298] onNodeAdded: {"children":["root_c1_c0","root_c1_c1","root_c1_c2","root_c1_c3"],"component":"Column","id":"root_c1","styles":{"align-content":"stretch","align-items":"stretch","align-self":"auto","background-color":"transparent","border-color":"#0000001A","border-radius":"0px","border-style":"solid","border-width":"0px","filter":"none","flex-direction":"column","flex-grow":0,"flex-shrink":1,"flex-wrap":"nowrap","height":164.0,"justify-content":"flex-start","opacity":1,"paddingBottom":8,"paddingLeft":4,"paddingRight":4,"paddingTop":4,"visibility":"visible","width":200.0,"x":0.0,"y":82.0}}, parentId:root_c0
08-27 12:48:42.055 D/AGenUI  (29018): 12:48:42.054 [logYogaLayoutInfo@277] [layout] id=root_c1_c0 type=Row parent=root_c1 xywh=(0.0,0.0,200.0,41.0) flex=(0.0,1.0) child=2 aspect=nan measure=0
08-27 12:48:42.056 D/AGenUI  (29018): 12:48:42.055 [onNodeAdded@298] onNodeAdded: {"children":["root_c1_c0_c0","root_c1_c0_c1"],"component":"Row","id":"root_c1_c0","styles":{"align-content":"stretch","align-items":"stretch","align-self":"auto","background-color":"transparent","border-color":"#0000001A","border-radius":"0px","border-style":"solid","border-width":"0px","filter":"none","flex-direction":"column","flex-grow":0,"flex-shrink":1,"flex-wrap":"nowrap","height":41.0,"justify-content":"flex-start","opacity":1,"paddingBottom":4,"paddingLeft":16,"paddingRight":16,"paddingTop":4,"visibility":"visible","width":200.0,"x":0.0,"y":0.0}}, parentId:root_c1
08-27 12:48:42.056 D/AGenUI  (29018): 12:48:42.056 [logYogaLayoutInfo@277] [layout] id=root_c1_c0_c0 type=Text parent=root_c1_c0 xywh=(0.0,0.0,26.0,41.0) flex=(0.0,1.0) child=0 aspect=nan measure=1
08-27 12:48:42.058 D/AGenUI  (29018): 12:48:42.057 [onNodeAdded@298] onNodeAdded: {"component":"Text","id":"root_c1_c0_c0","styles":{"align-content":"stretch","align-items":"stretch","align-self":"auto","background-color":"transparent","border-color":"#0000001A","border-radius":"0px","border-style":"solid","border-width":"0px","color":"#FFD60A","filter":"none","flex-direction":"column","flex-grow":0,"flex-shrink":1,"flex-wrap":"nowrap","font-family":"system","font-size":"28px","fontSize":12,"height":41.0,"justify-content":"flex-start","line-clamp":1,"line-height":"40px","lines":1,"marginRight":8,"opacity":1,"text-align":"left","text-overflow":"ellipsis","visibility":"visible","width":26.0,"x":0.0,"y":0.0},"text":"●","variant":"body"}, parentId:root_c1_c0
08-27 12:48:42.058 D/AGenUI  (29018): 12:48:42.058 [logYogaLayoutInfo@277] [layout] id=root_c1_c0_c1 type=Text parent=root_c1_c0 xywh=(25.0,0.0,175.0,41.0) flex=(0.0,1.0) child=0 aspect=nan measure=1
08-27 12:48:42.059 D/AGenUI  (29018): 12:48:42.059 [onNodeAdded@298] onNodeAdded: {"component":"Text","id":"root_c1_c0_c1","styles":{"align-content":"stretch","align-items":"stretch","align-self":"auto","background-color":"transparent","border-color":"#0000001A","border-radius":"0px","border-style":"solid","border-width":"0px","color":"#FFFFFF","filter":"none","flex":1,"flex-direction":"column","flex-grow":0,"flex-shrink":1,"flex-wrap":"nowrap","font-family":"system","font-size":"28px","fontSize":13,"height":41.0,"justify-content":"flex-start","line-clamp":1,"line-height":"40px","lines":1,"opacity":1,"text-align":"left","text-overflow":"ellipsis","visibility":"visible","width":175.0,"x":25.0,"y":0.0},"text":"极限的 ε-δ 定义与几何意义","variant":"body"}, parentId:root_c1_c0
08-27 12:48:42.060 D/AGenUI  (29018): 12:48:42.060 [logYogaLayoutInfo@277] [layout] id=root_c1_c1 type=Row parent=root_c1 xywh=(0.0,41.0,200.0,41.0) flex=(0.0,1.0) child=2 aspect=nan measure=0
08-27 12:48:42.061 D/AGenUI  (29018): 12:48:42.061 [onNodeAdded@298] onNodeAdded: {"children":["root_c1_c1_c0","root_c1_c1_c1"],"component":"Row","id":"root_c1_c1","styles":{"align-content":"stretch","align-items":"stretch","align-self":"auto","background-color":"transparent","border-color":"#0000001A","border-radius":"0px","border-style":"solid","border-width":"0px","filter":"none","flex-direction":"column","flex-grow":0,"flex-shrink":1,"flex-wrap":"nowrap","height":41.0,"justify-content":"flex-start","opacity":1,"paddingBottom":4,"paddingLeft":16,"paddingRight":16,"paddingTop":4,"visibility":"visible","width":200.0,"x":0.0,"y":41.0}}, parentId:root_c1
08-27 12:48:42.062 D/AGenUI  (29018): 12:48:42.061 [logYogaLayoutInfo@277] [layout] id=root_c1_c1_c0 type=Text parent=root_c1_c1 xywh=(0.0,0.0,26.0,41.0) flex=(0.0,1.0) child=0 aspect=nan measure=1
08-27 12:48:42.063 D/AGenUI  (29018): 12:48:42.062 [onNodeAdded@298] onNodeAdded: {"component":"Text","id":"root_c1_c1_c0","styles":{"align-content":"stretch","align-items":"stretch","align-self":"auto","background-color":"transparent","border-color":"#0000001A","border-radius":"0px","border-style":"solid","border-width":"0px","color":"#FFD60A","filter":"none","flex-direction":"column","flex-grow":0,"flex-shrink":1,"flex-wrap":"nowrap","font-family":"system","font-size":"28px","fontSize":12,"height":41.0,"justify-content":"flex-start","line-clamp":1,"line-height":"40px","lines":1,"marginRight":8,"opacity":1,"text-align":"left","text-overflow":"ellipsis","visibility":"visible","width":26.0,"x":0.0,"y":0.0},"text":"●","variant":"body"}, parentId:root_c1_c1
08-27 12:48:42.063 D/AGenUI  (29018): 12:48:42.063 [logYogaLayoutInfo@277] [layout] id=root_c1_c1_c1 type=Text parent=root_c1_c1 xywh=(25.0,0.0,175.0,41.0) flex=(0.0,1.0) child=0 aspect=nan measure=1
08-27 12:48:42.064 D/AGenUI  (29018): 12:48:42.064 [onNodeAdded@298] onNodeAdded: {"component":"Text","id":"root_c1_c1_c1","styles":{"align-content":"stretch","align-items":"stretch","align-self":"auto","background-color":"transparent","border-color":"#0000001A","border-radius":"0px","border-style":"solid","border-width":"0px","color":"#FFFFFF","filter":"none","flex":1,"flex-direction":"column","flex-grow":0,"flex-shrink":1,"flex-wrap":"nowrap","font-family":"system","font-size":"28px","fontSize":13,"height":41.0,"justify-content":"flex-start","line-clamp":1,"line-height":"40px","lines":1,"opacity":1,"text-align":"left","text-overflow":"ellipsis","visibility":"visible","width":175.0,"x":25.0,"y":0.0},"text":"连续函数的三大性质","variant":"body"}, parentId:root_c1_c1
08-27 12:48:42.065 D/AGenUI  (29018): 12:48:42.065 [logYogaLayoutInfo@277] [layout] id=root_c1_c2 type=Row parent=root_c1 xywh=(0.0,82.0,200.0,41.0) flex=(0.0,1.0) child=2 aspect=nan measure=0
08-27 12:48:42.066 D/AGenUI  (29018): 12:48:42.066 [onNodeAdded@298] onNodeAdded: {"children":["root_c1_c2_c0","root_c1_c2_c1"],"component":"Row","id":"root_c1_c2","styles":{"align-content":"stretch","align-items":"stretch","align-self":"auto","background-color":"transparent","border-color":"#0000001A","border-radius":"0px","border-style":"solid","border-width":"0px","filter":"none","flex-direction":"column","flex-grow":0,"flex-shrink":1,"flex-wrap":"nowrap","height":41.0,"justify-content":"flex-start","opacity":1,"paddingBottom":4,"paddingLeft":16,"paddingRight":16,"paddingTop":4,"visibility":"visible","width":200.0,"x":0.0,"y":82.0}}, parentId:root_c1
08-27 12:48:42.067 D/AGenUI  (29018): 12:48:42.066 [logYogaLayoutInfo@277] [layout] id=root_c1_c2_c0 type=Text parent=root_c1_c2 xywh=(0.0,0.0,26.0,41.0) flex=(0.0,1.0) child=0 aspect=nan measure=1
08-27 12:48:42.068 D/AGenUI  (29018): 12:48:42.067 [onNodeAdded@298] onNodeAdded: {"component":"Text","id":"root_c1_c2_c0","styles":{"align-content":"stretch","align-items":"stretch","align-self":"auto","background-color":"transparent","border-color":"#0000001A","border-radius":"0px","border-style":"solid","border-width":"0px","color":"#FFD60A","filter":"none","flex-direction":"column","flex-grow":0,"flex-shrink":1,"flex-wrap":"nowrap","font-family":"system","font-size":"28px","fontSize":12,"height":41.0,"justify-content":"flex-start","line-clamp":1,"line-height":"40px","lines":1,"marginRight":8,"opacity":1,"text-align":"left","text-overflow":"ellipsis","visibility":"visible","width":26.0,"x":0.0,"y":0.0},"text":"●","variant":"body"}, parentId:root_c1_c2
08-27 12:48:42.068 D/AGenUI  (29018): 12:48:42.068 [logYogaLayoutInfo@277] [layout] id=root_c1_c2_c1 type=Text parent=root_c1_c2 xywh=(25.0,0.0,175.0,41.0) flex=(0.0,1.0) child=0 aspect=nan measure=1
08-27 12:48:42.070 D/AGenUI  (29018): 12:48:42.069 [onNodeAdded@298] onNodeAdded: {"component":"Text","id":"root_c1_c2_c1","styles":{"align-content":"stretch","align-items":"stretch","align-self":"auto","background-color":"transparent","border-color":"#0000001A","border-radius":"0px","border-style":"solid","border-width":"0px","color":"#FFFFFF","filter":"none","flex":1,"flex-direction":"column","flex-grow":0,"flex-shrink":1,"flex-wrap":"nowrap","font-family":"system","font-size":"28px","fontSize":13,"height":41.0,"justify-content":"flex-start","line-clamp":1,"line-height":"40px","lines":1,"opacity":1,"text-align":"left","text-overflow":"ellipsis","visibility":"visible","width":175.0,"x":25.0,"y":0.0},"text":"中值定理的推导与应用","variant":"body"}, parentId:root_c1_c2
08-27 12:48:42.070 D/AGenUI  (29018): 12:48:42.070 [logYogaLayoutInfo@277] [layout] id=root_c1_c3 type=Row parent=root_c1 xywh=(0.0,123.0,200.0,41.0) flex=(0.0,1.0) child=2 aspect=nan measure=0
08-27 12:48:42.071 D/AGenUI  (29018): 12:48:42.071 [onNodeAdded@298] onNodeAdded: {"children":["root_c1_c3_c0","root_c1_c3_c1"],"component":"Row","id":"root_c1_c3","styles":{"align-content":"stretch","align-items":"stretch","align-self":"auto","background-color":"transparent","border-color":"#0000001A","border-radius":"0px","border-style":"solid","border-width":"0px","filter":"none","flex-direction":"column","flex-grow":0,"flex-shrink":1,"flex-wrap":"nowrap","height":41.0,"justify-content":"flex-start","opacity":1,"paddingBottom":4,"paddingLeft":16,"paddingRight":16,"paddingTop":4,"visibility":"visible","width":200.0,"x":0.0,"y":123.0}}, parentId:root_c1
08-27 12:48:42.072 D/AGenUI  (29018): 12:48:42.072 [logYogaLayoutInfo@277] [layout] id=root_c1_c3_c0 type=Text parent=root_c1_c3 xywh=(0.0,0.0,26.0,41.0) flex=(0.0,1.0) child=0 aspect=nan measure=1
08-27 12:48:42.073 D/AGenUI  (29018): 12:48:42.073 [onNodeAdded@298] onNodeAdded: {"component":"Text","id":"root_c1_c3_c0","styles":{"align-content":"stretch","align-items":"stretch","align-self":"auto","background-color":"transparent","border-color":"#0000001A","border-radius":"0px","border-style":"solid","border-width":"0px","color":"#FFD60A","filter":"none","flex-direction":"column","flex-grow":0,"flex-shrink":1,"flex-wrap":"nowrap","font-family":"system","font-size":"28px","fontSize":12,"height":41.0,"justify-content":"flex-start","line-clamp":1,"line-height":"40px","lines":1,"marginRight":8,"opacity":1,"text-align":"left","text-overflow":"ellipsis","visibility":"visible","width":26.0,"x":0.0,"y":0.0},"text":"●","variant":"body"}, parentId:root_c1_c3
08-27 12:48:42.074 D/AGenUI  (29018): 12:48:42.073 [logYogaLayoutInfo@277] [layout] id=root_c1_c3_c1 type=Text parent=root_c1_c3 xywh=(25.0,0.0,175.0,41.0) flex=(0.0,1.0) child=0 aspect=nan measure=1
08-27 12:48:42.075 D/AGenUI  (29018): 12:48:42.074 [onNodeAdded@298] onNodeAdded: {"component":"Text","id":"root_c1_c3_c1","styles":{"align-content":"stretch","align-items":"stretch","align-self":"auto","background-color":"transparent","border-color":"#0000001A","border-radius":"0px","border-style":"solid","border-width":"0px","color":"#FFFFFF","filter":"none","flex":1,"flex-direction":"column","flex-grow":0,"flex-shrink":1,"flex-wrap":"nowrap","font-family":"system","font-size":"28px","fontSize":13,"height":41.0,"justify-content":"flex-start","line-clamp":1,"line-height":"40px","lines":1,"opacity":1,"text-align":"left","text-overflow":"ellipsis","visibility":"visible","width":175.0,"x":25.0,"y":0.0},"text":"例题：利用夹逼准则求极限","variant":"body"}, parentId:root_c1_c3
08-27 12:48:42.075 D/AGenUI  (29018): 12:48:42.075 [logYogaLayoutInfo@277] [layout] id=root_c2 type=Row parent=root_c0 xywh=(0.0,246.0,200.0,26.0) flex=(0.0,1.0) child=3 aspect=nan measure=0
08-27 12:48:42.077 D/AGenUI  (29018): 12:48:42.076 [onNodeAdded@298] onNodeAdded: {"children":["root_c2_c0","root_c2_c1","root_c2_c2"],"component":"Row","id":"root_c2","styles":{"align-content":"stretch","align-items":"stretch","align-self":"auto","background-color":"transparent","border-color":"#0000001A","border-radius":"0px","border-style":"solid","border-width":"0px","filter":"none","flex-direction":"column","flex-grow":0,"flex-shrink":1,"flex-wrap":"nowrap","height":26.0,"justify-content":"flex-start","opacity":1,"paddingBottom":8,"paddingLeft":16,"paddingRight":16,"paddingTop":8,"visibility":"visible","width":200.0,"x":0.0,"y":246.0}}, parentId:root_c0
08-27 12:48:42.077 D/AGenUI  (29018): 12:48:42.077 [logYogaLayoutInfo@277] [layout] id=root_c2_c0 type=Container parent=root_c2 xywh=(0.0,0.0,85.0,26.0) flex=(0.0,1.0) child=1 aspect=nan measure=0
08-27 12:48:42.078 D/AGenUI  (29018): 12:48:42.078 [onNodeAdded@298] onNodeAdded: {"children":["root_c2_c0_c0"],"component":"Container","id":"root_c2_c0","styles":{"align-content":"stretch","align-items":"stretch","align-self":"auto","background-color":"transparent","backgroundColor":"rgba(255,255,255,0.15)","border-color":"#0000001A","border-radius":"0px","border-style":"solid","border-width":"0px","borderRadius":13,"filter":"none","flex-direction":"column","flex-grow":0,"flex-shrink":1,"flex-wrap":"nowrap","height":26.0,"justify-content":"flex-start","marginRight":6,"opacity":1,"paddingLeft":12,"paddingRight":12,"visibility":"visible","width":85.0,"x":0.0,"y":0.0}}, parentId:root_c2
08-27 12:48:42.079 D/AGenUI  (29018): 12:48:42.079 [logYogaLayoutInfo@277] [layout] id=root_c2_c0_c0 type=Text parent=root_c2_c0 xywh=(0.0,0.0,85.0,26.0) flex=(0.0,1.0) child=0 aspect=nan measure=1
08-27 12:48:42.080 D/AGenUI  (29018): 12:48:42.080 [onNodeAdded@298] onNodeAdded: {"component":"Text","id":"root_c2_c0_c0","styles":{"align-content":"stretch","align-items":"stretch","align-self":"auto","background-color":"transparent","border-color":"#0000001A","border-radius":"0px","border-style":"solid","border-width":"0px","color":"#FFFFFF","filter":"none","flex-direction":"column","flex-grow":0,"flex-shrink":1,"flex-wrap":"nowrap","font-family":"system","font-size":"28px","fontSize":11,"height":26.0,"justify-content":"flex-start","line-clamp":1,"line-height":"40px","lines":1,"opacity":1,"text-align":"left","text-overflow":"ellipsis","visibility":"visible","width":85.0,"x":0.0,"y":0.0},"text":"微积分","variant":"body"}, parentId:root_c2_c0
08-27 12:48:42.081 D/AGenUI  (29018): 12:48:42.081 [logYogaLayoutInfo@277] [layout] id=root_c2_c1 type=Container parent=root_c2 xywh=(85.0,0.0,57.0,26.0) flex=(0.0,1.0) child=1 aspect=nan measure=0
08-27 12:48:42.083 D/AGenUI  (29018): 12:48:42.082 [onNodeAdded@298] onNodeAdded: {"children":["root_c2_c1_c0"],"component":"Container","id":"root_c2_c1","styles":{"align-content":"stretch","align-items":"stretch","align-self":"auto","background-color":"transparent","backgroundColor":"rgba(255,255,255,0.15)","border-color":"#0000001A","border-radius":"0px","border-style":"solid","border-width":"0px","borderRadius":13,"filter":"none","flex-direction":"column","flex-grow":0,"flex-shrink":1,"flex-wrap":"nowrap","height":26.0,"justify-content":"flex-start","marginRight":6,"opacity":1,"paddingLeft":12,"paddingRight":12,"visibility":"visible","width":57.0,"x":85.0,"y":0.0}}, parentId:root_c2
08-27 12:48:42.083 D/AGenUI  (29018): 12:48:42.083 [logYogaLayoutInfo@277] [layout] id=root_c2_c1_c0 type=Text parent=root_c2_c1 xywh=(0.0,0.0,57.0,26.0) flex=(0.0,1.0) child=0 aspect=nan measure=1
08-27 12:48:42.084 D/AGenUI  (29018): 12:48:42.084 [onNodeAdded@298] onNodeAdded: {"component":"Text","id":"root_c2_c1_c0","styles":{"align-content":"stretch","align-items":"stretch","align-self":"auto","background-color":"transparent","border-color":"#0000001A","border-radius":"0px","border-style":"solid","border-width":"0px","color":"#FFFFFF","filter":"none","flex-direction":"column","flex-grow":0,"flex-shrink":1,"flex-wrap":"nowrap","font-family":"system","font-size":"28px","fontSize":11,"height":26.0,"justify-content":"flex-start","line-clamp":1,"line-height":"40px","lines":1,"opacity":1,"text-align":"left","text-overflow":"ellipsis","visibility":"visible","width":57.0,"x":0.0,"y":0.0},"text":"极限","variant":"body"}, parentId:root_c2_c1
08-27 12:48:42.085 D/AGenUI  (29018): 12:48:42.085 [logYogaLayoutInfo@277] [layout] id=root_c2_c2 type=Container parent=root_c2 xywh=(142.0,0.0,57.0,26.0) flex=(0.0,1.0) child=1 aspect=nan measure=0
08-27 12:48:42.086 D/AGenUI  (29018): 12:48:42.086 [onNodeAdded@298] onNodeAdded: {"children":["root_c2_c2_c0"],"component":"Container","id":"root_c2_c2","styles":{"align-content":"stretch","align-items":"stretch","align-self":"auto","background-color":"transparent","backgroundColor":"rgba(255,255,255,0.15)","border-color":"#0000001A","border-radius":"0px","border-style":"solid","border-width":"0px","borderRadius":13,"filter":"none","flex-direction":"column","flex-grow":0,"flex-shrink":1,"flex-wrap":"nowrap","height":26.0,"justify-content":"flex-start","opacity":1,"paddingLeft":12,"paddingRight":12,"visibility":"visible","width":57.0,"x":142.0,"y":0.0}}, parentId:root_c2
08-27 12:48:42.087 D/AGenUI  (29018): 12:48:42.086 [logYogaLayoutInfo@277] [layout] id=root_c2_c2_c0 type=Text parent=root_c2_c2 xywh=(0.0,0.0,57.0,26.0) flex=(0.0,1.0) child=0 aspect=nan measure=1
08-27 12:48:42.088 D/AGenUI  (29018): 12:48:42.088 [onNodeAdded@298] onNodeAdded: {"component":"Text","id":"root_c2_c2_c0","styles":{"align-content":"stretch","align-items":"stretch","align-self":"auto","background-color":"transparent","border-color":"#0000001A","border-radius":"0px","border-style":"solid","border-width":"0px","color":"#FFFFFF","filter":"none","flex-direction":"column","flex-grow":0,"flex-shrink":1,"flex-wrap":"nowrap","font-family":"system","font-size":"28px","fontSize":11,"height":26.0,"justify-content":"flex-start","line-clamp":1,"line-height":"40px","lines":1,"opacity":1,"text-align":"left","text-overflow":"ellipsis","visibility":"visible","width":57.0,"x":0.0,"y":0.0},"text":"连续","variant":"body"}, parentId:root_c2_c2
08-27 12:48:42.089 D/AGenUI  (29018): 12:48:42.088 [logYogaLayoutInfo@277] [layout] id=root_c3 type=Row parent=root_c0 xywh=(0.0,272.0,200.0,40.0) flex=(0.0,1.0) child=2 aspect=nan measure=0
08-27 12:48:42.090 D/AGenUI  (29018): 12:48:42.089 [onNodeAdded@298] onNodeAdded: {"children":["root_c3_c0","root_c3_c1"],"component":"Row","id":"root_c3","styles":{"align-content":"stretch","align-items":"stretch","align-self":"auto","background-color":"transparent","border-color":"#0000001A","border-radius":"0px","border-style":"solid","border-width":"0px","filter":"none","flex-direction":"column","flex-grow":0,"flex-shrink":1,"flex-wrap":"nowrap","height":40.0,"justify-content":"flex-start","opacity":1,"paddingBottom":16,"paddingLeft":16,"paddingRight":16,"paddingTop":8,"visibility":"visible","width":200.0,"x":0.0,"y":272.0}}, parentId:root_c0
08-27 12:48:42.090 D/AGenUI  (29018): 12:48:42.090 [logYogaLayoutInfo@277] [layout] id=root_c3_c0 type=Container parent=root_c3 xywh=(0.0,0.0,141.0,40.0) flex=(0.0,1.0) child=1 aspect=nan measure=0
08-27 12:48:42.091 D/AGenUI  (29018): 12:48:42.091 [onNodeAdded@298] onNodeAdded: {"children":["root_c3_c0_c0"],"component":"Container","id":"root_c3_c0","styles":{"align-content":"stretch","align-items":"stretch","align-self":"auto","background-color":"transparent","backgroundColor":"#FFD60A","border-color":"#0000001A","border-radius":"0px","border-style":"solid","border-width":"0px","borderRadius":20,"filter":"none","flex":1,"flex-direction":"column","flex-grow":0,"flex-shrink":1,"flex-wrap":"nowrap","height":40.0,"justify-content":"flex-start","opacity":1,"paddingLeft":16,"paddingRight":16,"visibility":"visible","width":141.0,"x":0.0,"y":0.0}}, parentId:root_c3
08-27 12:48:42.092 D/AGenUI  (29018): 12:48:42.091 [logYogaLayoutInfo@277] [layout] id=root_c3_c0_c0 type=Text parent=root_c3_c0 xywh=(0.0,0.0,141.0,40.0) flex=(0.0,1.0) child=0 aspect=nan measure=1
08-27 12:48:42.093 D/AGenUI  (29018): 12:48:42.092 [onNodeAdded@298] onNodeAdded: {"component":"Text","id":"root_c3_c0_c0","styles":{"align-content":"stretch","align-items":"stretch","align-self":"auto","background-color":"transparent","border-color":"#0000001A","border-radius":"0px","border-style":"solid","border-width":"0px","color":"#1a3c34","filter":"none","flex-direction":"column","flex-grow":0,"flex-shrink":1,"flex-wrap":"nowrap","font-family":"system","font-size":"28px","fontSize":14,"fontWeight":"bold","height":40.0,"justify-content":"flex-start","line-clamp":1,"line-height":"40px","lines":1,"opacity":1,"text-align":"left","text-overflow":"ellipsis","visibility":"visible","width":141.0,"x":0.0,"y":0.0},"text":"继续记笔记","variant":"body"}, parentId:root_c3_c0
08-27 12:48:42.094 D/AGenUI  (29018): 12:48:42.093 [logYogaLayoutInfo@277] [layout] id=root_c3_c1 type=Container parent=root_c3 xywh=(141.0,0.0,57.0,40.0) flex=(0.0,1.0) child=1 aspect=nan measure=0
08-27 12:48:42.095 D/AGenUI  (29018): 12:48:42.094 [onNodeAdded@298] onNodeAdded: {"children":["root_c3_c1_c0"],"component":"Container","id":"root_c3_c1","styles":{"align-content":"stretch","align-items":"stretch","align-self":"auto","background-color":"transparent","backgroundColor":"rgba(255,255,255,0.15)","border-color":"#0000001A","border-radius":"0px","border-style":"solid","border-width":"0px","borderRadius":20,"filter":"none","flex-direction":"column","flex-grow":0,"flex-shrink":1,"flex-wrap":"nowrap","height":40.0,"justify-content":"flex-start","marginLeft":8,"opacity":1,"paddingLeft":16,"paddingRight":16,"visibility":"visible","width":57.0,"x":141.0,"y":0.0}}, parentId:root_c3
08-27 12:48:42.095 D/AGenUI  (29018): 12:48:42.095 [logYogaLayoutInfo@277] [layout] id=root_c3_c1_c0 type=Text parent=root_c3_c1 xywh=(0.0,0.0,57.0,40.0) flex=(0.0,1.0) child=0 aspect=nan measure=1
08-27 12:48:42.097 D/AGenUI  (29018): 12:48:42.096 [onNodeAdded@298] onNodeAdded: {"component":"Text","id":"root_c3_c1_c0","styles":{"align-content":"stretch","align-items":"stretch","align-self":"auto","background-color":"transparent","border-color":"#0000001A","border-radius":"0px","border-style":"solid","border-width":"0px","color":"#FFFFFF","filter":"none","flex-direction":"column","flex-grow":0,"flex-shrink":1,"flex-wrap":"nowrap","font-family":"system","font-size":"28px","fontSize":14,"height":40.0,"justify-content":"flex-start","line-clamp":1,"line-height":"40px","lines":1,"opacity":1,"text-align":"left","text-overflow":"ellipsis","visibility":"visible","width":57.0,"x":0.0,"y":0.0},"text":"复习","variant":"body"}, parentId:root_c3_c1
08-27 12:48:42.098 I/NativeEventBridge(29018): 12:48:42.097 [onComponentsAdd@70] onComponentsAdd: surfaceId=widget_-1_1787806121764, parents=33, components=33, components=[{"children":["root_c0"],"component":"Card","id":"root","styles":{"align-content":"stretch","align-items":"stretch","align-self":"auto","background-color":"transparent","backgroundColor":"linear-gradient(160deg,#1a3c34 0%,#2d5f4e 55%,#4a8c6f 100%)","border-color":"#0000001A","border-radius":"16px","border-style":"solid","border-width":"0px","borderRadius":16,"elevation":4,"filter":"none","flex-direction":"column","flex-grow":0,"flex-shrink":1,"flex-wrap":"nowrap","height":312.0,"justify-content":"flex-start","opacity":1,"visibility":"visible","width":200.0,"x":0.0,"y":0.0}}, {"children":["root_c0_c0","root_c1","root_c2","root_c3"],"component":"Column","id":"root_c0","styles":{"align-content":"stretch","align-items":"stretch","align-self":"auto","background-color":"transparent","border-color":"#0000001A","border-radius":"0px","border-style":"solid","border-width":"0px","filter":"none","flex-direction":"column","flex-grow":0,"flex-shrink":1,"flex-wrap":"nowrap","height":312.0,"justify-content":"flex-start","opacity":1,"visibility":"visible","width":200.0,"x":0.0,"y":0.0}}, {"children":["root_c0_c0_c0","root_c0_c0_c1"],"component":"Row","id":"root_c0_c0","styles":{"align-content":"stretch","align-items":"stretch","align-self":"auto","background-color":"transparent","border-color":"#0000001A","border-radius":"0px","border-style":"solid","border-width":"0px","filter":"none","flex-direction":"column","flex-grow":0,"flex-shrink":1,"flex-wrap":"nowrap","height":82.0,"justify-content":"flex-start","opacity":1,"paddingBottom":12,"paddingLeft":16,"paddingRight":16,"paddingTop":16,"visibility":"visible","width":200.0,"x":0.0,"y":0.0}}, {"children":["root_c0_c0_c0_c0"],"component":"Container","id":"root_c0_c0_c0","styles":{"align-content":"stretch","align-items":"stretch","align-self":"auto","background-color":"transparent","backgroundColor":"rgba(255,255,255,0.15)","border-color":"#0000001A","border-radius":"0px","border-style":"solid","border-width":"0px","borderRadius":999,"filter":"none","flex-direction":"column","flex-grow":0,"flex-shrink":1,"flex-wrap":"nowrap","height":40.0,"justify-content":"flex-start","opacity":1,"visibility":"visible","width":33.0,"x":0.0,"y":21.0}}, {"component":"Text","id":"root_c0_c0_c0_c0","styles":{"align-content":"stretch","align-items":"stretch","align-self":"auto","background-color":"transparent","border-color":"#0000001A","border-radius":"0px","border-style":"solid","border-width":"0px","color":"#FFFFFF","filter":"none","flex-direction":"column","flex-grow":0,"flex-shrink":1,"flex-wrap":"nowrap","font-family":"system","font-size":"28px","fontSize":18,"height":40.0,"justify-content":"flex-start","line-clamp":1,"line-height":"40px","lines":1,"opacity":1,"text-align":"left","text-overflow":"ellipsis","visibility":"visible","width":35.0,"x":-1.0,"y":0.0},"text":"📖","variant":"body"}, {"children":["root_c0_c0_c1_c0","root_c0_c0_c1_c1"],"component":"Column","id":"root_c0_c0_c1","styles":{"align-content":"stretch","align-items":"stretch","align-self":"auto","background-color":"transparent","border-color":"#0000001A","border-radius":"0px","border-style":"solid","border-width":"0px","filter":"none","flex":1,"flex-direction":"column","flex-grow":0,"flex-shrink":1,"flex-wrap":"nowrap","height":82.0,"justify-content":"flex-start","marginLeft":12,"opacity":1,"visibility":"visible","width":167.0,"x":33.0,"y":0.0}}, {"component":"Text","id":"root_c0_c0_c1_c0","styles":{"align-content":"stretch","align-items":"stretch","align-self":"auto","background-color":"transparent","border-color":"#0000001A","border-radius":"0px","border-style":"solid","border-width":"0px","color":"#FFFFFF","filter":"none","flex-direction":"column","flex-grow":0,"flex-shrink":1,"flex-wrap":"nowrap","font-family":"system","font-size":"28px","fontSize":16,"fontWeight":"bold","height":41.0,"justify-content":"flex-start","line-clamp":1,"line-height":"40px","lines":1,"opaci
08-27 12:48:42.099 D/AGenUI  (29018): 12:48:42.098 [updateComponents@112] success: {"version":"v0.9","updateComponents":{"surfaceId":"widget_-1_1787806121764","components":[{"id":"root_c0_c0_c0_c0","component":"Text","text":"📖","styles":{"fontSize":18,"color":"#FFFFFF"}},{"id":"root_c0_c0_c0","component":"Container","styles":{"width":40,"height":40,"borderRadius":999,"backgroundColor":"rgba(255,255,255,0.15)","alignItems":"center","justifyContent":"center"},"children":["root_c0_c0_c0_c0"]},{"id":"root_c0_c0_c1_c0","component":"Text","text":"高等数学","styles":{"fontSize":16,"fontWeight":"bold","color":"#FFFFFF"}},{"id":"root_c0_c0_c1_c1","component":"Text","text":"第三章 · 2026-08-27 10:30","styles":{"fontSize":12,"color":"rgba(255,255,255,0.7)"}},{"id":"root_c0_c0_c1","component":"Column","styles":{"marginLeft":12,"flex":1},"children":["root_c0_c0_c1_c0","root_c0_c0_c1_c1"]},{"id":"root_c0_c0","component":"Row","styles":{"paddingLeft":16,"paddingRight":16,"paddingTop":16,"paddingBottom":12,"alignItems":"center"},"children":["root_c0_c0_c0","root_c0_c0_c1"]},{"id":"root_c1_c0_c0","component":"Text","text":"●","styles":{"fontSize":12,"color":"#FFD60A","marginRight":8}},{"id":"root_c1_c0_c1","component":"Text","text":"极限的 ε-δ 定义与几何意义","styles":{"fontSize":13,"color":"#FFFFFF","flex":1}},{"id":"root_c1_c0","component":"Row","styles":{"paddingLeft":16,"paddingRight":16,"paddingTop":4,"paddingBottom":4,"alignItems":"center"},"children":["root_c1_c0_c0","root_c1_c0_c1"]},{"id":"root_c1_c1_c0","component":"Text","text":"●","styles":{"fontSize":12,"color":"#FFD60A","marginRight":8}},{"id":"root_c1_c1_c1","component":"Text","text":"连续函数的三大性质","styles":{"fontSize":13,"color":"#FFFFFF","flex":1}},{"id":"root_c1_c1","component":"Row","styles":{"paddingLeft":16,"paddingRight":16,"paddingTop":4,"paddingBottom":4,"alignItems":"center"},"children":["root_c1_c1_c0","root_c1_c1_c1"]},{"id":"root_c1_c2_c0","component":"Text","text":"●","styles":{"fontSize":12,"color":"#FFD60A","marginRight":8}},{"id":"root_c1_c2_c1","component":"Text","text":"中值定理的推导与应用","styles":{"fontSize":13,"color":"#FFFFFF","flex":1}},{"id":"root_c1_c2","component":"Row","styles":{"paddingLeft":16,"paddingRight":16,"paddingTop":4,"paddingBottom":4,"alignItems":"center"},"children":["root_c1_c2_c0","root_c1_c2_c1"]},{"id":"root_c1_c3_c0","component":"Text","text":"●","styles":{"fontSize":12,"color":"#FFD60A","marginRight":8}},{"id":"root_c1_c3_c1","component":"Text","text":"例题：利用夹逼准则求极限","styles":{"fontSize":13,"color":"#FFFFFF","flex":1}},{"id":"root_c1_c3","component":"Row","styles":{"paddingLeft":16,"paddingRight":16,"paddingTop":4,"paddingBottom":4,"alignItems":"center"},"children":["root_c1_c3_c0","root_c1_c3_c1"]},{"id":"root_c1","component":"Column","styles":{"paddingLeft":4,"paddingRight":4,"paddingTop":4,"paddingBottom":8},"children":["root_c1_c0","root_c1_c1","root_c1_c2","root_c1_c3"]},{"id":"root_c2_c0_c0","component":"Text","text":"微积分","styles":{"fontSize":11,"color":"#FFFFFF"}},{"id":"root_c2_c0","component":"Container","styles":{"height":26,"borderRadius":13,"backgroundColor":"rgba(255,255,255,0.15)","alignItems":"center","justifyContent":"center","paddingLeft":12,"paddingRight":12,"marginRight":6},"children":["root_c2_c0_c0"]},{"id":"root_c2_c1_c0","component":"Text","text":"极限","styles":{"fontSize":11,"color":"#FFFFFF"}},{"id":"root_c2_c1","component":"Container","styles":{"height":26,"borderRadius":13,"backgroundColor":"rgba(255,255,255,0.15)","alignItems":"center","justifyContent":"center","paddingLeft":12,"paddingRight":12,"marginRight":6},"children":["root_c2_c1_c0"]},{"id":"root_c2_c2_c0","component":"Text","text":"连续","styles":{"fontSize":11,"color":"#FFFFFF"}},{"id":"root_c2_c2","component":"Container","styles":{"height":26,"borderRadius":13,"backgroundColor":"rgba(255,255,255,0.15)","alignItems":"center","justifyContent":"center","paddingLeft":12,"paddingRight":12},"children":["root_c2_c2_c0"]},{"id":"root_c2","component":"Row","
08-27 12:48:42.100 D/surface_updateDataModel_begin(29018): [PERF] 12:48:42.099 [updateDataModel@234] widget_-1_1787806121764
08-27 12:48:42.100 D/AGenUI  (29018): 12:48:42.100 [updateData@50] path:/, jsonValue:{"courseName":"高等数学","points":["极限的 ε-δ 定义与几何意义","连续函数的三大性质","中值定理的推导与应用","例题：利用夹逼准则求极限"],"tags":["微积分","极限","连续"],"timestamp":"2026-08-27T10:30:00"}
08-27 12:48:42.101 D/surface_updateDataModel_end(29018): [PERF] 12:48:42.101 [updateDataModel@253] widget_-1_1787806121764
08-27 12:48:42.102 D/AGenUI  (29018): 12:48:42.101 [updateDataModel@137] success: {"version":"v0.9","updateDataModel":{"surfaceId":"widget_-1_1787806121764","value":{"courseName":"高等数学","points":["极限的 ε-δ 定义与几何意义","连续函数的三大性质","中值定理的推导与应用","例题：利用夹逼准则求极限"],"tags":["微积分","极限","连续"],"timestamp":"2026-08-27T10:30:00"}}}
08-27 12:48:42.102 D/stream_assembling_end(29018): [PERF] 12:48:42.102 [processDataAssembling@57] 
08-27 12:48:42.103 D/AGenUI  (29018): 12:48:42.102 [processDataEnding@61] processing end
08-27 12:48:42.103 D/stream_end(29018): [PERF] 12:48:42.103 [processDataEnding@66] 
08-27 12:48:42.196 D/AGenUIWidgetRenderSvc(29018): onRootComponentUpdate: widget_-1_1787806121764, props={children=[root_c0], styles={align-content=stretch, align-items=stretch, align-self=auto, background-color=transparent, backgroundColor=linear-gradient(160deg,#1a3c34 0%,#2d5f4e 55%,#4a8c6f 100%), border-color=#0000001A, border-radius=16px, border-style=solid, border-width=0px, borderRadius=16.0, elevation=4.0, filter=none, flex-direction=column, flex-grow=0.0, flex-shrink=1.0, flex-wrap=nowrap, height=312.0, justify-content=flex-start, opacity=1.0, visibility=visible, width=200.0, x=0.0, y=0.0}}
08-27 12:48:42.197 D/components_applied(29018): [PERF] 12:48:42.196 [lambda$onComponentsAdd$2$com-amap-agenui-render-surface-NativeEventBridge@76] widget_-1_1787806121764
08-27 12:48:42.296 D/AGenUIWidgetRenderSvc(29018): Surface ready, proceeding to draw
08-27 12:48:42.308 D/WidgetBitmapRenderer(29018): Measured: 300x400
08-27 12:48:42.310 D/AGenUI  (29018): 12:48:42.309 [handleSurfaceSizeChanged@286] handleSurfaceSizeChanged: surfaceId:widget_-1_1787806121764, width:200.0, height:266.7
08-27 12:48:42.334 D/WidgetBitmapRenderer(29018): Bitmap: 300x400, bytes=480000
08-27 12:48:42.348 D/WidgetBitmapRenderer(29018): Debug bitmap saved: /storage/emulated/0/Android/data/com.amap.agenuiplayground/files/widget_render_debug.png
08-27 12:48:42.348 D/WidgetBitmapRenderer(29018): View hierarchy:
08-27 12:48:42.348 D/WidgetBitmapRenderer(29018):  [300x400] measured=[300x400] vis=0 tag=null
08-27 12:48:42.348 D/WidgetBitmapRenderer(29018):    [300x468] measured=[300x468] vis=0 tag=null
08-27 12:48:42.348 D/WidgetBitmapRenderer(29018):     YogaAbsoluteLayout [300x468] measured=[300x468] vis=0 tag=null
08-27 12:48:42.348 D/WidgetBitmapRenderer(29018):       YogaAbsoluteLayout [300x468] measured=[300x468] vis=0 tag=null
08-27 12:48:42.348 D/WidgetBitmapRenderer(29018):         YogaAbsoluteLayout [300x123] measured=[300x123] vis=0 tag=null
08-27 12:48:42.348 D/WidgetBitmapRenderer(29018):           YogaAbsoluteLayout [50x60] measured=[50x60] vis=0 tag=null
08-27 12:48:42.348 D/WidgetBitmapRenderer(29018):             TextView [53x60] measured=[53x60] vis=0 tag=null
08-27 12:48:42.348 D/WidgetBitmapRenderer(29018):           YogaAbsoluteLayout [251x123] measured=[251x123] vis=0 tag=null
08-27 12:48:42.348 D/WidgetBitmapRenderer(29018):             TextView [251x62] measured=[251x62] vis=0 tag=null
08-27 12:48:42.348 D/WidgetBitmapRenderer(29018):             TextView [251x62] measured=[251x62] vis=0 tag=null
08-27 12:48:42.348 D/WidgetBitmapRenderer(29018):         YogaAbsoluteLayout [300x246] measured=[300x246] vis=0 tag=null
08-27 12:48:42.348 D/WidgetBitmapRenderer(29018):           YogaAbsoluteLayout [300x62] measured=[300x62] vis=0 tag=null
08-27 12:48:42.348 D/WidgetBitmapRenderer(29018):             TextView [39x62] measured=[39x62] vis=0 tag=null
08-27 12:48:42.348 D/WidgetBitmapRenderer(29018):             TextView [263x62] measured=[263x62] vis=0 tag=null
08-27 12:48:42.348 D/WidgetBitmapRenderer(29018):           YogaAbsoluteLayout [300x62] measured=[300x62] vis=0 tag=null
08-27 12:48:42.348 D/WidgetBitmapRenderer(29018):             TextView [39x62] measured=[39x62] vis=0 tag=null
08-27 12:48:42.348 D/WidgetBitmapRenderer(29018):             TextView [263x62] measured=[263x62] vis=0 tag=null
08-27 12:48:42.348 D/WidgetBitmapRenderer(29018):           YogaAbsoluteLayout [300x62] measured=[300x62] vis=0 tag=null
08-27 12:48:42.348 D/WidgetBitmapRenderer(29018):             TextView [39x62] measured=[39x62] vis=0 tag=null
08-27 12:48:42.348 D/WidgetBitmapRenderer(29018):             TextView [263x62] measured=[263x62] vis=0 tag=null
08-27 12:48:42.348 D/WidgetBitmapRenderer(29018):           YogaAbsoluteLayout [300x62] measured=[300x62] vis=0 tag=null
08-27 12:48:42.348 D/WidgetBitmapRenderer(29018):             TextView [39x62] measured=[39x62] vis=0 tag=null
08-27 12:48:42.348 D/WidgetBitmapRenderer(29018):             TextView [263x62] measured=[263x62] vis=0 tag=null
08-27 12:48:42.348 D/WidgetBitmapRenderer(29018):         YogaAbsoluteLayout [300x39] measured=[300x39] vis=0 tag=null
08-27 12:48:42.348 D/WidgetBitmapRenderer(29018):           YogaAbsoluteLayout [128x39] measured=[128x39] vis=0 tag=null
08-27 12:48:42.348 D/WidgetBitmapRenderer(29018):             TextView [128x39] measured=[128x39] vis=0 tag=null
08-27 12:48:42.348 D/WidgetBitmapRenderer(29018):           YogaAbsoluteLayout [86x39] measured=[86x39] vis=0 tag=null
08-27 12:48:42.348 D/WidgetBitmapRenderer(29018):             TextView [86x39] measured=[86x39] vis=0 tag=null
08-27 12:48:42.348 D/WidgetBitmapRenderer(29018):           YogaAbsoluteLayout [86x39] measured=[86x39] vis=0 tag=null
08-27 12:48:42.348 D/WidgetBitmapRenderer(29018):             TextView [86x39] measured=[86x39] vis=0 tag=null
08-27 12:48:42.348 D/WidgetBitmapRenderer(29018):         YogaAbsoluteLayout [300x60] measured=[300x60] vis=0 tag=null
08-27 12:48:42.348 D/WidgetBitmapRenderer(29018):           YogaAbsoluteLayout [212x60] measured=[212x60] vis=0 tag=null
08-27 12:48:42.348 D/WidgetBitmapRenderer(29018):             TextView [212x60] measured=[212x60] vis=0 tag=null
08-27 12:48:42.348 D/WidgetBitmapRenderer(29018):           YogaAbsoluteLayout [86x60] measured=[86x60] vis=0 tag=null
08-27 12:48:42.348 D/WidgetBitmapRenderer(29018):             TextView [86x60] measured=[86x60] vis=0 tag=null
08-27 12:48:42.349 D/AGenUIWidgetRenderSvc(29018): Widget updated: AGenUI · classroom
08-27 12:48:42.349 D/WidgetSurfacePool(29018): Released SurfaceManager for template=classroom, pool size=1
08-27 12:48:42.349 D/AGenUIWidgetRenderSvc(29018): renderSync: id=-1, template=flashcard
08-27 12:48:42.349 D/AGenUIWidgetRenderSvc(29018): Widget dimensions: 300x400 (MEDIUM)
08-27 12:48:42.350 D/WidgetTemplateValidator(29018): Validated: 19 unique component IDs
08-27 12:48:42.355 D/AGenUIWidgetRenderSvc(29018): Converted 3 chunks for template: flashcard
08-27 12:48:42.356 W/AGenUI  (29018): 12:48:42.356 [initialize@68] Module already initialized
08-27 12:48:42.357 D/AGenUI  (29018): 12:48:42.357 [setDebug@278] build type set to debug
08-27 12:48:42.358 D/AGenUI  (29018): 12:48:42.357 [jni_createSurfaceManager@42] [JNI] createSurfaceManager
08-27 12:48:42.358 D/AGenUI  (29018): 12:48:42.358 [createSurfaceManager@90] begin creating
08-27 12:48:42.359 D/AGenUI  (29018): 12:48:42.358 [enterRunning@22] enter running, 8
08-27 12:48:42.359 D/AGenUI  (29018): 12:48:42.359 [createSurfaceManager@109] created, 8
08-27 12:48:42.359 D/AGenUI  (29018): 12:48:42.359 [init@40] init, 8
08-27 12:48:42.360 D/AGenUI  (29018): 12:48:42.360 [jni_createSurfaceManager@54] [JNI] createSurfaceManager: created with instanceId=8
08-27 12:48:42.360 D/AGenUI  (29018): 12:48:42.360 [SurfaceCoordinator@34] construction finished
08-27 12:48:42.360 I/AGenUI  (29018): 12:48:42.360 [createSurfaceManager@168] SurfaceManager created: instanceId=8
08-27 12:48:42.361 D/AGenUI  (29018): 12:48:42.361 [jni_addEventListener@47] [JNI] addEventListener: instanceId=8
08-27 12:48:42.362 D/AGenUI  (29018): 12:48:42.361 [addSurfaceEventListener@84] add lisenter success 8, listener:0xb4000078d1f49870, 0xb400007971e75110
08-27 12:48:42.362 D/AGenUI  (29018): 12:48:42.362 [addEventListener@7] listener:0xb4000078d1f49870, 0
08-27 12:48:42.362 D/AGenUI  (29018): 12:48:42.362 [jni_addEventListener@66] [JNI] addEventListener: success, instanceId=8
08-27 12:48:42.363 I/SurfaceManager(29018): 12:48:42.363 [addMessageListener@200] UIMessage listener registered: instanceId=8
08-27 12:48:42.363 D/AGenUI  (29018): 12:48:42.363 [jni_setSurfaceSizeProvider@241] [JNI] setSurfaceSizeProvider: instanceId=8
08-27 12:48:42.364 I/SurfaceManager(29018): 12:48:42.364 [<init>@90] SurfaceManager created with Context, instanceId=8
08-27 12:48:42.364 D/AGenUIWidgetRenderSvc(29018): Created new SurfaceManager
08-27 12:48:42.365 D/SurfaceManager(29018): 12:48:42.364 [addListener@167] Listener added: 
08-27 12:48:42.365 D/AGenUI  (29018): 12:48:42.365 [beginTextStream@144] begin text stream
08-27 12:48:42.365 D/surface_begin_text_stream(29018): [PERF] 12:48:42.365 [beginTextStream@148] instanceId=8
08-27 12:48:42.366 D/surface_receive_text_chunk(29018): [PERF] 12:48:42.366 [receiveTextChunk@185] instanceId=8, bytes=171
08-27 12:48:42.366 D/AGenUI  (29018): 12:48:42.366 [processDataBeginning@36] processing begin
08-27 12:48:42.367 D/stream_begin(29018): [PERF] 12:48:42.366 [processDataBeginning@39] 
08-27 12:48:42.367 D/surface_receive_text_chunk(29018): [PERF] 12:48:42.366 [receiveTextChunk@185] instanceId=8, bytes=3315
08-27 12:48:42.367 D/stream_assembling_begin(29018): [PERF] 12:48:42.367 [processDataAssembling@43] 
08-27 12:48:42.367 D/surface_receive_text_chunk(29018): [PERF] 12:48:42.367 [receiveTextChunk@185] instanceId=8, bytes=259
08-27 12:48:42.368 D/AGenUI  (29018): 12:48:42.367 [processDataAssembling@44] {"version":"v0.9","createSurface":{"surfaceId":"widget_-1_1787806122349","catalogId":"https:\/\/a2ui.org\/specification\/v0_9\/catalogs\/basic\/catalog.json","width":300}}
08-27 12:48:42.368 D/AGenUI  (29018): 12:48:42.368 [endTextStream@163] end text stream
08-27 12:48:42.368 D/surface_create_begin(29018): [PERF] 12:48:42.368 [Surface@26] widget_-1_1787806122349
08-27 12:48:42.368 D/surface_end_text_stream(29018): [PERF] 12:48:42.368 [endTextStream@167] instanceId=8
08-27 12:48:42.369 D/surface_create_end(29018): [PERF] 12:48:42.368 [Surface@49] widget_-1_1787806122349
08-27 12:48:42.369 D/AGenUI  (29018): 12:48:42.369 [createSurface@82] success: {"version":"v0.9","createSurface":{"surfaceId":"widget_-1_1787806122349","catalogId":"https:\/\/a2ui.org\/specification\/v0_9\/catalogs\/basic\/catalog.json","width":300}}
08-27 12:48:42.370 D/AGenUI  (29018): 12:48:42.369 [dispatchCreateSurface@36] surfaceId:widget_-1_1787806122349
08-27 12:48:42.370 I/NativeEventBridge(29018): 12:48:42.370 [onCreateSurface@45] onCreateSurface: surfaceId=widget_-1_1787806122349, catalogId=https://a2ui.org/specification/v0_9/catalogs/basic/catalog.json
08-27 12:48:42.371 D/stream_assembling_end(29018): [PERF] 12:48:42.370 [processDataAssembling@57] 
08-27 12:48:42.371 D/SurfaceManager(29018): 12:48:42.370 [createSurface@324] createSurface: surfaceId=widget_-1_1787806122349
08-27 12:48:42.371 D/stream_assembling_begin(29018): [PERF] 12:48:42.371 [processDataAssembling@43] 
08-27 12:48:42.372 D/Surface (29018): 12:48:42.371 [<init>@127] Surface created: id=widget_-1_1787806122349
08-27 12:48:42.372 D/AGenUI  (29018): 12:48:42.371 [processDataAssembling@44] {"version":"v0.9","updateComponents":{"surfaceId":"widget_-1_1787806122349","components":[{"id":"root_c0_c0_c0_c0","component":"Text","text":"计算机科学","styles":{"fontSize":11,"color":"#FFFFFF","fontWeight":"bold"}},{"id":"root_c0_c0_c0","component":"Container","styles":{"height":26,"borderRadius":13,"backgroundColor":"rgba(255,255,255,0.15)","alignItems":"center","justifyContent":"center","paddingLeft":12,"paddingRight":12},"children":["root_c0_c0_c0_c0"]},{"id":"root_c0_c0_c1","component":"Text","text":"算法 · 第3张","styles":{"fontSize":11,"color":"rgba(255,255,255,0.7)","marginLeft":8,"flex":1}},{"id":"root_c0_c0","component":"Row","styles":{"paddingLeft":16,"paddingRight":16,"paddingTop":16,"paddingBottom":8,"alignItems":"center"},"children":["root_c0_c0_c0","root_c0_c0_c1"]},{"id":"root_c1_c0","component":"Text","text":"问题","styles":{"fontSize":11,"color":"rgba(255,255,255,0.6)","paddingLeft":16,"paddingRight":16,"paddingBottom":4}},{"id":"root_c1_c1","component":"Text","text":"什么是时间复杂度？","styles":{"fontSize":20,"fontWeight":"bold","color":"#FFFFFF","paddingLeft":16,"paddingRight":16,"paddingBottom":8}},{"id":"root_c1","component":"Column","styles":{"paddingTop":4,"paddingBottom":8},"children":["root_c1_c0","root_c1_c1"]},{"id":"root_c2_c0_c0","component":"Text","text":"点击查看答案","styles":{"fontSize":14,"color":"#FFFFFF","textAlign":"center"}},{"id":"root_c2_c0_c1","component":"Text","text":"O(n) 表示算法运行时间随输入规模 n 呈线性增长","styles":{"fontSize":13,"color":"rgba(255,255,255,0.85)","textAlign":"center","paddingTop":4}},{"id":"root_c2_c0","component":"Column","styles":{"paddingLeft":16,"paddingRight":16,"paddingTop":12,"paddingBottom":12,"alignItems":"center"},"children":["root_c2_c0_c0","root_c2_c0_c1"]},{"id":"root_c2","component":"Card","styles":{"borderRadius":12,"backgroundColor":"rgba(255,255,255,0.1)","marginLeft":16,"marginRight":16,"marginBottom":12,"elevation":0},"children":["root_c2_c0"]},{"id":"root_c3_c0_c0","component":"Text","text":"上一张","styles":{"fontSize":14,"color":"#FFFFFF"}},{"id":"root_c3_c0","component":"Container","styles":{"height":40,"borderRadius":20,"backgroundColor":"rgba(255,255,255,0.15)","alignItems":"center","justifyContent":"center","paddingLeft":16,"paddingRight":16},"children":["root_c3_c0_c0"]},{"id":"root_c3_c1","component":"Text","text":"3\/10","styles":{"fontSize":14,"color":"#FFFFFF","fontWeight":"bold","flex":1,"textAlign":"center"}},{"id":"root_c3_c2_c0","component":"Text","text":"下一张","styles":{"fontSize":14,"color":"#FFFFFF","fontWeight":"bold"}},{"id":"root_c3_c2","component":"Container","styles":{"height":40,"borderRadius":20,"backgroundColor":"#A78BFA","alignItems":"center","justifyContent":"center","paddingLeft":16,"paddingRight":16},"children":["root_c3_c2_c0"]},{"id":"root_c3","component":"Row","styles":{"paddingLeft":16,"paddingRight":16,"paddingTop":4,"paddingBottom":16,"alignItems":"center"},"children":["root_c3_c0","root_c3_c1","root_c3_c2"]},{"id":"root_c0","component":"Column","children":["root_c0_c0","root_c1","root_c2","root_c3"]},{"id":"root","component":"Card","styles":{"borderRadius":16,"backgroundColor":"linear-gradient(160deg,#2d1b4e 0%,#4a2d7a 55%,#6b4ca0 100%)","elevation":4},"children":["root_c0"]}]}}
08-27 12:48:42.372 D/AGenUIWidgetRenderSvc(29018): onCreateSurface: widget_-1_1787806122349
08-27 12:48:42.372 D/SurfaceManager(29018): 12:48:42.372 [createSurface@404] ✓ Surface created: widget_-1_1787806122349
08-27 12:48:42.373 D/stream_assembling_end(29018): [PERF] 12:48:42.372 [processDataAssembling@57] 
08-27 12:48:42.373 D/stream_assembling_begin(29018): [PERF] 12:48:42.373 [processDataAssembling@43] 
08-27 12:48:42.374 D/AGenUI  (29018): 12:48:42.373 [processDataAssembling@44] {"version":"v0.9","updateDataModel":{"surfaceId":"widget_-1_1787806122349","value":{"subject":"计算机科学","question":"什么是时间复杂度？","answer":"O(n) 表示算法运行时间随输入规模 n 呈线性增长","cardIndex":3,"totalCards":10}}}
08-27 12:48:42.376 D/AGenUI  (29018): 12:48:42.375 [updateComponents@209] none template: Text
08-27 12:48:42.376 D/AGenUI  (29018): 12:48:42.376 [updateComponents@209] none template: Container
08-27 12:48:42.377 D/AGenUI  (29018): 12:48:42.376 [updateComponents@209] none template: Text
08-27 12:48:42.377 D/AGenUI  (29018): 12:48:42.377 [updateComponents@209] none template: Row
08-27 12:48:42.378 D/AGenUI  (29018): 12:48:42.378 [updateComponents@209] none template: Text
08-27 12:48:42.378 D/AGenUI  (29018): 12:48:42.378 [updateComponents@209] none template: Text
08-27 12:48:42.379 D/AGenUI  (29018): 12:48:42.379 [updateComponents@209] none template: Column
08-27 12:48:42.379 D/AGenUI  (29018): 12:48:42.379 [updateComponents@209] none template: Text
08-27 12:48:42.380 D/AGenUI  (29018): 12:48:42.380 [updateComponents@209] none template: Text
08-27 12:48:42.380 D/AGenUI  (29018): 12:48:42.380 [updateComponents@209] none template: Column
08-27 12:48:42.381 D/AGenUI  (29018): 12:48:42.381 [updateComponents@209] none template: Card
08-27 12:48:42.381 D/AGenUI  (29018): 12:48:42.381 [updateComponents@209] none template: Text
08-27 12:48:42.382 D/AGenUI  (29018): 12:48:42.382 [updateComponents@209] none template: Container
08-27 12:48:42.382 D/AGenUI  (29018): 12:48:42.382 [updateComponents@209] none template: Text
08-27 12:48:42.383 D/AGenUI  (29018): 12:48:42.383 [updateComponents@209] none template: Text
08-27 12:48:42.383 D/AGenUI  (29018): 12:48:42.383 [updateComponents@209] none template: Container
08-27 12:48:42.384 D/AGenUI  (29018): 12:48:42.384 [updateComponents@209] none template: Row
08-27 12:48:42.384 D/AGenUI  (29018): 12:48:42.384 [updateComponents@209] none template: Column
08-27 12:48:42.385 D/AGenUI  (29018): 12:48:42.385 [updateComponents@209] none template: Card
08-27 12:48:42.395 D/AGenUI  (29018): 12:48:42.395 [setupMeasureFunctionIfNeeded@329] [setupMeasureFunc] id=root_c0_c0_c0_c0 comp=Text decision=Register
08-27 12:48:42.397 D/AGenUI  (29018): 12:48:42.396 [setupMeasureFunctionIfNeeded@329] [setupMeasureFunc] id=root_c0_c0_c1 comp=Text decision=Register
08-27 12:48:42.398 D/AGenUI  (29018): 12:48:42.398 [setupMeasureFunctionIfNeeded@329] [setupMeasureFunc] id=root_c1_c0 comp=Text decision=Register
08-27 12:48:42.400 D/AGenUI  (29018): 12:48:42.399 [setupMeasureFunctionIfNeeded@329] [setupMeasureFunc] id=root_c1_c1 comp=Text decision=Register
08-27 12:48:42.401 D/AGenUI  (29018): 12:48:42.401 [setupMeasureFunctionIfNeeded@329] [setupMeasureFunc] id=root_c2_c0_c0 comp=Text decision=Register
08-27 12:48:42.402 D/AGenUI  (29018): 12:48:42.402 [setupMeasureFunctionIfNeeded@329] [setupMeasureFunc] id=root_c2_c0_c1 comp=Text decision=Register
08-27 12:48:42.404 D/AGenUI  (29018): 12:48:42.403 [setupMeasureFunctionIfNeeded@329] [setupMeasureFunc] id=root_c3_c0_c0 comp=Text decision=Register
08-27 12:48:42.405 D/AGenUI  (29018): 12:48:42.404 [setupMeasureFunctionIfNeeded@329] [setupMeasureFunc] id=root_c3_c1 comp=Text decision=Register
08-27 12:48:42.406 D/AGenUI  (29018): 12:48:42.405 [setupMeasureFunctionIfNeeded@329] [setupMeasureFunc] id=root_c3_c2_c0 comp=Text decision=Register
08-27 12:48:42.408 D/AGenUI  (29018): 12:48:42.408 [measure@193] [JNI] AndroidBridgeMeasurement.measure start: type=Text, paramJson={"component":"Text","id":"root_c0_c0_c0_c0","styles":{"background-color":"transparent","border-color":"#0000001A","border-radius":"0px","border-style":"solid","border-width":"0px","color":"#FFFFFF","filter":"none","font-family":"system","font-size":"28px","fontSize":11,"fontWeight":"bold","height":0.0,"line-clamp":1,"line-height":"40px","opacity":1,"text-align":"left","text-overflow":"ellipsis","visibility":"visible","width":0.0,"x":0.0,"y":0.0},"text":"计算机科学","variant":"body"}, width={maxValue=200.000000, mode=2}, height={maxValue=26.000000, mode=2}
08-27 12:48:42.409 W/MeasurementBridge(29018): 12:48:42.409 [directMeasure@91] directMeasure start: type=Text, paramJson={"component":"Text","id":"root_c0_c0_c0_c0","styles":{"background-color":"transparent","border-color":"#0000001A","border-radius":"0px","border-style":"solid","border-width":"0px","color":"#FFFFFF","filter":"none","font-family":"system","font-size":"28px","fontSize":11,"fontWeight":"bold","height":0.0,"line-clamp":1,"line-height":"40px","opacity":1,"text-align":"left","text-overflow":"ellipsis","visibility":"visible","width":0.0,"x":0.0,"y":0.0},"text":"计算机科学","variant":"body"}, maxWidth=200.0, widthMode=2, maxHeight=26.0, heightMode=2
08-27 12:48:42.411 W/MeasurementBridge(29018): 12:48:42.411 [directMeasure@108] directMeasure result: type=Text, result=MeasureResult{calcType=0, width=141.0, height=27.0, lineCount=1}
08-27 12:48:42.412 D/AGenUI  (29018): 12:48:42.412 [measure@235] [JNI] AndroidBridgeMeasurement.measure result: type=Text, result=MeasureResult{calcType=Sync, width=141.000000, height=27.000000, countOfLines=1}
08-27 12:48:42.413 D/AGenUI  (29018): 12:48:42.412 [measure@193] [JNI] AndroidBridgeMeasurement.measure start: type=Text, paramJson={"component":"Text","id":"root_c0_c0_c0_c0","styles":{"background-color":"transparent","border-color":"#0000001A","border-radius":"0px","border-style":"solid","border-width":"0px","color":"#FFFFFF","filter":"none","font-family":"system","font-size":"28px","fontSize":11,"fontWeight":"bold","height":0.0,"line-clamp":1,"line-height":"40px","lines":1,"opacity":1,"text-align":"left","text-overflow":"ellipsis","visibility":"visible","width":0.0,"x":0.0,"y":0.0},"text":"计算机科学","variant":"body"}, width={maxValue=200.000000, mode=2}, height={maxValue=26.000000, mode=1}
08-27 12:48:42.413 W/MeasurementBridge(29018): 12:48:42.413 [directMeasure@91] directMeasure start: type=Text, paramJson={"component":"Text","id":"root_c0_c0_c0_c0","styles":{"background-color":"transparent","border-color":"#0000001A","border-radius":"0px","border-style":"solid","border-width":"0px","color":"#FFFFFF","filter":"none","font-family":"system","font-size":"28px","fontSize":11,"fontWeight":"bold","height":0.0,"line-clamp":1,"line-height":"40px","lines":1,"opacity":1,"text-align":"left","text-overflow":"ellipsis","visibility":"visible","width":0.0,"x":0.0,"y":0.0},"text":"计算机科学","variant":"body"}, maxWidth=200.0, widthMode=2, maxHeight=26.0, heightMode=1
08-27 12:48:42.416 W/MeasurementBridge(29018): 12:48:42.415 [directMeasure@108] directMeasure result: type=Text, result=MeasureResult{calcType=0, width=141.0, height=27.0, lineCount=1}
08-27 12:48:42.417 D/AGenUI  (29018): 12:48:42.417 [measure@235] [JNI] AndroidBridgeMeasurement.measure result: type=Text, result=MeasureResult{calcType=Sync, width=141.000000, height=27.000000, countOfLines=1}
08-27 12:48:42.418 D/AGenUI  (29018): 12:48:42.417 [measure@193] [JNI] AndroidBridgeMeasurement.measure start: type=Text, paramJson={"component":"Text","id":"root_c0_c0_c1","styles":{"background-color":"transparent","border-color":"#0000001A","border-radius":"0px","border-style":"solid","border-width":"0px","color":"rgba(255,255,255,0.7)","filter":"none","flex":1,"font-family":"system","font-size":"28px","fontSize":11,"height":0.0,"line-clamp":1,"line-height":"40px","marginLeft":8,"opacity":1,"text-align":"left","text-overflow":"ellipsis","visibility":"visible","width":0.0,"x":0.0,"y":0.0},"text":"算法 · 第3张","variant":"body"}, width={maxValue=200.000000, mode=2}, height={maxValue=nan, mode=0}
08-27 12:48:42.418 W/MeasurementBridge(29018): 12:48:42.418 [directMeasure@91] directMeasure start: type=Text, paramJson={"component":"Text","id":"root_c0_c0_c1","styles":{"background-color":"transparent","border-color":"#0000001A","border-radius":"0px","border-style":"solid","border-width":"0px","color":"rgba(255,255,255,0.7)","filter":"none","flex":1,"font-family":"system","font-size":"28px","fontSize":11,"height":0.0,"line-clamp":1,"line-height":"40px","marginLeft":8,"opacity":1,"text-align":"left","text-overflow":"ellipsis","visibility":"visible","width":0.0,"x":0.0,"y":0.0},"text":"算法 · 第3张","variant":"body"}, maxWidth=200.0, widthMode=2, maxHeight=NaN, heightMode=0
08-27 12:48:42.420 W/MeasurementBridge(29018): 12:48:42.420 [directMeasure@108] directMeasure result: type=Text, result=MeasureResult{calcType=0, width=151.0, height=41.0, lineCount=1}
08-27 12:48:42.421 D/AGenUI  (29018): 12:48:42.421 [measure@235] [JNI] AndroidBridgeMeasurement.measure result: type=Text, result=MeasureResult{calcType=Sync, width=151.000000, height=41.000000, countOfLines=1}
08-27 12:48:42.422 D/AGenUI  (29018): 12:48:42.421 [measure@193] [JNI] AndroidBridgeMeasurement.measure start: type=Text, paramJson={"component":"Text","id":"root_c0_c0_c1","styles":{"background-color":"transparent","border-color":"#0000001A","border-radius":"0px","border-style":"solid","border-width":"0px","color":"rgba(255,255,255,0.7)","filter":"none","flex":1,"font-family":"system","font-size":"28px","fontSize":11,"height":0.0,"line-clamp":1,"line-height":"40px","lines":1,"marginLeft":8,"opacity":1,"text-align":"left","text-overflow":"ellipsis","visibility":"visible","width":0.0,"x":0.0,"y":0.0},"text":"算法 · 第3张","variant":"body"}, width={maxValue=103.424660, mode=1}, height={maxValue=nan, mode=0}
08-27 12:48:42.423 W/MeasurementBridge(29018): 12:48:42.422 [directMeasure@91] directMeasure start: type=Text, paramJson={"component":"Text","id":"root_c0_c0_c1","styles":{"background-color":"transparent","border-color":"#0000001A","border-radius":"0px","border-style":"solid","border-width":"0px","color":"rgba(255,255,255,0.7)","filter":"none","flex":1,"font-family":"system","font-size":"28px","fontSize":11,"height":0.0,"line-clamp":1,"line-height":"40px","lines":1,"marginLeft":8,"opacity":1,"text-align":"left","text-overflow":"ellipsis","visibility":"visible","width":0.0,"x":0.0,"y":0.0},"text":"算法 · 第3张","variant":"body"}, maxWidth=103.42466, widthMode=1, maxHeight=NaN, heightMode=0
08-27 12:48:42.425 W/MeasurementBridge(29018): 12:48:42.424 [directMeasure@108] directMeasure result: type=Text, result=MeasureResult{calcType=0, width=105.0, height=41.0, lineCount=1}
08-27 12:48:42.425 D/AGenUI  (29018): 12:48:42.425 [measure@235] [JNI] AndroidBridgeMeasurement.measure result: type=Text, result=MeasureResult{calcType=Sync, width=105.000000, height=41.000000, countOfLines=1}
08-27 12:48:42.426 D/AGenUI  (29018): 12:48:42.426 [measure@193] [JNI] AndroidBridgeMeasurement.measure start: type=Text, paramJson={"component":"Text","id":"root_c1_c0","styles":{"background-color":"transparent","border-color":"#0000001A","border-radius":"0px","border-style":"solid","border-width":"0px","color":"rgba(255,255,255,0.6)","filter":"none","font-family":"system","font-size":"28px","fontSize":11,"height":0.0,"line-clamp":1,"line-height":"40px","opacity":1,"paddingBottom":4,"paddingLeft":16,"paddingRight":16,"text-align":"left","text-overflow":"ellipsis","visibility":"visible","width":0.0,"x":0.0,"y":0.0},"text":"问题","variant":"body"}, width={maxValue=200.000000, mode=1}, height={maxValue=nan, mode=0}
08-27 12:48:42.427 W/MeasurementBridge(29018): 12:48:42.426 [directMeasure@91] directMeasure start: type=Text, paramJson={"component":"Text","id":"root_c1_c0","styles":{"background-color":"transparent","border-color":"#0000001A","border-radius":"0px","border-style":"solid","border-width":"0px","color":"rgba(255,255,255,0.6)","filter":"none","font-family":"system","font-size":"28px","fontSize":11,"height":0.0,"line-clamp":1,"line-height":"40px","opacity":1,"paddingBottom":4,"paddingLeft":16,"paddingRight":16,"text-align":"left","text-overflow":"ellipsis","visibility":"visible","width":0.0,"x":0.0,"y":0.0},"text":"问题","variant":"body"}, maxWidth=200.0, widthMode=1, maxHeight=NaN, heightMode=0
08-27 12:48:42.429 W/MeasurementBridge(29018): 12:48:42.428 [directMeasure@108] directMeasure result: type=Text, result=MeasureResult{calcType=0, width=201.0, height=41.0, lineCount=1}
08-27 12:48:42.429 D/AGenUI  (29018): 12:48:42.429 [measure@235] [JNI] AndroidBridgeMeasurement.measure result: type=Text, result=MeasureResult{calcType=Sync, width=201.000000, height=41.000000, countOfLines=1}
08-27 12:48:42.430 D/AGenUI  (29018): 12:48:42.429 [measure@193] [JNI] AndroidBridgeMeasurement.measure start: type=Text, paramJson={"component":"Text","id":"root_c1_c1","styles":{"background-color":"transparent","border-color":"#0000001A","border-radius":"0px","border-style":"solid","border-width":"0px","color":"#FFFFFF","filter":"none","font-family":"system","font-size":"28px","fontSize":20,"fontWeight":"bold","height":0.0,"line-clamp":1,"line-height":"40px","opacity":1,"paddingBottom":8,"paddingLeft":16,"paddingRight":16,"text-align":"left","text-overflow":"ellipsis","visibility":"visible","width":0.0,"x":0.0,"y":0.0},"text":"什么是时间复杂度？","variant":"body"}, width={maxValue=200.000000, mode=1}, height={maxValue=nan, mode=0}
08-27 12:48:42.430 W/MeasurementBridge(29018): 12:48:42.430 [directMeasure@91] directMeasure start: type=Text, paramJson={"component":"Text","id":"root_c1_c1","styles":{"background-color":"transparent","border-color":"#0000001A","border-radius":"0px","border-style":"solid","border-width":"0px","color":"#FFFFFF","filter":"none","font-family":"system","font-size":"28px","fontSize":20,"fontWeight":"bold","height":0.0,"line-clamp":1,"line-height":"40px","opacity":1,"paddingBottom":8,"paddingLeft":16,"paddingRight":16,"text-align":"left","text-overflow":"ellipsis","visibility":"visible","width":0.0,"x":0.0,"y":0.0},"text":"什么是时间复杂度？","variant":"body"}, maxWidth=200.0, widthMode=1, maxHeight=NaN, heightMode=0
08-27 12:48:42.432 W/MeasurementBridge(29018): 12:48:42.432 [directMeasure@108] directMeasure result: type=Text, result=MeasureResult{calcType=0, width=201.0, height=41.0, lineCount=1}
08-27 12:48:42.433 D/AGenUI  (29018): 12:48:42.433 [measure@235] [JNI] AndroidBridgeMeasurement.measure result: type=Text, result=MeasureResult{calcType=Sync, width=201.000000, height=41.000000, countOfLines=1}
08-27 12:48:42.434 D/AGenUI  (29018): 12:48:42.433 [measure@193] [JNI] AndroidBridgeMeasurement.measure start: type=Text, paramJson={"component":"Text","id":"root_c2_c0_c0","styles":{"background-color":"transparent","border-color":"#0000001A","border-radius":"0px","border-style":"solid","border-width":"0px","color":"#FFFFFF","filter":"none","font-family":"system","font-size":"28px","fontSize":14,"height":0.0,"line-clamp":1,"line-height":"40px","opacity":1,"text-align":"left","text-overflow":"ellipsis","textAlign":"center","visibility":"visible","width":0.0,"x":0.0,"y":0.0},"text":"点击查看答案","variant":"body"}, width={maxValue=200.000000, mode=2}, height={maxValue=nan, mode=0}
08-27 12:48:42.434 W/MeasurementBridge(29018): 12:48:42.434 [directMeasure@91] directMeasure start: type=Text, paramJson={"component":"Text","id":"root_c2_c0_c0","styles":{"background-color":"transparent","border-color":"#0000001A","border-radius":"0px","border-style":"solid","border-width":"0px","color":"#FFFFFF","filter":"none","font-family":"system","font-size":"28px","fontSize":14,"height":0.0,"line-clamp":1,"line-height":"40px","opacity":1,"text-align":"left","text-overflow":"ellipsis","textAlign":"center","visibility":"visible","width":0.0,"x":0.0,"y":0.0},"text":"点击查看答案","variant":"body"}, maxWidth=200.0, widthMode=2, maxHeight=NaN, heightMode=0
08-27 12:48:42.436 W/MeasurementBridge(29018): 12:48:42.436 [directMeasure@108] directMeasure result: type=Text, result=MeasureResult{calcType=0, width=169.0, height=41.0, lineCount=1}
08-27 12:48:42.437 D/AGenUI  (29018): 12:48:42.437 [measure@235] [JNI] AndroidBridgeMeasurement.measure result: type=Text, result=MeasureResult{calcType=Sync, width=169.000000, height=41.000000, countOfLines=1}
08-27 12:48:42.438 D/AGenUI  (29018): 12:48:42.437 [measure@193] [JNI] AndroidBridgeMeasurement.measure start: type=Text, paramJson={"component":"Text","id":"root_c2_c0_c1","styles":{"background-color":"transparent","border-color":"#0000001A","border-radius":"0px","border-style":"solid","border-width":"0px","color":"rgba(255,255,255,0.85)","filter":"none","font-family":"system","font-size":"28px","fontSize":13,"height":0.0,"line-clamp":1,"line-height":"40px","opacity":1,"paddingTop":4,"text-align":"left","text-overflow":"ellipsis","textAlign":"center","visibility":"visible","width":0.0,"x":0.0,"y":0.0},"text":"O(n) 表示算法运行时间随输入规模 n 呈线性增长","variant":"body"}, width={maxValue=200.000000, mode=2}, height={maxValue=nan, mode=0}
08-27 12:48:42.438 W/MeasurementBridge(29018): 12:48:42.438 [directMeasure@91] directMeasure start: type=Text, paramJson={"component":"Text","id":"root_c2_c0_c1","styles":{"background-color":"transparent","border-color":"#0000001A","border-radius":"0px","border-style":"solid","border-width":"0px","color":"rgba(255,255,255,0.85)","filter":"none","font-family":"system","font-size":"28px","fontSize":13,"height":0.0,"line-clamp":1,"line-height":"40px","opacity":1,"paddingTop":4,"text-align":"left","text-overflow":"ellipsis","textAlign":"center","visibility":"visible","width":0.0,"x":0.0,"y":0.0},"text":"O(n) 表示算法运行时间随输入规模 n 呈线性增长","variant":"body"}, maxWidth=200.0, widthMode=2, maxHeight=NaN, heightMode=0
08-27 12:48:42.441 W/MeasurementBridge(29018): 12:48:42.440 [directMeasure@108] directMeasure result: type=Text, result=MeasureResult{calcType=0, width=201.0, height=41.0, lineCount=1}
08-27 12:48:42.442 D/AGenUI  (29018): 12:48:42.441 [measure@235] [JNI] AndroidBridgeMeasurement.measure result: type=Text, result=MeasureResult{calcType=Sync, width=201.000000, height=41.000000, countOfLines=1}
08-27 12:48:42.442 D/AGenUI  (29018): 12:48:42.442 [measure@193] [JNI] AndroidBridgeMeasurement.measure start: type=Text, paramJson={"component":"Text","id":"root_c3_c0_c0","styles":{"background-color":"transparent","border-color":"#0000001A","border-radius":"0px","border-style":"solid","border-width":"0px","color":"#FFFFFF","filter":"none","font-family":"system","font-size":"28px","fontSize":14,"height":0.0,"line-clamp":1,"line-height":"40px","opacity":1,"text-align":"left","text-overflow":"ellipsis","visibility":"visible","width":0.0,"x":0.0,"y":0.0},"text":"上一张","variant":"body"}, width={maxValue=200.000000, mode=2}, height={maxValue=40.000000, mode=2}
08-27 12:48:42.443 W/MeasurementBridge(29018): 12:48:42.443 [directMeasure@91] directMeasure start: type=Text, paramJson={"component":"Text","id":"root_c3_c0_c0","styles":{"background-color":"transparent","border-color":"#0000001A","border-radius":"0px","border-style":"solid","border-width":"0px","color":"#FFFFFF","filter":"none","font-family":"system","font-size":"28px","fontSize":14,"height":0.0,"line-clamp":1,"line-height":"40px","opacity":1,"text-align":"left","text-overflow":"ellipsis","visibility":"visible","width":0.0,"x":0.0,"y":0.0},"text":"上一张","variant":"body"}, maxWidth=200.0, widthMode=2, maxHeight=40.0, heightMode=2
08-27 12:48:42.445 W/MeasurementBridge(29018): 12:48:42.445 [directMeasure@108] directMeasure result: type=Text, result=MeasureResult{calcType=0, width=85.0, height=41.0, lineCount=1}
08-27 12:48:42.446 D/AGenUI  (29018): 12:48:42.446 [measure@235] [JNI] AndroidBridgeMeasurement.measure result: type=Text, result=MeasureResult{calcType=Sync, width=85.000000, height=41.000000, countOfLines=1}
08-27 12:48:42.447 D/AGenUI  (29018): 12:48:42.446 [measure@193] [JNI] AndroidBridgeMeasurement.measure start: type=Text, paramJson={"component":"Text","id":"root_c3_c0_c0","styles":{"background-color":"transparent","border-color":"#0000001A","border-radius":"0px","border-style":"solid","border-width":"0px","color":"#FFFFFF","filter":"none","font-family":"system","font-size":"28px","fontSize":14,"height":0.0,"line-clamp":1,"line-height":"40px","lines":1,"opacity":1,"text-align":"left","text-overflow":"ellipsis","visibility":"visible","width":0.0,"x":0.0,"y":0.0},"text":"上一张","variant":"body"}, width={maxValue=200.000000, mode=2}, height={maxValue=40.000000, mode=1}
08-27 12:48:42.448 W/MeasurementBridge(29018): 12:48:42.447 [directMeasure@91] directMeasure start: type=Text, paramJson={"component":"Text","id":"root_c3_c0_c0","styles":{"background-color":"transparent","border-color":"#0000001A","border-radius":"0px","border-style":"solid","border-width":"0px","color":"#FFFFFF","filter":"none","font-family":"system","font-size":"28px","fontSize":14,"height":0.0,"line-clamp":1,"line-height":"40px","lines":1,"opacity":1,"text-align":"left","text-overflow":"ellipsis","visibility":"visible","width":0.0,"x":0.0,"y":0.0},"text":"上一张","variant":"body"}, maxWidth=200.0, widthMode=2, maxHeight=40.0, heightMode=1
08-27 12:48:42.450 W/MeasurementBridge(29018): 12:48:42.450 [directMeasure@108] directMeasure result: type=Text, result=MeasureResult{calcType=0, width=85.0, height=41.0, lineCount=1}
08-27 12:48:42.451 D/AGenUI  (29018): 12:48:42.451 [measure@235] [JNI] AndroidBridgeMeasurement.measure result: type=Text, result=MeasureResult{calcType=Sync, width=85.000000, height=41.000000, countOfLines=1}
08-27 12:48:42.452 D/AGenUI  (29018): 12:48:42.452 [measure@193] [JNI] AndroidBridgeMeasurement.measure start: type=Text, paramJson={"component":"Text","id":"root_c3_c1","styles":{"background-color":"transparent","border-color":"#0000001A","border-radius":"0px","border-style":"solid","border-width":"0px","color":"#FFFFFF","filter":"none","flex":1,"font-family":"system","font-size":"28px","fontSize":14,"fontWeight":"bold","height":0.0,"line-clamp":1,"line-height":"40px","opacity":1,"text-align":"left","text-overflow":"ellipsis","textAlign":"center","visibility":"visible","width":0.0,"x":0.0,"y":0.0},"text":"3/10","variant":"body"}, width={maxValue=200.000000, mode=2}, height={maxValue=nan, mode=0}
08-27 12:48:42.453 W/MeasurementBridge(29018): 12:48:42.452 [directMeasure@91] directMeasure start: type=Text, paramJson={"component":"Text","id":"root_c3_c1","styles":{"background-color":"transparent","border-color":"#0000001A","border-radius":"0px","border-style":"solid","border-width":"0px","color":"#FFFFFF","filter":"none","flex":1,"font-family":"system","font-size":"28px","fontSize":14,"fontWeight":"bold","height":0.0,"line-clamp":1,"line-height":"40px","opacity":1,"text-align":"left","text-overflow":"ellipsis","textAlign":"center","visibility":"visible","width":0.0,"x":0.0,"y":0.0},"text":"3/10","variant":"body"}, maxWidth=200.0, widthMode=2, maxHeight=NaN, heightMode=0
08-27 12:48:42.454 W/MeasurementBridge(29018): 12:48:42.454 [directMeasure@108] directMeasure result: type=Text, result=MeasureResult{calcType=0, width=61.0, height=41.0, lineCount=1}
08-27 12:48:42.455 D/AGenUI  (29018): 12:48:42.455 [measure@235] [JNI] AndroidBridgeMeasurement.measure result: type=Text, result=MeasureResult{calcType=Sync, width=61.000000, height=41.000000, countOfLines=1}
08-27 12:48:42.456 D/AGenUI  (29018): 12:48:42.455 [measure@193] [JNI] AndroidBridgeMeasurement.measure start: type=Text, paramJson={"component":"Text","id":"root_c3_c2_c0","styles":{"background-color":"transparent","border-color":"#0000001A","border-radius":"0px","border-style":"solid","border-width":"0px","color":"#FFFFFF","filter":"none","font-family":"system","font-size":"28px","fontSize":14,"fontWeight":"bold","height":0.0,"line-clamp":1,"line-height":"40px","opacity":1,"text-align":"left","text-overflow":"ellipsis","visibility":"visible","width":0.0,"x":0.0,"y":0.0},"text":"下一张","variant":"body"}, width={maxValue=200.000000, mode=2}, height={maxValue=40.000000, mode=2}
08-27 12:48:42.457 W/MeasurementBridge(29018): 12:48:42.456 [directMeasure@91] directMeasure start: type=Text, paramJson={"component":"Text","id":"root_c3_c2_c0","styles":{"background-color":"transparent","border-color":"#0000001A","border-radius":"0px","border-style":"solid","border-width":"0px","color":"#FFFFFF","filter":"none","font-family":"system","font-size":"28px","fontSize":14,"fontWeight":"bold","height":0.0,"line-clamp":1,"line-height":"40px","opacity":1,"text-align":"left","text-overflow":"ellipsis","visibility":"visible","width":0.0,"x":0.0,"y":0.0},"text":"下一张","variant":"body"}, maxWidth=200.0, widthMode=2, maxHeight=40.0, heightMode=2
08-27 12:48:42.459 W/MeasurementBridge(29018): 12:48:42.458 [directMeasure@108] directMeasure result: type=Text, result=MeasureResult{calcType=0, width=85.0, height=41.0, lineCount=1}
08-27 12:48:42.459 D/AGenUI  (29018): 12:48:42.459 [measure@235] [JNI] AndroidBridgeMeasurement.measure result: type=Text, result=MeasureResult{calcType=Sync, width=85.000000, height=41.000000, countOfLines=1}
08-27 12:48:42.460 D/AGenUI  (29018): 12:48:42.460 [measure@193] [JNI] AndroidBridgeMeasurement.measure start: type=Text, paramJson={"component":"Text","id":"root_c3_c2_c0","styles":{"background-color":"transparent","border-color":"#0000001A","border-radius":"0px","border-style":"solid","border-width":"0px","color":"#FFFFFF","filter":"none","font-family":"system","font-size":"28px","fontSize":14,"fontWeight":"bold","height":0.0,"line-clamp":1,"line-height":"40px","lines":1,"opacity":1,"text-align":"left","text-overflow":"ellipsis","visibility":"visible","width":0.0,"x":0.0,"y":0.0},"text":"下一张","variant":"body"}, width={maxValue=200.000000, mode=2}, height={maxValue=40.000000, mode=1}
08-27 12:48:42.461 W/MeasurementBridge(29018): 12:48:42.460 [directMeasure@91] directMeasure start: type=Text, paramJson={"component":"Text","id":"root_c3_c2_c0","styles":{"background-color":"transparent","border-color":"#0000001A","border-radius":"0px","border-style":"solid","border-width":"0px","color":"#FFFFFF","filter":"none","font-family":"system","font-size":"28px","fontSize":14,"fontWeight":"bold","height":0.0,"line-clamp":1,"line-height":"40px","lines":1,"opacity":1,"text-align":"left","text-overflow":"ellipsis","visibility":"visible","width":0.0,"x":0.0,"y":0.0},"text":"下一张","variant":"body"}, maxWidth=200.0, widthMode=2, maxHeight=40.0, heightMode=1
08-27 12:48:42.462 W/MeasurementBridge(29018): 12:48:42.462 [directMeasure@108] directMeasure result: type=Text, result=MeasureResult{calcType=0, width=85.0, height=41.0, lineCount=1}
08-27 12:48:42.463 D/AGenUI  (29018): 12:48:42.463 [measure@235] [JNI] AndroidBridgeMeasurement.measure result: type=Text, result=MeasureResult{calcType=Sync, width=85.000000, height=41.000000, countOfLines=1}
08-27 12:48:42.464 D/AGenUI  (29018): 12:48:42.463 [measure@193] [JNI] AndroidBridgeMeasurement.measure start: type=Text, paramJson={"component":"Text","id":"root_c3_c1","styles":{"background-color":"transparent","border-color":"#0000001A","border-radius":"0px","border-style":"solid","border-width":"0px","color":"#FFFFFF","filter":"none","flex":1,"font-family":"system","font-size":"28px","fontSize":14,"fontWeight":"bold","height":0.0,"line-clamp":1,"line-height":"40px","lines":1,"opacity":1,"text-align":"left","text-overflow":"ellipsis","textAlign":"center","visibility":"visible","width":0.0,"x":0.0,"y":0.0},"text":"3/10","variant":"body"}, width={maxValue=52.813854, mode=1}, height={maxValue=nan, mode=0}
08-27 12:48:42.464 W/MeasurementBridge(29018): 12:48:42.464 [directMeasure@91] directMeasure start: type=Text, paramJson={"component":"Text","id":"root_c3_c1","styles":{"background-color":"transparent","border-color":"#0000001A","border-radius":"0px","border-style":"solid","border-width":"0px","color":"#FFFFFF","filter":"none","flex":1,"font-family":"system","font-size":"28px","fontSize":14,"fontWeight":"bold","height":0.0,"line-clamp":1,"line-height":"40px","lines":1,"opacity":1,"text-align":"left","text-overflow":"ellipsis","textAlign":"center","visibility":"visible","width":0.0,"x":0.0,"y":0.0},"text":"3/10","variant":"body"}, maxWidth=52.813854, widthMode=1, maxHeight=NaN, heightMode=0
08-27 12:48:42.466 W/MeasurementBridge(29018): 12:48:42.466 [directMeasure@108] directMeasure result: type=Text, result=MeasureResult{calcType=0, width=54.0, height=41.0, lineCount=1}
08-27 12:48:42.467 D/AGenUI  (29018): 12:48:42.466 [measure@235] [JNI] AndroidBridgeMeasurement.measure result: type=Text, result=MeasureResult{calcType=Sync, width=54.000000, height=41.000000, countOfLines=1}
08-27 12:48:42.468 D/AGenUI  (29018): 12:48:42.468 [measure@193] [JNI] AndroidBridgeMeasurement.measure start: type=Text, paramJson={"component":"Text","id":"root_c0_c0_c0_c0","styles":{"background-color":"transparent","border-color":"#0000001A","border-radius":"0px","border-style":"solid","border-width":"0px","color":"#FFFFFF","filter":"none","font-family":"system","font-size":"28px","fontSize":11,"fontWeight":"bold","height":0.0,"line-clamp":1,"line-height":"40px","lines":1,"opacity":1,"text-align":"left","text-overflow":"ellipsis","visibility":"visible","width":0.0,"x":0.0,"y":0.0},"text":"计算机科学","variant":"body"}, width={maxValue=96.575340, mode=2}, height={maxValue=26.000000, mode=2}
08-27 12:48:42.469 W/MeasurementBridge(29018): 12:48:42.468 [directMeasure@91] directMeasure start: type=Text, paramJson={"component":"Text","id":"root_c0_c0_c0_c0","styles":{"background-color":"transparent","border-color":"#0000001A","border-radius":"0px","border-style":"solid","border-width":"0px","color":"#FFFFFF","filter":"none","font-family":"system","font-size":"28px","fontSize":11,"fontWeight":"bold","height":0.0,"line-clamp":1,"line-height":"40px","lines":1,"opacity":1,"text-align":"left","text-overflow":"ellipsis","visibility":"visible","width":0.0,"x":0.0,"y":0.0},"text":"计算机科学","variant":"body"}, maxWidth=96.57534, widthMode=2, maxHeight=26.0, heightMode=2
08-27 12:48:42.470 W/MeasurementBridge(29018): 12:48:42.470 [directMeasure@108] directMeasure result: type=Text, result=MeasureResult{calcType=0, width=98.0, height=27.0, lineCount=1}
08-27 12:48:42.471 D/AGenUI  (29018): 12:48:42.470 [measure@235] [JNI] AndroidBridgeMeasurement.measure result: type=Text, result=MeasureResult{calcType=Sync, width=98.000000, height=27.000000, countOfLines=1}
08-27 12:48:42.472 D/AGenUI  (29018): 12:48:42.471 [measure@193] [JNI] AndroidBridgeMeasurement.measure start: type=Text, paramJson={"component":"Text","id":"root_c0_c0_c0_c0","styles":{"background-color":"transparent","border-color":"#0000001A","border-radius":"0px","border-style":"solid","border-width":"0px","color":"#FFFFFF","filter":"none","font-family":"system","font-size":"28px","fontSize":11,"fontWeight":"bold","height":0.0,"line-clamp":1,"line-height":"40px","lines":1,"opacity":1,"text-align":"left","text-overflow":"ellipsis","visibility":"visible","width":0.0,"x":0.0,"y":0.0},"text":"计算机科学","variant":"body"}, width={maxValue=96.575340, mode=2}, height={maxValue=26.000000, mode=1}
08-27 12:48:42.472 W/MeasurementBridge(29018): 12:48:42.472 [directMeasure@91] directMeasure start: type=Text, paramJson={"component":"Text","id":"root_c0_c0_c0_c0","styles":{"background-color":"transparent","border-color":"#0000001A","border-radius":"0px","border-style":"solid","border-width":"0px","color":"#FFFFFF","filter":"none","font-family":"system","font-size":"28px","fontSize":11,"fontWeight":"bold","height":0.0,"line-clamp":1,"line-height":"40px","lines":1,"opacity":1,"text-align":"left","text-overflow":"ellipsis","visibility":"visible","width":0.0,"x":0.0,"y":0.0},"text":"计算机科学","variant":"body"}, maxWidth=96.57534, widthMode=2, maxHeight=26.0, heightMode=1
08-27 12:48:42.474 W/MeasurementBridge(29018): 12:48:42.473 [directMeasure@108] directMeasure result: type=Text, result=MeasureResult{calcType=0, width=98.0, height=27.0, lineCount=1}
08-27 12:48:42.474 D/AGenUI  (29018): 12:48:42.474 [measure@235] [JNI] AndroidBridgeMeasurement.measure result: type=Text, result=MeasureResult{calcType=Sync, width=98.000000, height=27.000000, countOfLines=1}
08-27 12:48:42.475 D/AGenUI  (29018): 12:48:42.475 [measure@193] [JNI] AndroidBridgeMeasurement.measure start: type=Text, paramJson={"component":"Text","id":"root_c3_c0_c0","styles":{"background-color":"transparent","border-color":"#0000001A","border-radius":"0px","border-style":"solid","border-width":"0px","color":"#FFFFFF","filter":"none","font-family":"system","font-size":"28px","fontSize":14,"height":0.0,"line-clamp":1,"line-height":"40px","lines":1,"opacity":1,"text-align":"left","text-overflow":"ellipsis","visibility":"visible","width":0.0,"x":0.0,"y":0.0},"text":"上一张","variant":"body"}, width={maxValue=73.593071, mode=2}, height={maxValue=40.000000, mode=2}
08-27 12:48:42.476 W/MeasurementBridge(29018): 12:48:42.476 [directMeasure@91] directMeasure start: type=Text, paramJson={"component":"Text","id":"root_c3_c0_c0","styles":{"background-color":"transparent","border-color":"#0000001A","border-radius":"0px","border-style":"solid","border-width":"0px","color":"#FFFFFF","filter":"none","font-family":"system","font-size":"28px","fontSize":14,"height":0.0,"line-clamp":1,"line-height":"40px","lines":1,"opacity":1,"text-align":"left","text-overflow":"ellipsis","visibility":"visible","width":0.0,"x":0.0,"y":0.0},"text":"上一张","variant":"body"}, maxWidth=73.59307, widthMode=2, maxHeight=40.0, heightMode=2
08-27 12:48:42.478 W/MeasurementBridge(29018): 12:48:42.478 [directMeasure@108] directMeasure result: type=Text, result=MeasureResult{calcType=0, width=75.0, height=41.0, lineCount=1}
08-27 12:48:42.479 D/AGenUI  (29018): 12:48:42.479 [measure@235] [JNI] AndroidBridgeMeasurement.measure result: type=Text, result=MeasureResult{calcType=Sync, width=75.000000, height=41.000000, countOfLines=1}
08-27 12:48:42.480 D/AGenUI  (29018): 12:48:42.480 [measure@193] [JNI] AndroidBridgeMeasurement.measure start: type=Text, paramJson={"component":"Text","id":"root_c3_c0_c0","styles":{"background-color":"transparent","border-color":"#0000001A","border-radius":"0px","border-style":"solid","border-width":"0px","color":"#FFFFFF","filter":"none","font-family":"system","font-size":"28px","fontSize":14,"height":0.0,"line-clamp":1,"line-height":"40px","lines":1,"opacity":1,"text-align":"left","text-overflow":"ellipsis","visibility":"visible","width":0.0,"x":0.0,"y":0.0},"text":"上一张","variant":"body"}, width={maxValue=73.593071, mode=2}, height={maxValue=40.000000, mode=1}
08-27 12:48:42.481 W/MeasurementBridge(29018): 12:48:42.481 [directMeasure@91] directMeasure start: type=Text, paramJson={"component":"Text","id":"root_c3_c0_c0","styles":{"background-color":"transparent","border-color":"#0000001A","border-radius":"0px","border-style":"solid","border-width":"0px","color":"#FFFFFF","filter":"none","font-family":"system","font-size":"28px","fontSize":14,"height":0.0,"line-clamp":1,"line-height":"40px","lines":1,"opacity":1,"text-align":"left","text-overflow":"ellipsis","visibility":"visible","width":0.0,"x":0.0,"y":0.0},"text":"上一张","variant":"body"}, maxWidth=73.59307, widthMode=2, maxHeight=40.0, heightMode=1
08-27 12:48:42.484 W/MeasurementBridge(29018): 12:48:42.484 [directMeasure@108] directMeasure result: type=Text, result=MeasureResult{calcType=0, width=75.0, height=41.0, lineCount=1}
08-27 12:48:42.485 D/AGenUI  (29018): 12:48:42.484 [measure@235] [JNI] AndroidBridgeMeasurement.measure result: type=Text, result=MeasureResult{calcType=Sync, width=75.000000, height=41.000000, countOfLines=1}
08-27 12:48:42.486 D/AGenUI  (29018): 12:48:42.485 [measure@193] [JNI] AndroidBridgeMeasurement.measure start: type=Text, paramJson={"component":"Text","id":"root_c3_c2_c0","styles":{"background-color":"transparent","border-color":"#0000001A","border-radius":"0px","border-style":"solid","border-width":"0px","color":"#FFFFFF","filter":"none","font-family":"system","font-size":"28px","fontSize":14,"fontWeight":"bold","height":0.0,"line-clamp":1,"line-height":"40px","lines":1,"opacity":1,"text-align":"left","text-overflow":"ellipsis","visibility":"visible","width":0.0,"x":0.0,"y":0.0},"text":"下一张","variant":"body"}, width={maxValue=73.593071, mode=2}, height={maxValue=40.000000, mode=2}
08-27 12:48:42.487 W/MeasurementBridge(29018): 12:48:42.486 [directMeasure@91] directMeasure start: type=Text, paramJson={"component":"Text","id":"root_c3_c2_c0","styles":{"background-color":"transparent","border-color":"#0000001A","border-radius":"0px","border-style":"solid","border-width":"0px","color":"#FFFFFF","filter":"none","font-family":"system","font-size":"28px","fontSize":14,"fontWeight":"bold","height":0.0,"line-clamp":1,"line-height":"40px","lines":1,"opacity":1,"text-align":"left","text-overflow":"ellipsis","visibility":"visible","width":0.0,"x":0.0,"y":0.0},"text":"下一张","variant":"body"}, maxWidth=73.59307, widthMode=2, maxHeight=40.0, heightMode=2
08-27 12:48:42.489 W/MeasurementBridge(29018): 12:48:42.488 [directMeasure@108] directMeasure result: type=Text, result=MeasureResult{calcType=0, width=75.0, height=41.0, lineCount=1}
08-27 12:48:42.490 D/AGenUI  (29018): 12:48:42.489 [measure@235] [JNI] AndroidBridgeMeasurement.measure result: type=Text, result=MeasureResult{calcType=Sync, width=75.000000, height=41.000000, countOfLines=1}
08-27 12:48:42.490 D/AGenUI  (29018): 12:48:42.490 [measure@193] [JNI] AndroidBridgeMeasurement.measure start: type=Text, paramJson={"component":"Text","id":"root_c3_c2_c0","styles":{"background-color":"transparent","border-color":"#0000001A","border-radius":"0px","border-style":"solid","border-width":"0px","color":"#FFFFFF","filter":"none","font-family":"system","font-size":"28px","fontSize":14,"fontWeight":"bold","height":0.0,"line-clamp":1,"line-height":"40px","lines":1,"opacity":1,"text-align":"left","text-overflow":"ellipsis","visibility":"visible","width":0.0,"x":0.0,"y":0.0},"text":"下一张","variant":"body"}, width={maxValue=73.593071, mode=2}, height={maxValue=40.000000, mode=1}
08-27 12:48:42.491 W/MeasurementBridge(29018): 12:48:42.491 [directMeasure@91] directMeasure start: type=Text, paramJson={"component":"Text","id":"root_c3_c2_c0","styles":{"background-color":"transparent","border-color":"#0000001A","border-radius":"0px","border-style":"solid","border-width":"0px","color":"#FFFFFF","filter":"none","font-family":"system","font-size":"28px","fontSize":14,"fontWeight":"bold","height":0.0,"line-clamp":1,"line-height":"40px","lines":1,"opacity":1,"text-align":"left","text-overflow":"ellipsis","visibility":"visible","width":0.0,"x":0.0,"y":0.0},"text":"下一张","variant":"body"}, maxWidth=73.59307, widthMode=2, maxHeight=40.0, heightMode=1
08-27 12:48:42.493 W/MeasurementBridge(29018): 12:48:42.493 [directMeasure@108] directMeasure result: type=Text, result=MeasureResult{calcType=0, width=75.0, height=41.0, lineCount=1}
08-27 12:48:42.494 D/AGenUI  (29018): 12:48:42.494 [measure@235] [JNI] AndroidBridgeMeasurement.measure result: type=Text, result=MeasureResult{calcType=Sync, width=75.000000, height=41.000000, countOfLines=1}
08-27 12:48:42.495 D/AGenUI  (29018): 12:48:42.494 [logYogaLayoutInfo@277] [layout] id=root type=Card parent= xywh=(0.0,0.0,200.0,246.0) flex=(0.0,1.0) child=1 aspect=nan measure=0
08-27 12:48:42.496 D/AGenUI  (29018): 12:48:42.496 [onNodeAdded@298] onNodeAdded: {"children":["root_c0"],"component":"Card","id":"root","styles":{"align-content":"stretch","align-items":"stretch","align-self":"auto","background-color":"transparent","backgroundColor":"linear-gradient(160deg,#2d1b4e 0%,#4a2d7a 55%,#6b4ca0 100%)","border-color":"#0000001A","border-radius":"16px","border-style":"solid","border-width":"0px","borderRadius":16,"elevation":4,"filter":"none","flex-direction":"column","flex-grow":0,"flex-shrink":1,"flex-wrap":"nowrap","height":246.0,"justify-content":"flex-start","opacity":1,"visibility":"visible","width":200.0,"x":0.0,"y":0.0}}, parentId:
08-27 12:48:42.497 D/AGenUI  (29018): 12:48:42.496 [logYogaLayoutInfo@277] [layout] id=root_c0 type=Column parent=root xywh=(0.0,0.0,200.0,246.0) flex=(0.0,1.0) child=4 aspect=nan measure=0
08-27 12:48:42.498 D/AGenUI  (29018): 12:48:42.497 [onNodeAdded@298] onNodeAdded: {"children":["root_c0_c0","root_c1","root_c2","root_c3"],"component":"Column","id":"root_c0","styles":{"align-content":"stretch","align-items":"stretch","align-self":"auto","background-color":"transparent","border-color":"#0000001A","border-radius":"0px","border-style":"solid","border-width":"0px","filter":"none","flex-direction":"column","flex-grow":0,"flex-shrink":1,"flex-wrap":"nowrap","height":246.0,"justify-content":"flex-start","opacity":1,"visibility":"visible","width":200.0,"x":0.0,"y":0.0}}, parentId:root
08-27 12:48:42.498 D/AGenUI  (29018): 12:48:42.498 [logYogaLayoutInfo@277] [layout] id=root_c0_c0 type=Row parent=root_c0 xywh=(0.0,0.0,200.0,41.0) flex=(0.0,1.0) child=2 aspect=nan measure=0
08-27 12:48:42.500 D/AGenUI  (29018): 12:48:42.499 [onNodeAdded@298] onNodeAdded: {"children":["root_c0_c0_c0","root_c0_c0_c1"],"component":"Row","id":"root_c0_c0","styles":{"align-content":"stretch","align-items":"stretch","align-self":"auto","background-color":"transparent","border-color":"#0000001A","border-radius":"0px","border-style":"solid","border-width":"0px","filter":"none","flex-direction":"column","flex-grow":0,"flex-shrink":1,"flex-wrap":"nowrap","height":41.0,"justify-content":"flex-start","opacity":1,"paddingBottom":8,"paddingLeft":16,"paddingRight":16,"paddingTop":16,"visibility":"visible","width":200.0,"x":0.0,"y":0.0}}, parentId:root_c0
08-27 12:48:42.500 D/AGenUI  (29018): 12:48:42.500 [logYogaLayoutInfo@277] [layout] id=root_c0_c0_c0 type=Container parent=root_c0_c0 xywh=(0.0,8.0,97.0,26.0) flex=(0.0,1.0) child=1 aspect=nan measure=0
08-27 12:48:42.501 D/AGenUI  (29018): 12:48:42.501 [onNodeAdded@298] onNodeAdded: {"children":["root_c0_c0_c0_c0"],"component":"Container","id":"root_c0_c0_c0","styles":{"align-content":"stretch","align-items":"stretch","align-self":"auto","background-color":"transparent","backgroundColor":"rgba(255,255,255,0.15)","border-color":"#0000001A","border-radius":"0px","border-style":"solid","border-width":"0px","borderRadius":13,"filter":"none","flex-direction":"column","flex-grow":0,"flex-shrink":1,"flex-wrap":"nowrap","height":26.0,"justify-content":"flex-start","opacity":1,"paddingLeft":12,"paddingRight":12,"visibility":"visible","width":97.0,"x":0.0,"y":8.0}}, parentId:root_c0_c0
08-27 12:48:42.502 D/AGenUI  (29018): 12:48:42.502 [logYogaLayoutInfo@277] [layout] id=root_c0_c0_c0_c0 type=Text parent=root_c0_c0_c0 xywh=(-1.0,0.0,98.0,26.0) flex=(0.0,1.0) child=0 aspect=nan measure=1
08-27 12:48:42.503 D/AGenUI  (29018): 12:48:42.503 [onNodeAdded@298] onNodeAdded: {"component":"Text","id":"root_c0_c0_c0_c0","styles":{"align-content":"stretch","align-items":"stretch","align-self":"auto","background-color":"transparent","border-color":"#0000001A","border-radius":"0px","border-style":"solid","border-width":"0px","color":"#FFFFFF","filter":"none","flex-direction":"column","flex-grow":0,"flex-shrink":1,"flex-wrap":"nowrap","font-family":"system","font-size":"28px","fontSize":11,"fontWeight":"bold","height":26.0,"justify-content":"flex-start","line-clamp":1,"line-height":"40px","lines":1,"opacity":1,"text-align":"left","text-overflow":"ellipsis","visibility":"visible","width":98.0,"x":-1.0,"y":0.0},"text":"计算机科学","variant":"body"}, parentId:root_c0_c0_c0
08-27 12:48:42.504 D/AGenUI  (29018): 12:48:42.503 [logYogaLayoutInfo@277] [layout] id=root_c0_c0_c1 type=Text parent=root_c0_c0 xywh=(96.0,0.0,104.0,41.0) flex=(0.0,1.0) child=0 aspect=nan measure=1
08-27 12:48:42.505 D/AGenUI  (29018): 12:48:42.504 [onNodeAdded@298] onNodeAdded: {"component":"Text","id":"root_c0_c0_c1","styles":{"align-content":"stretch","align-items":"stretch","align-self":"auto","background-color":"transparent","border-color":"#0000001A","border-radius":"0px","border-style":"solid","border-width":"0px","color":"rgba(255,255,255,0.7)","filter":"none","flex":1,"flex-direction":"column","flex-grow":0,"flex-shrink":1,"flex-wrap":"nowrap","font-family":"system","font-size":"28px","fontSize":11,"height":41.0,"justify-content":"flex-start","line-clamp":1,"line-height":"40px","lines":1,"marginLeft":8,"opacity":1,"text-align":"left","text-overflow":"ellipsis","visibility":"visible","width":104.0,"x":96.0,"y":0.0},"text":"算法 · 第3张","variant":"body"}, parentId:root_c0_c0
08-27 12:48:42.505 D/AGenUI  (29018): 12:48:42.505 [logYogaLayoutInfo@277] [layout] id=root_c1 type=Column parent=root_c0 xywh=(0.0,41.0,200.0,82.0) flex=(0.0,1.0) child=2 aspect=nan measure=0
08-27 12:48:42.506 D/AGenUI  (29018): 12:48:42.506 [onNodeAdded@298] onNodeAdded: {"children":["root_c1_c0","root_c1_c1"],"component":"Column","id":"root_c1","styles":{"align-content":"stretch","align-items":"stretch","align-self":"auto","background-color":"transparent","border-color":"#0000001A","border-radius":"0px","border-style":"solid","border-width":"0px","filter":"none","flex-direction":"column","flex-grow":0,"flex-shrink":1,"flex-wrap":"nowrap","height":82.0,"justify-content":"flex-start","opacity":1,"paddingBottom":8,"paddingTop":4,"visibility":"visible","width":200.0,"x":0.0,"y":41.0}}, parentId:root_c0
08-27 12:48:42.507 D/AGenUI  (29018): 12:48:42.507 [logYogaLayoutInfo@277] [layout] id=root_c1_c0 type=Text parent=root_c1 xywh=(0.0,0.0,200.0,41.0) flex=(0.0,1.0) child=0 aspect=nan measure=1
08-27 12:48:42.508 D/AGenUI  (29018): 12:48:42.508 [onNodeAdded@298] onNodeAdded: {"component":"Text","id":"root_c1_c0","styles":{"align-content":"stretch","align-items":"stretch","align-self":"auto","background-color":"transparent","border-color":"#0000001A","border-radius":"0px","border-style":"solid","border-width":"0px","color":"rgba(255,255,255,0.6)","filter":"none","flex-direction":"column","flex-grow":0,"flex-shrink":1,"flex-wrap":"nowrap","font-family":"system","font-size":"28px","fontSize":11,"height":41.0,"justify-content":"flex-start","line-clamp":1,"line-height":"40px","lines":1,"opacity":1,"paddingBottom":4,"paddingLeft":16,"paddingRight":16,"text-align":"left","text-overflow":"ellipsis","visibility":"visible","width":200.0,"x":0.0,"y":0.0},"text":"问题","variant":"body"}, parentId:root_c1
08-27 12:48:42.509 D/AGenUI  (29018): 12:48:42.508 [logYogaLayoutInfo@277] [layout] id=root_c1_c1 type=Text parent=root_c1 xywh=(0.0,41.0,200.0,41.0) flex=(0.0,1.0) child=0 aspect=nan measure=1
08-27 12:48:42.510 D/AGenUI  (29018): 12:48:42.510 [onNodeAdded@298] onNodeAdded: {"component":"Text","id":"root_c1_c1","styles":{"align-content":"stretch","align-items":"stretch","align-self":"auto","background-color":"transparent","border-color":"#0000001A","border-radius":"0px","border-style":"solid","border-width":"0px","color":"#FFFFFF","filter":"none","flex-direction":"column","flex-grow":0,"flex-shrink":1,"flex-wrap":"nowrap","font-family":"system","font-size":"28px","fontSize":20,"fontWeight":"bold","height":41.0,"justify-content":"flex-start","line-clamp":1,"line-height":"40px","lines":1,"opacity":1,"paddingBottom":8,"paddingLeft":16,"paddingRight":16,"text-align":"left","text-overflow":"ellipsis","visibility":"visible","width":200.0,"x":0.0,"y":41.0},"text":"什么是时间复杂度？","variant":"body"}, parentId:root_c1
08-27 12:48:42.511 D/AGenUI  (29018): 12:48:42.511 [logYogaLayoutInfo@277] [layout] id=root_c2 type=Card parent=root_c0 xywh=(0.0,123.0,200.0,82.0) flex=(0.0,1.0) child=1 aspect=nan measure=0
08-27 12:48:42.512 D/AGenUI  (29018): 12:48:42.512 [onNodeAdded@298] onNodeAdded: {"children":["root_c2_c0"],"component":"Card","id":"root_c2","styles":{"align-content":"stretch","align-items":"stretch","align-self":"auto","background-color":"transparent","backgroundColor":"rgba(255,255,255,0.1)","border-color":"#0000001A","border-radius":"16px","border-style":"solid","border-width":"0px","borderRadius":12,"elevation":0,"filter":"none","flex-direction":"column","flex-grow":0,"flex-shrink":1,"flex-wrap":"nowrap","height":82.0,"justify-content":"flex-start","marginBottom":12,"marginLeft":16,"marginRight":16,"opacity":1,"visibility":"visible","width":200.0,"x":0.0,"y":123.0}}, parentId:root_c0
08-27 12:48:42.513 D/AGenUI  (29018): 12:48:42.512 [logYogaLayoutInfo@277] [layout] id=root_c2_c0 type=Column parent=root_c2 xywh=(0.0,0.0,200.0,82.0) flex=(0.0,1.0) child=2 aspect=nan measure=0
08-27 12:48:42.514 D/AGenUI  (29018): 12:48:42.514 [onNodeAdded@298] onNodeAdded: {"children":["root_c2_c0_c0","root_c2_c0_c1"],"component":"Column","id":"root_c2_c0","styles":{"align-content":"stretch","align-items":"stretch","align-self":"auto","background-color":"transparent","border-color":"#0000001A","border-radius":"0px","border-style":"solid","border-width":"0px","filter":"none","flex-direction":"column","flex-grow":0,"flex-shrink":1,"flex-wrap":"nowrap","height":82.0,"justify-content":"flex-start","opacity":1,"paddingBottom":12,"paddingLeft":16,"paddingRight":16,"paddingTop":12,"visibility":"visible","width":200.0,"x":0.0,"y":0.0}}, parentId:root_c2
08-27 12:48:42.515 D/AGenUI  (29018): 12:48:42.514 [logYogaLayoutInfo@277] [layout] id=root_c2_c0_c0 type=Text parent=root_c2_c0 xywh=(15.0,0.0,169.0,41.0) flex=(0.0,1.0) child=0 aspect=nan measure=1
08-27 12:48:42.517 D/AGenUI  (29018): 12:48:42.516 [onNodeAdded@298] onNodeAdded: {"component":"Text","id":"root_c2_c0_c0","styles":{"align-content":"stretch","align-items":"stretch","align-self":"auto","background-color":"transparent","border-color":"#0000001A","border-radius":"0px","border-style":"solid","border-width":"0px","color":"#FFFFFF","filter":"none","flex-direction":"column","flex-grow":0,"flex-shrink":1,"flex-wrap":"nowrap","font-family":"system","font-size":"28px","fontSize":14,"height":41.0,"justify-content":"flex-start","line-clamp":1,"line-height":"40px","lines":1,"opacity":1,"text-align":"left","text-overflow":"ellipsis","textAlign":"center","visibility":"visible","width":169.0,"x":15.0,"y":0.0},"text":"点击查看答案","variant":"body"}, parentId:root_c2_c0
08-27 12:48:42.517 D/AGenUI  (29018): 12:48:42.517 [logYogaLayoutInfo@277] [layout] id=root_c2_c0_c1 type=Text parent=root_c2_c0 xywh=(-1.0,41.0,201.0,41.0) flex=(0.0,1.0) child=0 aspect=nan measure=1
08-27 12:48:42.519 D/AGenUI  (29018): 12:48:42.518 [onNodeAdded@298] onNodeAdded: {"component":"Text","id":"root_c2_c0_c1","styles":{"align-content":"stretch","align-items":"stretch","align-self":"auto","background-color":"transparent","border-color":"#0000001A","border-radius":"0px","border-style":"solid","border-width":"0px","color":"rgba(255,255,255,0.85)","filter":"none","flex-direction":"column","flex-grow":0,"flex-shrink":1,"flex-wrap":"nowrap","font-family":"system","font-size":"28px","fontSize":13,"height":41.0,"justify-content":"flex-start","line-clamp":1,"line-height":"40px","lines":1,"opacity":1,"paddingTop":4,"text-align":"left","text-overflow":"ellipsis","textAlign":"center","visibility":"visible","width":201.0,"x":-1.0,"y":41.0},"text":"O(n) 表示算法运行时间随输入规模 n 呈线性增长","variant":"body"}, parentId:root_c2_c0
08-27 12:48:42.519 D/AGenUI  (29018): 12:48:42.519 [logYogaLayoutInfo@277] [layout] id=root_c3 type=Row parent=root_c0 xywh=(0.0,205.0,200.0,41.0) flex=(0.0,1.0) child=3 aspect=nan measure=0
08-27 12:48:42.521 D/AGenUI  (29018): 12:48:42.520 [onNodeAdded@298] onNodeAdded: {"children":["root_c3_c0","root_c3_c1","root_c3_c2"],"component":"Row","id":"root_c3","styles":{"align-content":"stretch","align-items":"stretch","align-self":"auto","background-color":"transparent","border-color":"#0000001A","border-radius":"0px","border-style":"solid","border-width":"0px","filter":"none","flex-direction":"column","flex-grow":0,"flex-shrink":1,"flex-wrap":"nowrap","height":41.0,"justify-content":"flex-start","opacity":1,"paddingBottom":16,"paddingLeft":16,"paddingRight":16,"paddingTop":4,"visibility":"visible","width":200.0,"x":0.0,"y":205.0}}, parentId:root_c0
08-27 12:48:42.521 D/AGenUI  (29018): 12:48:42.521 [logYogaLayoutInfo@277] [layout] id=root_c3_c0 type=Container parent=root_c3 xywh=(0.0,1.0,74.0,40.0) flex=(0.0,1.0) child=1 aspect=nan measure=0
08-27 12:48:42.522 D/AGenUI  (29018): 12:48:42.522 [onNodeAdded@298] onNodeAdded: {"children":["root_c3_c0_c0"],"component":"Container","id":"root_c3_c0","styles":{"align-content":"stretch","align-items":"stretch","align-self":"auto","background-color":"transparent","backgroundColor":"rgba(255,255,255,0.15)","border-color":"#0000001A","border-radius":"0px","border-style":"solid","border-width":"0px","borderRadius":20,"filter":"none","flex-direction":"column","flex-grow":0,"flex-shrink":1,"flex-wrap":"nowrap","height":40.0,"justify-content":"flex-start","opacity":1,"paddingLeft":16,"paddingRight":16,"visibility":"visible","width":74.0,"x":0.0,"y":1.0}}, parentId:root_c3
08-27 12:48:42.523 D/AGenUI  (29018): 12:48:42.523 [logYogaLayoutInfo@277] [layout] id=root_c3_c0_c0 type=Text parent=root_c3_c0 xywh=(-1.0,0.0,75.0,40.0) flex=(0.0,1.0) child=0 aspect=nan measure=1
08-27 12:48:42.524 D/AGenUI  (29018): 12:48:42.524 [onNodeAdded@298] onNodeAdded: {"component":"Text","id":"root_c3_c0_c0","styles":{"align-content":"stretch","align-items":"stretch","align-self":"auto","background-color":"transparent","border-color":"#0000001A","border-radius":"0px","border-style":"solid","border-width":"0px","color":"#FFFFFF","filter":"none","flex-direction":"column","flex-grow":0,"flex-shrink":1,"flex-wrap":"nowrap","font-family":"system","font-size":"28px","fontSize":14,"height":40.0,"justify-content":"flex-start","line-clamp":1,"line-height":"40px","lines":1,"opacity":1,"text-align":"left","text-overflow":"ellipsis","visibility":"visible","width":75.0,"x":-1.0,"y":0.0},"text":"上一张","variant":"body"}, parentId:root_c3_c0
08-27 12:48:42.527 D/AGenUI  (29018): 12:48:42.526 [logYogaLayoutInfo@277] [layout] id=root_c3_c1 type=Text parent=root_c3 xywh=(73.0,0.0,54.0,41.0) flex=(0.0,1.0) child=0 aspect=nan measure=1
08-27 12:48:42.528 D/AGenUI  (29018): 12:48:42.528 [onNodeAdded@298] onNodeAdded: {"component":"Text","id":"root_c3_c1","styles":{"align-content":"stretch","align-items":"stretch","align-self":"auto","background-color":"transparent","border-color":"#0000001A","border-radius":"0px","border-style":"solid","border-width":"0px","color":"#FFFFFF","filter":"none","flex":1,"flex-direction":"column","flex-grow":0,"flex-shrink":1,"flex-wrap":"nowrap","font-family":"system","font-size":"28px","fontSize":14,"fontWeight":"bold","height":41.0,"justify-content":"flex-start","line-clamp":1,"line-height":"40px","lines":1,"opacity":1,"text-align":"left","text-overflow":"ellipsis","textAlign":"center","visibility":"visible","width":54.0,"x":73.0,"y":0.0},"text":"3/10","variant":"body"}, parentId:root_c3
08-27 12:48:42.529 D/AGenUI  (29018): 12:48:42.528 [logYogaLayoutInfo@277] [layout] id=root_c3_c2 type=Container parent=root_c3 xywh=(126.0,1.0,74.0,40.0) flex=(0.0,1.0) child=1 aspect=nan measure=0
08-27 12:48:42.530 D/AGenUI  (29018): 12:48:42.530 [onNodeAdded@298] onNodeAdded: {"children":["root_c3_c2_c0"],"component":"Container","id":"root_c3_c2","styles":{"align-content":"stretch","align-items":"stretch","align-self":"auto","background-color":"transparent","backgroundColor":"#A78BFA","border-color":"#0000001A","border-radius":"0px","border-style":"solid","border-width":"0px","borderRadius":20,"filter":"none","flex-direction":"column","flex-grow":0,"flex-shrink":1,"flex-wrap":"nowrap","height":40.0,"justify-content":"flex-start","opacity":1,"paddingLeft":16,"paddingRight":16,"visibility":"visible","width":74.0,"x":126.0,"y":1.0}}, parentId:root_c3
08-27 12:48:42.531 D/AGenUI  (29018): 12:48:42.531 [logYogaLayoutInfo@277] [layout] id=root_c3_c2_c0 type=Text parent=root_c3_c2 xywh=(-1.0,0.0,75.0,40.0) flex=(0.0,1.0) child=0 aspect=nan measure=1
08-27 12:48:42.532 D/AGenUI  (29018): 12:48:42.532 [onNodeAdded@298] onNodeAdded: {"component":"Text","id":"root_c3_c2_c0","styles":{"align-content":"stretch","align-items":"stretch","align-self":"auto","background-color":"transparent","border-color":"#0000001A","border-radius":"0px","border-style":"solid","border-width":"0px","color":"#FFFFFF","filter":"none","flex-direction":"column","flex-grow":0,"flex-shrink":1,"flex-wrap":"nowrap","font-family":"system","font-size":"28px","fontSize":14,"fontWeight":"bold","height":40.0,"justify-content":"flex-start","line-clamp":1,"line-height":"40px","lines":1,"opacity":1,"text-align":"left","text-overflow":"ellipsis","visibility":"visible","width":75.0,"x":-1.0,"y":0.0},"text":"下一张","variant":"body"}, parentId:root_c3_c2
08-27 12:48:42.534 I/NativeEventBridge(29018): 12:48:42.533 [onComponentsAdd@70] onComponentsAdd: surfaceId=widget_-1_1787806122349, parents=19, components=19, components=[{"children":["root_c0"],"component":"Card","id":"root","styles":{"align-content":"stretch","align-items":"stretch","align-self":"auto","background-color":"transparent","backgroundColor":"linear-gradient(160deg,#2d1b4e 0%,#4a2d7a 55%,#6b4ca0 100%)","border-color":"#0000001A","border-radius":"16px","border-style":"solid","border-width":"0px","borderRadius":16,"elevation":4,"filter":"none","flex-direction":"column","flex-grow":0,"flex-shrink":1,"flex-wrap":"nowrap","height":246.0,"justify-content":"flex-start","opacity":1,"visibility":"visible","width":200.0,"x":0.0,"y":0.0}}, {"children":["root_c0_c0","root_c1","root_c2","root_c3"],"component":"Column","id":"root_c0","styles":{"align-content":"stretch","align-items":"stretch","align-self":"auto","background-color":"transparent","border-color":"#0000001A","border-radius":"0px","border-style":"solid","border-width":"0px","filter":"none","flex-direction":"column","flex-grow":0,"flex-shrink":1,"flex-wrap":"nowrap","height":246.0,"justify-content":"flex-start","opacity":1,"visibility":"visible","width":200.0,"x":0.0,"y":0.0}}, {"children":["root_c0_c0_c0","root_c0_c0_c1"],"component":"Row","id":"root_c0_c0","styles":{"align-content":"stretch","align-items":"stretch","align-self":"auto","background-color":"transparent","border-color":"#0000001A","border-radius":"0px","border-style":"solid","border-width":"0px","filter":"none","flex-direction":"column","flex-grow":0,"flex-shrink":1,"flex-wrap":"nowrap","height":41.0,"justify-content":"flex-start","opacity":1,"paddingBottom":8,"paddingLeft":16,"paddingRight":16,"paddingTop":16,"visibility":"visible","width":200.0,"x":0.0,"y":0.0}}, {"children":["root_c0_c0_c0_c0"],"component":"Container","id":"root_c0_c0_c0","styles":{"align-content":"stretch","align-items":"stretch","align-self":"auto","background-color":"transparent","backgroundColor":"rgba(255,255,255,0.15)","border-color":"#0000001A","border-radius":"0px","border-style":"solid","border-width":"0px","borderRadius":13,"filter":"none","flex-direction":"column","flex-grow":0,"flex-shrink":1,"flex-wrap":"nowrap","height":26.0,"justify-content":"flex-start","opacity":1,"paddingLeft":12,"paddingRight":12,"visibility":"visible","width":97.0,"x":0.0,"y":8.0}}, {"component":"Text","id":"root_c0_c0_c0_c0","styles":{"align-content":"stretch","align-items":"stretch","align-self":"auto","background-color":"transparent","border-color":"#0000001A","border-radius":"0px","border-style":"solid","border-width":"0px","color":"#FFFFFF","filter":"none","flex-direction":"column","flex-grow":0,"flex-shrink":1,"flex-wrap":"nowrap","font-family":"system","font-size":"28px","fontSize":11,"fontWeight":"bold","height":26.0,"justify-content":"flex-start","line-clamp":1,"line-height":"40px","lines":1,"opacity":1,"text-align":"left","text-overflow":"ellipsis","visibility":"visible","width":98.0,"x":-1.0,"y":0.0},"text":"计算机科学","variant":"body"}, {"component":"Text","id":"root_c0_c0_c1","styles":{"align-content":"stretch","align-items":"stretch","align-self":"auto","background-color":"transparent","border-color":"#0000001A","border-radius":"0px","border-style":"solid","border-width":"0px","color":"rgba(255,255,255,0.7)","filter":"none","flex":1,"flex-direction":"column","flex-grow":0,"flex-shrink":1,"flex-wrap":"nowrap","font-family":"system","font-size":"28px","fontSize":11,"height":41.0,"justify-content":"flex-start","line-clamp":1,"line-height":"40px","lines":1,"marginLeft":8,"opacity":1,"text-align":"left","text-overflow":"ellipsis","visibility":"visible","width":104.0,"x":96.0,"y":0.0},"text":"算法 · 第3张","variant":"body"}, {"children":["root_c1_c0","root_c1_c1"],"component":"Column","id":"root_c1","styles":{"align-content":"stretch","align-items":"stretch","align-self":"auto","background-color":"transparent","border-color":"#0000001A","border-radius":"0px","border-style":"solid","border-width":"0px","filter":"none","f
08-27 12:48:42.535 D/AGenUI  (29018): 12:48:42.534 [updateComponents@112] success: {"version":"v0.9","updateComponents":{"surfaceId":"widget_-1_1787806122349","components":[{"id":"root_c0_c0_c0_c0","component":"Text","text":"计算机科学","styles":{"fontSize":11,"color":"#FFFFFF","fontWeight":"bold"}},{"id":"root_c0_c0_c0","component":"Container","styles":{"height":26,"borderRadius":13,"backgroundColor":"rgba(255,255,255,0.15)","alignItems":"center","justifyContent":"center","paddingLeft":12,"paddingRight":12},"children":["root_c0_c0_c0_c0"]},{"id":"root_c0_c0_c1","component":"Text","text":"算法 · 第3张","styles":{"fontSize":11,"color":"rgba(255,255,255,0.7)","marginLeft":8,"flex":1}},{"id":"root_c0_c0","component":"Row","styles":{"paddingLeft":16,"paddingRight":16,"paddingTop":16,"paddingBottom":8,"alignItems":"center"},"children":["root_c0_c0_c0","root_c0_c0_c1"]},{"id":"root_c1_c0","component":"Text","text":"问题","styles":{"fontSize":11,"color":"rgba(255,255,255,0.6)","paddingLeft":16,"paddingRight":16,"paddingBottom":4}},{"id":"root_c1_c1","component":"Text","text":"什么是时间复杂度？","styles":{"fontSize":20,"fontWeight":"bold","color":"#FFFFFF","paddingLeft":16,"paddingRight":16,"paddingBottom":8}},{"id":"root_c1","component":"Column","styles":{"paddingTop":4,"paddingBottom":8},"children":["root_c1_c0","root_c1_c1"]},{"id":"root_c2_c0_c0","component":"Text","text":"点击查看答案","styles":{"fontSize":14,"color":"#FFFFFF","textAlign":"center"}},{"id":"root_c2_c0_c1","component":"Text","text":"O(n) 表示算法运行时间随输入规模 n 呈线性增长","styles":{"fontSize":13,"color":"rgba(255,255,255,0.85)","textAlign":"center","paddingTop":4}},{"id":"root_c2_c0","component":"Column","styles":{"paddingLeft":16,"paddingRight":16,"paddingTop":12,"paddingBottom":12,"alignItems":"center"},"children":["root_c2_c0_c0","root_c2_c0_c1"]},{"id":"root_c2","component":"Card","styles":{"borderRadius":12,"backgroundColor":"rgba(255,255,255,0.1)","marginLeft":16,"marginRight":16,"marginBottom":12,"elevation":0},"children":["root_c2_c0"]},{"id":"root_c3_c0_c0","component":"Text","text":"上一张","styles":{"fontSize":14,"color":"#FFFFFF"}},{"id":"root_c3_c0","component":"Container","styles":{"height":40,"borderRadius":20,"backgroundColor":"rgba(255,255,255,0.15)","alignItems":"center","justifyContent":"center","paddingLeft":16,"paddingRight":16},"children":["root_c3_c0_c0"]},{"id":"root_c3_c1","component":"Text","text":"3\/10","styles":{"fontSize":14,"color":"#FFFFFF","fontWeight":"bold","flex":1,"textAlign":"center"}},{"id":"root_c3_c2_c0","component":"Text","text":"下一张","styles":{"fontSize":14,"color":"#FFFFFF","fontWeight":"bold"}},{"id":"root_c3_c2","component":"Container","styles":{"height":40,"borderRadius":20,"backgroundColor":"#A78BFA","alignItems":"center","justifyContent":"center","paddingLeft":16,"paddingRight":16},"children":["root_c3_c2_c0"]},{"id":"root_c3","component":"Row","styles":{"paddingLeft":16,"paddingRight":16,"paddingTop":4,"paddingBottom":16,"alignItems":"center"},"children":["root_c3_c0","root_c3_c1","root_c3_c2"]},{"id":"root_c0","component":"Column","children":["root_c0_c0","root_c1","root_c2","root_c3"]},{"id":"root","component":"Card","styles":{"borderRadius":16,"backgroundColor":"linear-gradient(160deg,#2d1b4e 0%,#4a2d7a 55%,#6b4ca0 100%)","elevation":4},"children":["root_c0"]}]}}
08-27 12:48:42.536 D/surface_updateDataModel_begin(29018): [PERF] 12:48:42.535 [updateDataModel@234] widget_-1_1787806122349
08-27 12:48:42.536 D/AGenUI  (29018): 12:48:42.536 [updateData@50] path:/, jsonValue:{"answer":"O(n) 表示算法运行时间随输入规模 n 呈线性增长","cardIndex":3,"question":"什么是时间复杂度？","subject":"计算机科学","totalCards":10}
08-27 12:48:42.537 D/surface_updateDataModel_end(29018): [PERF] 12:48:42.537 [updateDataModel@253] widget_-1_1787806122349
08-27 12:48:42.538 D/AGenUI  (29018): 12:48:42.537 [updateDataModel@137] success: {"version":"v0.9","updateDataModel":{"surfaceId":"widget_-1_1787806122349","value":{"subject":"计算机科学","question":"什么是时间复杂度？","answer":"O(n) 表示算法运行时间随输入规模 n 呈线性增长","cardIndex":3,"totalCards":10}}}
08-27 12:48:42.538 D/stream_assembling_end(29018): [PERF] 12:48:42.538 [processDataAssembling@57] 
08-27 12:48:42.539 D/AGenUI  (29018): 12:48:42.539 [processDataEnding@61] processing end
08-27 12:48:42.540 D/stream_end(29018): [PERF] 12:48:42.539 [processDataEnding@66] 
08-27 12:48:42.570 D/AGenUIWidgetRenderSvc(29018): onRootComponentUpdate: widget_-1_1787806122349, props={children=[root_c0], styles={align-content=stretch, align-items=stretch, align-self=auto, background-color=transparent, backgroundColor=linear-gradient(160deg,#2d1b4e 0%,#4a2d7a 55%,#6b4ca0 100%), border-color=#0000001A, border-radius=16px, border-style=solid, border-width=0px, borderRadius=16.0, elevation=4.0, filter=none, flex-direction=column, flex-grow=0.0, flex-shrink=1.0, flex-wrap=nowrap, height=246.0, justify-content=flex-start, opacity=1.0, visibility=visible, width=200.0, x=0.0, y=0.0}}
08-27 12:48:42.571 D/components_applied(29018): [PERF] 12:48:42.570 [lambda$onComponentsAdd$2$com-amap-agenui-render-surface-NativeEventBridge@76] widget_-1_1787806122349
08-27 12:48:42.670 D/AGenUIWidgetRenderSvc(29018): Surface ready, proceeding to draw
08-27 12:48:42.690 D/WidgetBitmapRenderer(29018): Measured: 300x369
08-27 12:48:42.693 D/AGenUI  (29018): 12:48:42.692 [handleSurfaceSizeChanged@286] handleSurfaceSizeChanged: surfaceId:widget_-1_1787806122349, width:200.0, height:246.0
08-27 12:48:42.693 D/AGenUI  (29018): 12:48:42.693 [notifySurfaceSizeChanged@250] notifySurfaceSizeChanged
08-27 12:48:42.717 D/WidgetBitmapRenderer(29018): Bitmap: 300x369, bytes=442800
08-27 12:48:42.728 D/WidgetBitmapRenderer(29018): Debug bitmap saved: /storage/emulated/0/Android/data/com.amap.agenuiplayground/files/widget_render_debug.png
08-27 12:48:42.728 D/WidgetBitmapRenderer(29018): View hierarchy:
08-27 12:48:42.728 D/WidgetBitmapRenderer(29018):  [300x369] measured=[300x369] vis=0 tag=null
08-27 12:48:42.728 D/WidgetBitmapRenderer(29018):    [300x369] measured=[300x369] vis=0 tag=null
08-27 12:48:42.728 D/WidgetBitmapRenderer(29018):     YogaAbsoluteLayout [300x369] measured=[300x369] vis=0 tag=null
08-27 12:48:42.728 D/WidgetBitmapRenderer(29018):       YogaAbsoluteLayout [300x369] measured=[300x369] vis=0 tag=null
08-27 12:48:42.728 D/WidgetBitmapRenderer(29018):         YogaAbsoluteLayout [300x62] measured=[300x62] vis=0 tag=null
08-27 12:48:42.728 D/WidgetBitmapRenderer(29018):           YogaAbsoluteLayout [146x39] measured=[146x39] vis=0 tag=null
08-27 12:48:42.728 D/WidgetBitmapRenderer(29018):             TextView [147x39] measured=[147x39] vis=0 tag=null
08-27 12:48:42.728 D/WidgetBitmapRenderer(29018):           TextView [156x62] measured=[156x62] vis=0 tag=null
08-27 12:48:42.728 D/WidgetBitmapRenderer(29018):         YogaAbsoluteLayout [300x123] measured=[300x123] vis=0 tag=null
08-27 12:48:42.728 D/WidgetBitmapRenderer(29018):           TextView [300x62] measured=[300x62] vis=0 tag=null
08-27 12:48:42.728 D/WidgetBitmapRenderer(29018):           TextView [300x62] measured=[300x62] vis=0 tag=null
08-27 12:48:42.728 D/WidgetBitmapRenderer(29018):          [300x123] measured=[300x123] vis=0 tag=null
08-27 12:48:42.728 D/WidgetBitmapRenderer(29018):           YogaAbsoluteLayout [300x123] measured=[300x123] vis=0 tag=null
08-27 12:48:42.728 D/WidgetBitmapRenderer(29018):             YogaAbsoluteLayout [300x123] measured=[300x123] vis=0 tag=null
08-27 12:48:42.728 D/WidgetBitmapRenderer(29018):               TextView [254x62] measured=[254x62] vis=0 tag=null
08-27 12:48:42.728 D/WidgetBitmapRenderer(29018):               TextView [302x62] measured=[302x62] vis=0 tag=null
08-27 12:48:42.728 D/WidgetBitmapRenderer(29018):         YogaAbsoluteLayout [300x62] measured=[300x62] vis=0 tag=null
08-27 12:48:42.728 D/WidgetBitmapRenderer(29018):           YogaAbsoluteLayout [111x60] measured=[111x60] vis=0 tag=null
08-27 12:48:42.728 D/WidgetBitmapRenderer(29018):             TextView [113x60] measured=[113x60] vis=0 tag=null
08-27 12:48:42.728 D/WidgetBitmapRenderer(29018):           TextView [81x62] measured=[81x62] vis=0 tag=null
08-27 12:48:42.728 D/WidgetBitmapRenderer(29018):           YogaAbsoluteLayout [111x60] measured=[111x60] vis=0 tag=null
08-27 12:48:42.728 D/WidgetBitmapRenderer(29018):             TextView [113x60] measured=[113x60] vis=0 tag=null
08-27 12:48:42.729 D/AGenUIWidgetRenderSvc(29018): Widget updated: AGenUI · flashcard
08-27 12:48:42.729 D/WidgetSurfacePool(29018): Released SurfaceManager for template=flashcard, pool size=1
08-27 12:48:42.729 D/AGenUIWidgetRenderSvc(29018): renderSync: id=-1, template=calendar
08-27 12:48:42.730 D/AGenUIWidgetRenderSvc(29018): Widget dimensions: 300x400 (MEDIUM)
08-27 12:48:42.731 D/WidgetTemplateValidator(29018): Validated: 19 unique component IDs
08-27 12:48:42.735 D/AGenUIWidgetRenderSvc(29018): Converted 3 chunks for template: calendar
08-27 12:48:42.735 W/AGenUI  (29018): 12:48:42.735 [initialize@68] Module already initialized
08-27 12:48:42.736 D/AGenUI  (29018): 12:48:42.736 [setDebug@278] build type set to debug
08-27 12:48:42.737 D/AGenUI  (29018): 12:48:42.736 [jni_createSurfaceManager@42] [JNI] createSurfaceManager
08-27 12:48:42.737 D/AGenUI  (29018): 12:48:42.737 [createSurfaceManager@90] begin creating
08-27 12:48:42.738 D/AGenUI  (29018): 12:48:42.737 [enterRunning@22] enter running, 9
08-27 12:48:42.738 D/AGenUI  (29018): 12:48:42.738 [createSurfaceManager@109] created, 9
08-27 12:48:42.738 D/AGenUI  (29018): 12:48:42.738 [init@40] init, 9
08-27 12:48:42.739 D/AGenUI  (29018): 12:48:42.738 [jni_createSurfaceManager@54] [JNI] createSurfaceManager: created with instanceId=9
08-27 12:48:42.739 D/AGenUI  (29018): 12:48:42.738 [SurfaceCoordinator@34] construction finished
08-27 12:48:42.739 I/AGenUI  (29018): 12:48:42.739 [createSurfaceManager@168] SurfaceManager created: instanceId=9
08-27 12:48:42.740 D/AGenUI  (29018): 12:48:42.739 [jni_addEventListener@47] [JNI] addEventListener: instanceId=9
08-27 12:48:42.740 D/AGenUI  (29018): 12:48:42.740 [addSurfaceEventListener@84] add lisenter success 9, listener:0xb4000078d1f7bf10, 0xb400007971ef7160
08-27 12:48:42.741 D/AGenUI  (29018): 12:48:42.740 [addEventListener@7] listener:0xb4000078d1f7bf10, 0
08-27 12:48:42.741 D/AGenUI  (29018): 12:48:42.741 [jni_addEventListener@66] [JNI] addEventListener: success, instanceId=9
08-27 12:48:42.741 I/SurfaceManager(29018): 12:48:42.741 [addMessageListener@200] UIMessage listener registered: instanceId=9
08-27 12:48:42.742 D/AGenUI  (29018): 12:48:42.742 [jni_setSurfaceSizeProvider@241] [JNI] setSurfaceSizeProvider: instanceId=9
08-27 12:48:42.742 I/SurfaceManager(29018): 12:48:42.742 [<init>@90] SurfaceManager created with Context, instanceId=9
08-27 12:48:42.742 D/AGenUIWidgetRenderSvc(29018): Created new SurfaceManager
08-27 12:48:42.743 D/SurfaceManager(29018): 12:48:42.743 [addListener@167] Listener added: 
08-27 12:48:42.744 D/AGenUI  (29018): 12:48:42.743 [beginTextStream@144] begin text stream
08-27 12:48:42.744 D/surface_begin_text_stream(29018): [PERF] 12:48:42.744 [beginTextStream@148] instanceId=9
08-27 12:48:42.745 D/surface_receive_text_chunk(29018): [PERF] 12:48:42.744 [receiveTextChunk@185] instanceId=9, bytes=171
08-27 12:48:42.745 D/AGenUI  (29018): 12:48:42.744 [processDataBeginning@36] processing begin
08-27 12:48:42.745 D/surface_receive_text_chunk(29018): [PERF] 12:48:42.745 [receiveTextChunk@185] instanceId=9, bytes=2703
08-27 12:48:42.745 D/stream_begin(29018): [PERF] 12:48:42.745 [processDataBeginning@39] 
08-27 12:48:42.746 D/stream_assembling_begin(29018): [PERF] 12:48:42.745 [processDataAssembling@43] 
08-27 12:48:42.746 D/surface_receive_text_chunk(29018): [PERF] 12:48:42.745 [receiveTextChunk@185] instanceId=9, bytes=249
08-27 12:48:42.746 D/AGenUI  (29018): 12:48:42.746 [processDataAssembling@44] {"version":"v0.9","createSurface":{"surfaceId":"widget_-1_1787806122730","catalogId":"https:\/\/a2ui.org\/specification\/v0_9\/catalogs\/basic\/catalog.json","width":300}}
08-27 12:48:42.746 D/AGenUI  (29018): 12:48:42.746 [endTextStream@163] end text stream
08-27 12:48:42.746 D/surface_end_text_stream(29018): [PERF] 12:48:42.746 [endTextStream@167] instanceId=9
08-27 12:48:42.747 D/surface_create_begin(29018): [PERF] 12:48:42.746 [Surface@26] widget_-1_1787806122730
08-27 12:48:42.747 D/surface_create_end(29018): [PERF] 12:48:42.747 [Surface@49] widget_-1_1787806122730
08-27 12:48:42.748 D/AGenUI  (29018): 12:48:42.747 [createSurface@82] success: {"version":"v0.9","createSurface":{"surfaceId":"widget_-1_1787806122730","catalogId":"https:\/\/a2ui.org\/specification\/v0_9\/catalogs\/basic\/catalog.json","width":300}}
08-27 12:48:42.748 D/AGenUI  (29018): 12:48:42.748 [dispatchCreateSurface@36] surfaceId:widget_-1_1787806122730
08-27 12:48:42.749 I/NativeEventBridge(29018): 12:48:42.748 [onCreateSurface@45] onCreateSurface: surfaceId=widget_-1_1787806122730, catalogId=https://a2ui.org/specification/v0_9/catalogs/basic/catalog.json
08-27 12:48:42.749 D/stream_assembling_end(29018): [PERF] 12:48:42.749 [processDataAssembling@57] 
08-27 12:48:42.750 D/SurfaceManager(29018): 12:48:42.749 [createSurface@324] createSurface: surfaceId=widget_-1_1787806122730
08-27 12:48:42.750 D/stream_assembling_begin(29018): [PERF] 12:48:42.750 [processDataAssembling@43] 
08-27 12:48:42.750 D/AGenUI  (29018): 12:48:42.750 [processDataAssembling@44] {"version":"v0.9","updateComponents":{"surfaceId":"widget_-1_1787806122730","components":[{"id":"root_c0_c0_c0_c0","component":"Text","text":"Ὄ5","styles":{"fontSize":18}},{"id":"root_c0_c0_c0","component":"Container","styles":{"width":40,"height":40,"borderRadius":999,"backgroundColor":"#E8F3FF","alignItems":"center","justifyContent":"center"},"children":["root_c0_c0_c0_c0"]},{"id":"root_c0_c0_c1_c0","component":"Text","text":"8月26日 周三","styles":{"fontSize":16,"fontWeight":"bold","color":"#181818"}},{"id":"root_c0_c0_c1_c1","component":"Text","text":"今日 2 项安排","styles":{"fontSize":12,"color":"#999999"}},{"id":"root_c0_c0_c1","component":"Column","styles":{"marginLeft":12,"flex":1},"children":["root_c0_c0_c1_c0","root_c0_c0_c1_c1"]},{"id":"root_c0_c0","component":"Row","styles":{"paddingLeft":16,"paddingRight":16,"paddingTop":16,"paddingBottom":12,"alignItems":"center"},"children":["root_c0_c0_c0","root_c0_c0_c1"]},{"id":"root_c0_c1","component":"Divider","styles":{"backgroundColor":"#E8EAED","height":1,"marginLeft":16,"marginRight":16}},{"id":"root_c0_c2_c0","component":"Container","styles":{"width":4,"height":40,"borderRadius":2,"backgroundColor":"#007DFF"},"children":[]},{"id":"root_c0_c2_c1_c0","component":"Text","text":"10:00 - 11:30","styles":{"fontSize":12,"color":"#007DFF"}},{"id":"root_c0_c2_c1_c1","component":"Text","text":"技术架构评审会","styles":{"fontSize":14,"color":"#181818","marginTop":2}},{"id":"root_c0_c2_c1","component":"Column","styles":{"marginLeft":12,"flex":1},"children":["root_c0_c2_c1_c0","root_c0_c2_c1_c1"]},{"id":"root_c0_c2","component":"Row","styles":{"paddingLeft":16,"paddingRight":16,"paddingTop":10,"paddingBottom":10,"alignItems":"center"},"children":["root_c0_c2_c0","root_c0_c2_c1"]},{"id":"root_c0_c3_c0","component":"Container","styles":{"width":4,"height":40,"borderRadius":2,"backgroundColor":"#FF9800"},"children":[]},{"id":"root_c0_c3_c1_c0","component":"Text","text":"15:00 - 16:00","styles":{"fontSize":12,"color":"#FF9800"}},{"id":"root_c0_c3_c1_c1","component":"Text","text":"客户需求对齐","styles":{"fontSize":14,"color":"#181818","marginTop":2}},{"id":"root_c0_c3_c1","component":"Column","styles":{"marginLeft":12,"flex":1},"children":["root_c0_c3_c1_c0","root_c0_c3_c1_c1"]},{"id":"root_c0_c3","component":"Row","styles":{"paddingLeft":16,"paddingRight":16,"paddingTop":10,"paddingBottom":16,"alignItems":"center"},"children":["root_c0_c3_c0","root_c0_c3_c1"]},{"id":"root_c0","component":"Column","children":["root_c0_c0","root_c0_c1","root_c0_c2","root_c0_c3"]},{"id":"root","component":"Card","styles":{"borderRadius":16,"backgroundColor":"#FFFFFF","elevation":2},"children":["root_c0"]}]}}
08-27 12:48:42.750 D/Surface (29018): 12:48:42.750 [<init>@127] Surface created: id=widget_-1_1787806122730
08-27 12:48:42.751 D/AGenUIWidgetRenderSvc(29018): onCreateSurface: widget_-1_1787806122730
08-27 12:48:42.751 D/stream_assembling_end(29018): [PERF] 12:48:42.751 [processDataAssembling@57] 
08-27 12:48:42.751 D/SurfaceManager(29018): 12:48:42.751 [createSurface@404] ✓ Surface created: widget_-1_1787806122730
08-27 12:48:42.752 D/stream_assembling_begin(29018): [PERF] 12:48:42.751 [processDataAssembling@43] 
08-27 12:48:42.752 D/AGenUI  (29018): 12:48:42.752 [processDataAssembling@44] {"version":"v0.9","updateDataModel":{"surfaceId":"widget_-1_1787806122730","value":{"date":"8月26日 周三","todayCount":2,"events":[{"time":"10:00 - 11:30","title":"技术架构评审会"},{"time":"15:00 - 16:00","title":"客户需求对齐"}]}}}
08-27 12:48:42.754 D/AGenUI  (29018): 12:48:42.753 [updateComponents@209] none template: Text
08-27 12:48:42.754 D/AGenUI  (29018): 12:48:42.754 [updateComponents@209] none template: Container
08-27 12:48:42.755 D/AGenUI  (29018): 12:48:42.754 [updateComponents@209] none template: Text
08-27 12:48:42.755 D/AGenUI  (29018): 12:48:42.755 [updateComponents@209] none template: Text
08-27 12:48:42.756 D/AGenUI  (29018): 12:48:42.755 [updateComponents@209] none template: Column
08-27 12:48:42.756 D/AGenUI  (29018): 12:48:42.756 [updateComponents@209] none template: Row
08-27 12:48:42.756 D/AGenUI  (29018): 12:48:42.756 [updateComponents@209] none template: Divider
08-27 12:48:42.757 D/AGenUI  (29018): 12:48:42.757 [updateComponents@209] none template: Container
08-27 12:48:42.757 D/AGenUI  (29018): 12:48:42.757 [updateComponents@209] none template: Text
08-27 12:48:42.758 D/AGenUI  (29018): 12:48:42.757 [updateComponents@209] none template: Text
08-27 12:48:42.758 D/AGenUI  (29018): 12:48:42.758 [updateComponents@209] none template: Column
08-27 12:48:42.759 D/AGenUI  (29018): 12:48:42.758 [updateComponents@209] none template: Row
08-27 12:48:42.759 D/AGenUI  (29018): 12:48:42.759 [updateComponents@209] none template: Container
08-27 12:48:42.760 D/AGenUI  (29018): 12:48:42.759 [updateComponents@209] none template: Text
08-27 12:48:42.760 D/AGenUI  (29018): 12:48:42.760 [updateComponents@209] none template: Text
08-27 12:48:42.760 D/AGenUI  (29018): 12:48:42.760 [updateComponents@209] none template: Column
08-27 12:48:42.761 D/AGenUI  (29018): 12:48:42.761 [updateComponents@209] none template: Row
08-27 12:48:42.761 D/AGenUI  (29018): 12:48:42.761 [updateComponents@209] none template: Column
08-27 12:48:42.762 D/AGenUI  (29018): 12:48:42.761 [updateComponents@209] none template: Card
08-27 12:48:42.768 D/AGenUI  (29018): 12:48:42.767 [getValueData@71] calling FunctionCallManager.executeFunctionCallSync: name=token, args={"name":"Color_Text_Body"}
08-27 12:48:42.768 D/AGenUI  (29018): 12:48:42.768 [execute@20] token:Color_Text_Body, resolved:#000000E6
08-27 12:48:42.770 D/AGenUI  (29018): 12:48:42.769 [getValueData@71] calling FunctionCallManager.executeFunctionCallSync: name=token, args={"name":"Color_Gray_06"}
08-27 12:48:42.770 D/AGenUI  (29018): 12:48:42.770 [execute@20] token:Color_Gray_06, resolved:#0000000F
08-27 12:48:42.772 D/AGenUI  (29018): 12:48:42.772 [setupMeasureFunctionIfNeeded@329] [setupMeasureFunc] id=root_c0_c0_c0_c0 comp=Text decision=Register
08-27 12:48:42.773 D/AGenUI  (29018): 12:48:42.773 [setupMeasureFunctionIfNeeded@329] [setupMeasureFunc] id=root_c0_c0_c1_c0 comp=Text decision=Register
08-27 12:48:42.775 D/AGenUI  (29018): 12:48:42.774 [setupMeasureFunctionIfNeeded@329] [setupMeasureFunc] id=root_c0_c0_c1_c1 comp=Text decision=Register
08-27 12:48:42.777 D/AGenUI  (29018): 12:48:42.777 [setupMeasureFunctionIfNeeded@329] [setupMeasureFunc] id=root_c0_c2_c1_c0 comp=Text decision=Register
08-27 12:48:42.778 D/AGenUI  (29018): 12:48:42.778 [setupMeasureFunctionIfNeeded@329] [setupMeasureFunc] id=root_c0_c2_c1_c1 comp=Text decision=Register
08-27 12:48:42.780 D/AGenUI  (29018): 12:48:42.780 [setupMeasureFunctionIfNeeded@329] [setupMeasureFunc] id=root_c0_c3_c1_c0 comp=Text decision=Register
08-27 12:48:42.782 D/AGenUI  (29018): 12:48:42.781 [setupMeasureFunctionIfNeeded@329] [setupMeasureFunc] id=root_c0_c3_c1_c1 comp=Text decision=Register
08-27 12:48:42.785 D/AGenUI  (29018): 12:48:42.785 [measure@193] [JNI] AndroidBridgeMeasurement.measure start: type=Text, paramJson={"component":"Text","id":"root_c0_c0_c1_c0","styles":{"background-color":"transparent","border-color":"#0000001A","border-radius":"0px","border-style":"solid","border-width":"0px","color":"#181818","filter":"none","font-family":"system","font-size":"28px","fontSize":16,"fontWeight":"bold","height":0.0,"line-clamp":1,"line-height":"40px","opacity":1,"text-align":"left","text-overflow":"ellipsis","visibility":"visible","width":0.0,"x":0.0,"y":0.0},"text":"8月26日 周三","variant":"body"}, width={maxValue=200.000000, mode=2}, height={maxValue=nan, mode=0}
08-27 12:48:42.786 W/MeasurementBridge(29018): 12:48:42.786 [directMeasure@91] directMeasure start: type=Text, paramJson={"component":"Text","id":"root_c0_c0_c1_c0","styles":{"background-color":"transparent","border-color":"#0000001A","border-radius":"0px","border-style":"solid","border-width":"0px","color":"#181818","filter":"none","font-family":"system","font-size":"28px","fontSize":16,"fontWeight":"bold","height":0.0,"line-clamp":1,"line-height":"40px","opacity":1,"text-align":"left","text-overflow":"ellipsis","visibility":"visible","width":0.0,"x":0.0,"y":0.0},"text":"8月26日 周三","variant":"body"}, maxWidth=200.0, widthMode=2, maxHeight=NaN, heightMode=0
08-27 12:48:42.788 W/MeasurementBridge(29018): 12:48:42.788 [directMeasure@108] directMeasure result: type=Text, result=MeasureResult{calcType=0, width=168.0, height=41.0, lineCount=1}
08-27 12:48:42.789 D/AGenUI  (29018): 12:48:42.788 [measure@235] [JNI] AndroidBridgeMeasurement.measure result: type=Text, result=MeasureResult{calcType=Sync, width=168.000000, height=41.000000, countOfLines=1}
08-27 12:48:42.789 D/AGenUI  (29018): 12:48:42.789 [measure@193] [JNI] AndroidBridgeMeasurement.measure start: type=Text, paramJson={"component":"Text","id":"root_c0_c0_c1_c1","styles":{"background-color":"transparent","border-color":"#0000001A","border-radius":"0px","border-style":"solid","border-width":"0px","color":"#999999","filter":"none","font-family":"system","font-size":"28px","fontSize":12,"height":0.0,"line-clamp":1,"line-height":"40px","opacity":1,"text-align":"left","text-overflow":"ellipsis","visibility":"visible","width":0.0,"x":0.0,"y":0.0},"text":"今日 2 项安排","variant":"body"}, width={maxValue=200.000000, mode=2}, height={maxValue=nan, mode=0}
08-27 12:48:42.790 W/MeasurementBridge(29018): 12:48:42.790 [directMeasure@91] directMeasure start: type=Text, paramJson={"component":"Text","id":"root_c0_c0_c1_c1","styles":{"background-color":"transparent","border-color":"#0000001A","border-radius":"0px","border-style":"solid","border-width":"0px","color":"#999999","filter":"none","font-family":"system","font-size":"28px","fontSize":12,"height":0.0,"line-clamp":1,"line-height":"40px","opacity":1,"text-align":"left","text-overflow":"ellipsis","visibility":"visible","width":0.0,"x":0.0,"y":0.0},"text":"今日 2 项安排","variant":"body"}, maxWidth=200.0, widthMode=2, maxHeight=NaN, heightMode=0
08-27 12:48:42.792 W/MeasurementBridge(29018): 12:48:42.792 [directMeasure@108] directMeasure result: type=Text, result=MeasureResult{calcType=0, width=171.0, height=41.0, lineCount=1}
08-27 12:48:42.792 D/AGenUI  (29018): 12:48:42.792 [measure@235] [JNI] AndroidBridgeMeasurement.measure result: type=Text, result=MeasureResult{calcType=Sync, width=171.000000, height=41.000000, countOfLines=1}
08-27 12:48:42.793 D/AGenUI  (29018): 12:48:42.793 [measure@193] [JNI] AndroidBridgeMeasurement.measure start: type=Text, paramJson={"component":"Text","id":"root_c0_c0_c1_c0","styles":{"background-color":"transparent","border-color":"#0000001A","border-radius":"0px","border-style":"solid","border-width":"0px","color":"#181818","filter":"none","font-family":"system","font-size":"28px","fontSize":16,"fontWeight":"bold","height":0.0,"line-clamp":1,"line-height":"40px","lines":1,"opacity":1,"text-align":"left","text-overflow":"ellipsis","visibility":"visible","width":0.0,"x":0.0,"y":0.0},"text":"8月26日 周三","variant":"body"}, width={maxValue=162.085312, mode=1}, height={maxValue=nan, mode=0}
08-27 12:48:42.794 W/MeasurementBridge(29018): 12:48:42.794 [directMeasure@91] directMeasure start: type=Text, paramJson={"component":"Text","id":"root_c0_c0_c1_c0","styles":{"background-color":"transparent","border-color":"#0000001A","border-radius":"0px","border-style":"solid","border-width":"0px","color":"#181818","filter":"none","font-family":"system","font-size":"28px","fontSize":16,"fontWeight":"bold","height":0.0,"line-clamp":1,"line-height":"40px","lines":1,"opacity":1,"text-align":"left","text-overflow":"ellipsis","visibility":"visible","width":0.0,"x":0.0,"y":0.0},"text":"8月26日 周三","variant":"body"}, maxWidth=162.08531, widthMode=1, maxHeight=NaN, heightMode=0
08-27 12:48:42.796 W/MeasurementBridge(29018): 12:48:42.795 [directMeasure@108] directMeasure result: type=Text, result=MeasureResult{calcType=0, width=163.0, height=41.0, lineCount=1}
08-27 12:48:42.796 D/AGenUI  (29018): 12:48:42.796 [measure@235] [JNI] AndroidBridgeMeasurement.measure result: type=Text, result=MeasureResult{calcType=Sync, width=163.000000, height=41.000000, countOfLines=1}
08-27 12:48:42.797 D/AGenUI  (29018): 12:48:42.797 [measure@193] [JNI] AndroidBridgeMeasurement.measure start: type=Text, paramJson={"component":"Text","id":"root_c0_c0_c1_c1","styles":{"background-color":"transparent","border-color":"#0000001A","border-radius":"0px","border-style":"solid","border-width":"0px","color":"#999999","filter":"none","font-family":"system","font-size":"28px","fontSize":12,"height":0.0,"line-clamp":1,"line-height":"40px","lines":1,"opacity":1,"text-align":"left","text-overflow":"ellipsis","visibility":"visible","width":0.0,"x":0.0,"y":0.0},"text":"今日 2 项安排","variant":"body"}, width={maxValue=162.085312, mode=1}, height={maxValue=nan, mode=0}
08-27 12:48:42.798 W/MeasurementBridge(29018): 12:48:42.797 [directMeasure@91] directMeasure start: type=Text, paramJson={"component":"Text","id":"root_c0_c0_c1_c1","styles":{"background-color":"transparent","border-color":"#0000001A","border-radius":"0px","border-style":"solid","border-width":"0px","color":"#999999","filter":"none","font-family":"system","font-size":"28px","fontSize":12,"height":0.0,"line-clamp":1,"line-height":"40px","lines":1,"opacity":1,"text-align":"left","text-overflow":"ellipsis","visibility":"visible","width":0.0,"x":0.0,"y":0.0},"text":"今日 2 项安排","variant":"body"}, maxWidth=162.08531, widthMode=1, maxHeight=NaN, heightMode=0
08-27 12:48:42.799 W/MeasurementBridge(29018): 12:48:42.799 [directMeasure@108] directMeasure result: type=Text, result=MeasureResult{calcType=0, width=163.0, height=41.0, lineCount=1}
08-27 12:48:42.800 D/AGenUI  (29018): 12:48:42.799 [measure@235] [JNI] AndroidBridgeMeasurement.measure result: type=Text, result=MeasureResult{calcType=Sync, width=163.000000, height=41.000000, countOfLines=1}
08-27 12:48:42.801 D/AGenUI  (29018): 12:48:42.800 [measure@193] [JNI] AndroidBridgeMeasurement.measure start: type=Text, paramJson={"component":"Text","id":"root_c0_c2_c1_c0","styles":{"background-color":"transparent","border-color":"#0000001A","border-radius":"0px","border-style":"solid","border-width":"0px","color":"#007DFF","filter":"none","font-family":"system","font-size":"28px","fontSize":12,"height":0.0,"line-clamp":1,"line-height":"40px","opacity":1,"text-align":"left","text-overflow":"ellipsis","visibility":"visible","width":0.0,"x":0.0,"y":0.0},"text":"10:00 - 11:30","variant":"body"}, width={maxValue=200.000000, mode=2}, height={maxValue=nan, mode=0}
08-27 12:48:42.801 W/MeasurementBridge(29018): 12:48:42.801 [directMeasure@91] directMeasure start: type=Text, paramJson={"component":"Text","id":"root_c0_c2_c1_c0","styles":{"background-color":"transparent","border-color":"#0000001A","border-radius":"0px","border-style":"solid","border-width":"0px","color":"#007DFF","filter":"none","font-family":"system","font-size":"28px","fontSize":12,"height":0.0,"line-clamp":1,"line-height":"40px","opacity":1,"text-align":"left","text-overflow":"ellipsis","visibility":"visible","width":0.0,"x":0.0,"y":0.0},"text":"10:00 - 11:30","variant":"body"}, maxWidth=200.0, widthMode=2, maxHeight=NaN, heightMode=0
08-27 12:48:42.803 W/MeasurementBridge(29018): 12:48:42.802 [directMeasure@108] directMeasure result: type=Text, result=MeasureResult{calcType=0, width=163.0, height=41.0, lineCount=1}
08-27 12:48:42.803 D/AGenUI  (29018): 12:48:42.803 [measure@235] [JNI] AndroidBridgeMeasurement.measure result: type=Text, result=MeasureResult{calcType=Sync, width=163.000000, height=41.000000, countOfLines=1}
08-27 12:48:42.804 D/AGenUI  (29018): 12:48:42.804 [measure@193] [JNI] AndroidBridgeMeasurement.measure start: type=Text, paramJson={"component":"Text","id":"root_c0_c2_c1_c1","styles":{"background-color":"transparent","border-color":"#0000001A","border-radius":"0px","border-style":"solid","border-width":"0px","color":"#181818","filter":"none","font-family":"system","font-size":"28px","fontSize":14,"height":0.0,"line-clamp":1,"line-height":"40px","marginTop":2,"opacity":1,"text-align":"left","text-overflow":"ellipsis","visibility":"visible","width":0.0,"x":0.0,"y":0.0},"text":"技术架构评审会","variant":"body"}, width={maxValue=200.000000, mode=2}, height={maxValue=nan, mode=0}
08-27 12:48:42.804 W/MeasurementBridge(29018): 12:48:42.804 [directMeasure@91] directMeasure start: type=Text, paramJson={"component":"Text","id":"root_c0_c2_c1_c1","styles":{"background-color":"transparent","border-color":"#0000001A","border-radius":"0px","border-style":"solid","border-width":"0px","color":"#181818","filter":"none","font-family":"system","font-size":"28px","fontSize":14,"height":0.0,"line-clamp":1,"line-height":"40px","marginTop":2,"opacity":1,"text-align":"left","text-overflow":"ellipsis","visibility":"visible","width":0.0,"x":0.0,"y":0.0},"text":"技术架构评审会","variant":"body"}, maxWidth=200.0, widthMode=2, maxHeight=NaN, heightMode=0
08-27 12:48:42.806 W/MeasurementBridge(29018): 12:48:42.806 [directMeasure@108] directMeasure result: type=Text, result=MeasureResult{calcType=0, width=197.0, height=41.0, lineCount=1}
08-27 12:48:42.807 D/AGenUI  (29018): 12:48:42.806 [measure@235] [JNI] AndroidBridgeMeasurement.measure result: type=Text, result=MeasureResult{calcType=Sync, width=197.000000, height=41.000000, countOfLines=1}
08-27 12:48:42.807 D/AGenUI  (29018): 12:48:42.807 [measure@193] [JNI] AndroidBridgeMeasurement.measure start: type=Text, paramJson={"component":"Text","id":"root_c0_c2_c1_c0","styles":{"background-color":"transparent","border-color":"#0000001A","border-radius":"0px","border-style":"solid","border-width":"0px","color":"#007DFF","filter":"none","font-family":"system","font-size":"28px","fontSize":12,"height":0.0,"line-clamp":1,"line-height":"40px","lines":1,"opacity":1,"text-align":"left","text-overflow":"ellipsis","visibility":"visible","width":0.0,"x":0.0,"y":0.0},"text":"10:00 - 11:30","variant":"body"}, width={maxValue=196.019897, mode=1}, height={maxValue=nan, mode=0}
08-27 12:48:42.808 W/MeasurementBridge(29018): 12:48:42.808 [directMeasure@91] directMeasure start: type=Text, paramJson={"component":"Text","id":"root_c0_c2_c1_c0","styles":{"background-color":"transparent","border-color":"#0000001A","border-radius":"0px","border-style":"solid","border-width":"0px","color":"#007DFF","filter":"none","font-family":"system","font-size":"28px","fontSize":12,"height":0.0,"line-clamp":1,"line-height":"40px","lines":1,"opacity":1,"text-align":"left","text-overflow":"ellipsis","visibility":"visible","width":0.0,"x":0.0,"y":0.0},"text":"10:00 - 11:30","variant":"body"}, maxWidth=196.0199, widthMode=1, maxHeight=NaN, heightMode=0
08-27 12:48:42.809 W/MeasurementBridge(29018): 12:48:42.809 [directMeasure@108] directMeasure result: type=Text, result=MeasureResult{calcType=0, width=197.0, height=41.0, lineCount=1}
08-27 12:48:42.810 D/AGenUI  (29018): 12:48:42.809 [measure@235] [JNI] AndroidBridgeMeasurement.measure result: type=Text, result=MeasureResult{calcType=Sync, width=197.000000, height=41.000000, countOfLines=1}
08-27 12:48:42.811 D/AGenUI  (29018): 12:48:42.810 [measure@193] [JNI] AndroidBridgeMeasurement.measure start: type=Text, paramJson={"component":"Text","id":"root_c0_c2_c1_c1","styles":{"background-color":"transparent","border-color":"#0000001A","border-radius":"0px","border-style":"solid","border-width":"0px","color":"#181818","filter":"none","font-family":"system","font-size":"28px","fontSize":14,"height":0.0,"line-clamp":1,"line-height":"40px","lines":1,"marginTop":2,"opacity":1,"text-align":"left","text-overflow":"ellipsis","visibility":"visible","width":0.0,"x":0.0,"y":0.0},"text":"技术架构评审会","variant":"body"}, width={maxValue=196.019897, mode=1}, height={maxValue=nan, mode=0}
08-27 12:48:42.811 W/MeasurementBridge(29018): 12:48:42.811 [directMeasure@91] directMeasure start: type=Text, paramJson={"component":"Text","id":"root_c0_c2_c1_c1","styles":{"background-color":"transparent","border-color":"#0000001A","border-radius":"0px","border-style":"solid","border-width":"0px","color":"#181818","filter":"none","font-family":"system","font-size":"28px","fontSize":14,"height":0.0,"line-clamp":1,"line-height":"40px","lines":1,"marginTop":2,"opacity":1,"text-align":"left","text-overflow":"ellipsis","visibility":"visible","width":0.0,"x":0.0,"y":0.0},"text":"技术架构评审会","variant":"body"}, maxWidth=196.0199, widthMode=1, maxHeight=NaN, heightMode=0
08-27 12:48:42.813 W/MeasurementBridge(29018): 12:48:42.812 [directMeasure@108] directMeasure result: type=Text, result=MeasureResult{calcType=0, width=197.0, height=41.0, lineCount=1}
08-27 12:48:42.813 D/AGenUI  (29018): 12:48:42.813 [measure@235] [JNI] AndroidBridgeMeasurement.measure result: type=Text, result=MeasureResult{calcType=Sync, width=197.000000, height=41.000000, countOfLines=1}
08-27 12:48:42.814 D/AGenUI  (29018): 12:48:42.814 [measure@193] [JNI] AndroidBridgeMeasurement.measure start: type=Text, paramJson={"component":"Text","id":"root_c0_c3_c1_c0","styles":{"background-color":"transparent","border-color":"#0000001A","border-radius":"0px","border-style":"solid","border-width":"0px","color":"#FF9800","filter":"none","font-family":"system","font-size":"28px","fontSize":12,"height":0.0,"line-clamp":1,"line-height":"40px","opacity":1,"text-align":"left","text-overflow":"ellipsis","visibility":"visible","width":0.0,"x":0.0,"y":0.0},"text":"15:00 - 16:00","variant":"body"}, width={maxValue=200.000000, mode=2}, height={maxValue=nan, mode=0}
08-27 12:48:42.815 W/MeasurementBridge(29018): 12:48:42.814 [directMeasure@91] directMeasure start: type=Text, paramJson={"component":"Text","id":"root_c0_c3_c1_c0","styles":{"background-color":"transparent","border-color":"#0000001A","border-radius":"0px","border-style":"solid","border-width":"0px","color":"#FF9800","filter":"none","font-family":"system","font-size":"28px","fontSize":12,"height":0.0,"line-clamp":1,"line-height":"40px","opacity":1,"text-align":"left","text-overflow":"ellipsis","visibility":"visible","width":0.0,"x":0.0,"y":0.0},"text":"15:00 - 16:00","variant":"body"}, maxWidth=200.0, widthMode=2, maxHeight=NaN, heightMode=0
08-27 12:48:42.817 W/MeasurementBridge(29018): 12:48:42.817 [directMeasure@108] directMeasure result: type=Text, result=MeasureResult{calcType=0, width=163.0, height=41.0, lineCount=1}
08-27 12:48:42.818 D/AGenUI  (29018): 12:48:42.817 [measure@235] [JNI] AndroidBridgeMeasurement.measure result: type=Text, result=MeasureResult{calcType=Sync, width=163.000000, height=41.000000, countOfLines=1}
08-27 12:48:42.819 D/AGenUI  (29018): 12:48:42.818 [measure@193] [JNI] AndroidBridgeMeasurement.measure start: type=Text, paramJson={"component":"Text","id":"root_c0_c3_c1_c1","styles":{"background-color":"transparent","border-color":"#0000001A","border-radius":"0px","border-style":"solid","border-width":"0px","color":"#181818","filter":"none","font-family":"system","font-size":"28px","fontSize":14,"height":0.0,"line-clamp":1,"line-height":"40px","marginTop":2,"opacity":1,"text-align":"left","text-overflow":"ellipsis","visibility":"visible","width":0.0,"x":0.0,"y":0.0},"text":"客户需求对齐","variant":"body"}, width={maxValue=200.000000, mode=2}, height={maxValue=nan, mode=0}
08-27 12:48:42.819 W/MeasurementBridge(29018): 12:48:42.819 [directMeasure@91] directMeasure start: type=Text, paramJson={"component":"Text","id":"root_c0_c3_c1_c1","styles":{"background-color":"transparent","border-color":"#0000001A","border-radius":"0px","border-style":"solid","border-width":"0px","color":"#181818","filter":"none","font-family":"system","font-size":"28px","fontSize":14,"height":0.0,"line-clamp":1,"line-height":"40px","marginTop":2,"opacity":1,"text-align":"left","text-overflow":"ellipsis","visibility":"visible","width":0.0,"x":0.0,"y":0.0},"text":"客户需求对齐","variant":"body"}, maxWidth=200.0, widthMode=2, maxHeight=NaN, heightMode=0
08-27 12:48:42.821 W/MeasurementBridge(29018): 12:48:42.820 [directMeasure@108] directMeasure result: type=Text, result=MeasureResult{calcType=0, width=169.0, height=41.0, lineCount=1}
08-27 12:48:42.821 D/AGenUI  (29018): 12:48:42.821 [measure@235] [JNI] AndroidBridgeMeasurement.measure result: type=Text, result=MeasureResult{calcType=Sync, width=169.000000, height=41.000000, countOfLines=1}
08-27 12:48:42.822 D/AGenUI  (29018): 12:48:42.822 [measure@193] [JNI] AndroidBridgeMeasurement.measure start: type=Text, paramJson={"component":"Text","id":"root_c0_c3_c1_c0","styles":{"background-color":"transparent","border-color":"#0000001A","border-radius":"0px","border-style":"solid","border-width":"0px","color":"#FF9800","filter":"none","font-family":"system","font-size":"28px","fontSize":12,"height":0.0,"line-clamp":1,"line-height":"40px","lines":1,"opacity":1,"text-align":"left","text-overflow":"ellipsis","visibility":"visible","width":0.0,"x":0.0,"y":0.0},"text":"15:00 - 16:00","variant":"body"}, width={maxValue=169.000000, mode=1}, height={maxValue=nan, mode=0}
08-27 12:48:42.823 W/MeasurementBridge(29018): 12:48:42.822 [directMeasure@91] directMeasure start: type=Text, paramJson={"component":"Text","id":"root_c0_c3_c1_c0","styles":{"background-color":"transparent","border-color":"#0000001A","border-radius":"0px","border-style":"solid","border-width":"0px","color":"#FF9800","filter":"none","font-family":"system","font-size":"28px","fontSize":12,"height":0.0,"line-clamp":1,"line-height":"40px","lines":1,"opacity":1,"text-align":"left","text-overflow":"ellipsis","visibility":"visible","width":0.0,"x":0.0,"y":0.0},"text":"15:00 - 16:00","variant":"body"}, maxWidth=169.0, widthMode=1, maxHeight=NaN, heightMode=0
08-27 12:48:42.824 W/MeasurementBridge(29018): 12:48:42.824 [directMeasure@108] directMeasure result: type=Text, result=MeasureResult{calcType=0, width=171.0, height=41.0, lineCount=1}
08-27 12:48:42.825 D/AGenUI  (29018): 12:48:42.824 [measure@235] [JNI] AndroidBridgeMeasurement.measure result: type=Text, result=MeasureResult{calcType=Sync, width=171.000000, height=41.000000, countOfLines=1}
08-27 12:48:42.826 D/AGenUI  (29018): 12:48:42.826 [measure@193] [JNI] AndroidBridgeMeasurement.measure start: type=Text, paramJson={"component":"Text","id":"root_c0_c0_c0_c0","styles":{"background-color":"transparent","border-color":"#0000001A","border-radius":"0px","border-style":"solid","border-width":"0px","color":"#000000E6","filter":"none","font-family":"system","font-size":"28px","fontSize":18,"height":0.0,"line-clamp":1,"line-height":"40px","opacity":1,"text-align":"left","text-overflow":"ellipsis","visibility":"visible","width":0.0,"x":0.0,"y":0.0},"text":"Ὄ5","variant":"body"}, width={maxValue=37.914692, mode=2}, height={maxValue=40.000000, mode=2}
08-27 12:48:42.827 W/MeasurementBridge(29018): 12:48:42.826 [directMeasure@91] directMeasure start: type=Text, paramJson={"component":"Text","id":"root_c0_c0_c0_c0","styles":{"background-color":"transparent","border-color":"#0000001A","border-radius":"0px","border-style":"solid","border-width":"0px","color":"#000000E6","filter":"none","font-family":"system","font-size":"28px","fontSize":18,"height":0.0,"line-clamp":1,"line-height":"40px","opacity":1,"text-align":"left","text-overflow":"ellipsis","visibility":"visible","width":0.0,"x":0.0,"y":0.0},"text":"Ὄ5","variant":"body"}, maxWidth=37.914692, widthMode=2, maxHeight=40.0, heightMode=2
08-27 12:48:42.828 W/MeasurementBridge(29018): 12:48:42.828 [directMeasure@108] directMeasure result: type=Text, result=MeasureResult{calcType=0, width=39.0, height=41.0, lineCount=1}
08-27 12:48:42.829 D/AGenUI  (29018): 12:48:42.828 [measure@235] [JNI] AndroidBridgeMeasurement.measure result: type=Text, result=MeasureResult{calcType=Sync, width=39.000000, height=41.000000, countOfLines=1}
08-27 12:48:42.830 D/AGenUI  (29018): 12:48:42.829 [measure@193] [JNI] AndroidBridgeMeasurement.measure start: type=Text, paramJson={"component":"Text","id":"root_c0_c0_c0_c0","styles":{"background-color":"transparent","border-color":"#0000001A","border-radius":"0px","border-style":"solid","border-width":"0px","color":"#000000E6","filter":"none","font-family":"system","font-size":"28px","fontSize":18,"height":0.0,"line-clamp":1,"line-height":"40px","lines":1,"opacity":1,"text-align":"left","text-overflow":"ellipsis","visibility":"visible","width":0.0,"x":0.0,"y":0.0},"text":"Ὄ5","variant":"body"}, width={maxValue=37.914692, mode=2}, height={maxValue=40.000000, mode=1}
08-27 12:48:42.830 W/MeasurementBridge(29018): 12:48:42.830 [directMeasure@91] directMeasure start: type=Text, paramJson={"component":"Text","id":"root_c0_c0_c0_c0","styles":{"background-color":"transparent","border-color":"#0000001A","border-radius":"0px","border-style":"solid","border-width":"0px","color":"#000000E6","filter":"none","font-family":"system","font-size":"28px","fontSize":18,"height":0.0,"line-clamp":1,"line-height":"40px","lines":1,"opacity":1,"text-align":"left","text-overflow":"ellipsis","visibility":"visible","width":0.0,"x":0.0,"y":0.0},"text":"Ὄ5","variant":"body"}, maxWidth=37.914692, widthMode=2, maxHeight=40.0, heightMode=1
08-27 12:48:42.832 W/MeasurementBridge(29018): 12:48:42.831 [directMeasure@108] directMeasure result: type=Text, result=MeasureResult{calcType=0, width=39.0, height=41.0, lineCount=1}
08-27 12:48:42.832 D/AGenUI  (29018): 12:48:42.832 [measure@235] [JNI] AndroidBridgeMeasurement.measure result: type=Text, result=MeasureResult{calcType=Sync, width=39.000000, height=41.000000, countOfLines=1}
08-27 12:48:42.833 D/AGenUI  (29018): 12:48:42.833 [logYogaLayoutInfo@277] [layout] id=root type=Card parent= xywh=(0.0,0.0,200.0,263.0) flex=(0.0,1.0) child=1 aspect=nan measure=0
08-27 12:48:42.834 D/AGenUI  (29018): 12:48:42.834 [onNodeAdded@298] onNodeAdded: {"children":["root_c0"],"component":"Card","id":"root","styles":{"align-content":"stretch","align-items":"stretch","align-self":"auto","background-color":"transparent","backgroundColor":"#FFFFFF","border-color":"#0000001A","border-radius":"16px","border-style":"solid","border-width":"0px","borderRadius":16,"elevation":2,"filter":"none","flex-direction":"column","flex-grow":0,"flex-shrink":1,"flex-wrap":"nowrap","height":263.0,"justify-content":"flex-start","opacity":1,"visibility":"visible","width":200.0,"x":0.0,"y":0.0}}, parentId:
08-27 12:48:42.835 D/AGenUI  (29018): 12:48:42.834 [logYogaLayoutInfo@277] [layout] id=root_c0 type=Column parent=root xywh=(0.0,0.0,200.0,263.0) flex=(0.0,1.0) child=4 aspect=nan measure=0
08-27 12:48:42.836 D/AGenUI  (29018): 12:48:42.835 [onNodeAdded@298] onNodeAdded: {"children":["root_c0_c0","root_c0_c1","root_c0_c2","root_c0_c3"],"component":"Column","id":"root_c0","styles":{"align-content":"stretch","align-items":"stretch","align-self":"auto","background-color":"transparent","border-color":"#0000001A","border-radius":"0px","border-style":"solid","border-width":"0px","filter":"none","flex-direction":"column","flex-grow":0,"flex-shrink":1,"flex-wrap":"nowrap","height":263.0,"justify-content":"flex-start","opacity":1,"visibility":"visible","width":200.0,"x":0.0,"y":0.0}}, parentId:root
08-27 12:48:42.836 D/AGenUI  (29018): 12:48:42.836 [logYogaLayoutInfo@277] [layout] id=root_c0_c0 type=Row parent=root_c0 xywh=(0.0,0.0,200.0,82.0) flex=(0.0,1.0) child=2 aspect=nan measure=0
08-27 12:48:42.837 D/AGenUI  (29018): 12:48:42.837 [onNodeAdded@298] onNodeAdded: {"children":["root_c0_c0_c0","root_c0_c0_c1"],"component":"Row","id":"root_c0_c0","styles":{"align-content":"stretch","align-items":"stretch","align-self":"auto","background-color":"transparent","border-color":"#0000001A","border-radius":"0px","border-style":"solid","border-width":"0px","filter":"none","flex-direction":"column","flex-grow":0,"flex-shrink":1,"flex-wrap":"nowrap","height":82.0,"justify-content":"flex-start","opacity":1,"paddingBottom":12,"paddingLeft":16,"paddingRight":16,"paddingTop":16,"visibility":"visible","width":200.0,"x":0.0,"y":0.0}}, parentId:root_c0
08-27 12:48:42.838 D/AGenUI  (29018): 12:48:42.837 [logYogaLayoutInfo@277] [layout] id=root_c0_c0_c0 type=Container parent=root_c0_c0 xywh=(0.0,21.0,38.0,40.0) flex=(0.0,1.0) child=1 aspect=nan measure=0
08-27 12:48:42.839 D/AGenUI  (29018): 12:48:42.838 [onNodeAdded@298] onNodeAdded: {"children":["root_c0_c0_c0_c0"],"component":"Container","id":"root_c0_c0_c0","styles":{"align-content":"stretch","align-items":"stretch","align-self":"auto","background-color":"transparent","backgroundColor":"#E8F3FF","border-color":"#0000001A","border-radius":"0px","border-style":"solid","border-width":"0px","borderRadius":999,"filter":"none","flex-direction":"column","flex-grow":0,"flex-shrink":1,"flex-wrap":"nowrap","height":40.0,"justify-content":"flex-start","opacity":1,"visibility":"visible","width":38.0,"x":0.0,"y":21.0}}, parentId:root_c0_c0
08-27 12:48:42.839 D/AGenUI  (29018): 12:48:42.839 [logYogaLayoutInfo@277] [layout] id=root_c0_c0_c0_c0 type=Text parent=root_c0_c0_c0 xywh=(-1.0,0.0,39.0,40.0) flex=(0.0,1.0) child=0 aspect=nan measure=1
08-27 12:48:42.840 D/AGenUI  (29018): 12:48:42.840 [onNodeAdded@298] onNodeAdded: {"component":"Text","id":"root_c0_c0_c0_c0","styles":{"align-content":"stretch","align-items":"stretch","align-self":"auto","background-color":"transparent","border-color":"#0000001A","border-radius":"0px","border-style":"solid","border-width":"0px","color":"#000000E6","filter":"none","flex-direction":"column","flex-grow":0,"flex-shrink":1,"flex-wrap":"nowrap","font-family":"system","font-size":"28px","fontSize":18,"height":40.0,"justify-content":"flex-start","line-clamp":1,"line-height":"40px","lines":1,"opacity":1,"text-align":"left","text-overflow":"ellipsis","visibility":"visible","width":39.0,"x":-1.0,"y":0.0},"text":"Ὄ5","variant":"body"}, parentId:root_c0_c0_c0
08-27 12:48:42.841 D/AGenUI  (29018): 12:48:42.841 [logYogaLayoutInfo@277] [layout] id=root_c0_c0_c1 type=Column parent=root_c0_c0 xywh=(38.0,0.0,162.0,82.0) flex=(0.0,1.0) child=2 aspect=nan measure=0
08-27 12:48:42.842 D/AGenUI  (29018): 12:48:42.842 [onNodeAdded@298] onNodeAdded: {"children":["root_c0_c0_c1_c0","root_c0_c0_c1_c1"],"component":"Column","id":"root_c0_c0_c1","styles":{"align-content":"stretch","align-items":"stretch","align-self":"auto","background-color":"transparent","border-color":"#0000001A","border-radius":"0px","border-style":"solid","border-width":"0px","filter":"none","flex":1,"flex-direction":"column","flex-grow":0,"flex-shrink":1,"flex-wrap":"nowrap","height":82.0,"justify-content":"flex-start","marginLeft":12,"opacity":1,"visibility":"visible","width":162.0,"x":38.0,"y":0.0}}, parentId:root_c0_c0
08-27 12:48:42.843 D/AGenUI  (29018): 12:48:42.842 [logYogaLayoutInfo@277] [layout] id=root_c0_c0_c1_c0 type=Text parent=root_c0_c0_c1 xywh=(0.0,0.0,163.0,41.0) flex=(0.0,1.0) child=0 aspect=nan measure=1
08-27 12:48:42.844 D/AGenUI  (29018): 12:48:42.844 [onNodeAdded@298] onNodeAdded: {"component":"Text","id":"root_c0_c0_c1_c0","styles":{"align-content":"stretch","align-items":"stretch","align-self":"auto","background-color":"transparent","border-color":"#0000001A","border-radius":"0px","border-style":"solid","border-width":"0px","color":"#181818","filter":"none","flex-direction":"column","flex-grow":0,"flex-shrink":1,"flex-wrap":"nowrap","font-family":"system","font-size":"28px","fontSize":16,"fontWeight":"bold","height":41.0,"justify-content":"flex-start","line-clamp":1,"line-height":"40px","lines":1,"opacity":1,"text-align":"left","text-overflow":"ellipsis","visibility":"visible","width":163.0,"x":0.0,"y":0.0},"text":"8月26日 周三","variant":"body"}, parentId:root_c0_c0_c1
08-27 12:48:42.845 D/AGenUI  (29018): 12:48:42.844 [logYogaLayoutInfo@277] [layout] id=root_c0_c0_c1_c1 type=Text parent=root_c0_c0_c1 xywh=(0.0,41.0,163.0,41.0) flex=(0.0,1.0) child=0 aspect=nan measure=1
08-27 12:48:42.846 D/AGenUI  (29018): 12:48:42.845 [onNodeAdded@298] onNodeAdded: {"component":"Text","id":"root_c0_c0_c1_c1","styles":{"align-content":"stretch","align-items":"stretch","align-self":"auto","background-color":"transparent","border-color":"#0000001A","border-radius":"0px","border-style":"solid","border-width":"0px","color":"#999999","filter":"none","flex-direction":"column","flex-grow":0,"flex-shrink":1,"flex-wrap":"nowrap","font-family":"system","font-size":"28px","fontSize":12,"height":41.0,"justify-content":"flex-start","line-clamp":1,"line-height":"40px","lines":1,"opacity":1,"text-align":"left","text-overflow":"ellipsis","visibility":"visible","width":163.0,"x":0.0,"y":41.0},"text":"今日 2 项安排","variant":"body"}, parentId:root_c0_c0_c1
08-27 12:48:42.847 D/AGenUI  (29018): 12:48:42.846 [logYogaLayoutInfo@277] [layout] id=root_c0_c1 type=Divider parent=root_c0 xywh=(0.0,90.0,200.0,1.0) flex=(0.0,1.0) child=0 aspect=nan measure=0
08-27 12:48:42.848 D/AGenUI  (29018): 12:48:42.847 [onNodeAdded@298] onNodeAdded: {"axis":"horizontal","component":"Divider","id":"root_c0_c1","styles":{"align-content":"stretch","align-items":"stretch","align-self":"auto","background-color":"#0000000F","backgroundColor":"#E8EAED","border-color":"#0000001A","border-radius":"0px","border-style":"solid","border-width":"0px","filter":"none","flex-direction":"column","flex-grow":0,"flex-shrink":1,"flex-wrap":"nowrap","height":1.0,"justify-content":"flex-start","margin-bottom":"8px","margin-top":"8px","marginLeft":16,"marginRight":16,"opacity":1,"visibility":"visible","width":200.0,"x":0.0,"y":90.0}}, parentId:root_c0
08-27 12:48:42.849 D/AGenUI  (29018): 12:48:42.848 [logYogaLayoutInfo@277] [layout] id=root_c0_c2 type=Row parent=root_c0 xywh=(0.0,99.0,200.0,82.0) flex=(0.0,1.0) child=2 aspect=nan measure=0
08-27 12:48:42.850 D/AGenUI  (29018): 12:48:42.850 [onNodeAdded@298] onNodeAdded: {"children":["root_c0_c2_c0","root_c0_c2_c1"],"component":"Row","id":"root_c0_c2","styles":{"align-content":"stretch","align-items":"stretch","align-self":"auto","background-color":"transparent","border-color":"#0000001A","border-radius":"0px","border-style":"solid","border-width":"0px","filter":"none","flex-direction":"column","flex-grow":0,"flex-shrink":1,"flex-wrap":"nowrap","height":82.0,"justify-content":"flex-start","opacity":1,"paddingBottom":10,"paddingLeft":16,"paddingRight":16,"paddingTop":10,"visibility":"visible","width":200.0,"x":0.0,"y":99.0}}, parentId:root_c0
08-27 12:48:42.851 D/AGenUI  (29018): 12:48:42.850 [logYogaLayoutInfo@277] [layout] id=root_c0_c2_c0 type=Container parent=root_c0_c2 xywh=(0.0,21.0,4.0,40.0) flex=(0.0,1.0) child=0 aspect=nan measure=0
08-27 12:48:42.852 D/AGenUI  (29018): 12:48:42.851 [onNodeAdded@298] onNodeAdded: {"component":"Container","id":"root_c0_c2_c0","styles":{"align-content":"stretch","align-items":"stretch","align-self":"auto","background-color":"transparent","backgroundColor":"#007DFF","border-color":"#0000001A","border-radius":"0px","border-style":"solid","border-width":"0px","borderRadius":2,"filter":"none","flex-direction":"column","flex-grow":0,"flex-shrink":1,"flex-wrap":"nowrap","height":40.0,"justify-content":"flex-start","opacity":1,"visibility":"visible","width":4.0,"x":0.0,"y":21.0}}, parentId:root_c0_c2
08-27 12:48:42.852 D/AGenUI  (29018): 12:48:42.852 [logYogaLayoutInfo@277] [layout] id=root_c0_c2_c1 type=Column parent=root_c0_c2 xywh=(4.0,0.0,196.0,82.0) flex=(0.0,1.0) child=2 aspect=nan measure=0
08-27 12:48:42.853 D/AGenUI  (29018): 12:48:42.853 [onNodeAdded@298] onNodeAdded: {"children":["root_c0_c2_c1_c0","root_c0_c2_c1_c1"],"component":"Column","id":"root_c0_c2_c1","styles":{"align-content":"stretch","align-items":"stretch","align-self":"auto","background-color":"transparent","border-color":"#0000001A","border-radius":"0px","border-style":"solid","border-width":"0px","filter":"none","flex":1,"flex-direction":"column","flex-grow":0,"flex-shrink":1,"flex-wrap":"nowrap","height":82.0,"justify-content":"flex-start","marginLeft":12,"opacity":1,"visibility":"visible","width":196.0,"x":4.0,"y":0.0}}, parentId:root_c0_c2
08-27 12:48:42.854 D/AGenUI  (29018): 12:48:42.853 [logYogaLayoutInfo@277] [layout] id=root_c0_c2_c1_c0 type=Text parent=root_c0_c2_c1 xywh=(0.0,0.0,197.0,41.0) flex=(0.0,1.0) child=0 aspect=nan measure=1
08-27 12:48:42.855 D/AGenUI  (29018): 12:48:42.855 [onNodeAdded@298] onNodeAdded: {"component":"Text","id":"root_c0_c2_c1_c0","styles":{"align-content":"stretch","align-items":"stretch","align-self":"auto","background-color":"transparent","border-color":"#0000001A","border-radius":"0px","border-style":"solid","border-width":"0px","color":"#007DFF","filter":"none","flex-direction":"column","flex-grow":0,"flex-shrink":1,"flex-wrap":"nowrap","font-family":"system","font-size":"28px","fontSize":12,"height":41.0,"justify-content":"flex-start","line-clamp":1,"line-height":"40px","lines":1,"opacity":1,"text-align":"left","text-overflow":"ellipsis","visibility":"visible","width":197.0,"x":0.0,"y":0.0},"text":"10:00 - 11:30","variant":"body"}, parentId:root_c0_c2_c1
08-27 12:48:42.855 D/AGenUI  (29018): 12:48:42.855 [logYogaLayoutInfo@277] [layout] id=root_c0_c2_c1_c1 type=Text parent=root_c0_c2_c1 xywh=(0.0,41.0,197.0,41.0) flex=(0.0,1.0) child=0 aspect=nan measure=1
08-27 12:48:42.856 D/AGenUI  (29018): 12:48:42.856 [onNodeAdded@298] onNodeAdded: {"component":"Text","id":"root_c0_c2_c1_c1","styles":{"align-content":"stretch","align-items":"stretch","align-self":"auto","background-color":"transparent","border-color":"#0000001A","border-radius":"0px","border-style":"solid","border-width":"0px","color":"#181818","filter":"none","flex-direction":"column","flex-grow":0,"flex-shrink":1,"flex-wrap":"nowrap","font-family":"system","font-size":"28px","fontSize":14,"height":41.0,"justify-content":"flex-start","line-clamp":1,"line-height":"40px","lines":1,"marginTop":2,"opacity":1,"text-align":"left","text-overflow":"ellipsis","visibility":"visible","width":197.0,"x":0.0,"y":41.0},"text":"技术架构评审会","variant":"body"}, parentId:root_c0_c2_c1
08-27 12:48:42.857 D/AGenUI  (29018): 12:48:42.857 [logYogaLayoutInfo@277] [layout] id=root_c0_c3 type=Row parent=root_c0 xywh=(0.0,181.0,200.0,82.0) flex=(0.0,1.0) child=2 aspect=nan measure=0
08-27 12:48:42.858 D/AGenUI  (29018): 12:48:42.858 [onNodeAdded@298] onNodeAdded: {"children":["root_c0_c3_c0","root_c0_c3_c1"],"component":"Row","id":"root_c0_c3","styles":{"align-content":"stretch","align-items":"stretch","align-self":"auto","background-color":"transparent","border-color":"#0000001A","border-radius":"0px","border-style":"solid","border-width":"0px","filter":"none","flex-direction":"column","flex-grow":0,"flex-shrink":1,"flex-wrap":"nowrap","height":82.0,"justify-content":"flex-start","opacity":1,"paddingBottom":16,"paddingLeft":16,"paddingRight":16,"paddingTop":10,"visibility":"visible","width":200.0,"x":0.0,"y":181.0}}, parentId:root_c0
08-27 12:48:42.859 D/AGenUI  (29018): 12:48:42.858 [logYogaLayoutInfo@277] [layout] id=root_c0_c3_c0 type=Container parent=root_c0_c3 xywh=(0.0,21.0,4.0,40.0) flex=(0.0,1.0) child=0 aspect=nan measure=0
08-27 12:48:42.860 D/AGenUI  (29018): 12:48:42.859 [onNodeAdded@298] onNodeAdded: {"component":"Container","id":"root_c0_c3_c0","styles":{"align-content":"stretch","align-items":"stretch","align-self":"auto","background-color":"transparent","backgroundColor":"#FF9800","border-color":"#0000001A","border-radius":"0px","border-style":"solid","border-width":"0px","borderRadius":2,"filter":"none","flex-direction":"column","flex-grow":0,"flex-shrink":1,"flex-wrap":"nowrap","height":40.0,"justify-content":"flex-start","opacity":1,"visibility":"visible","width":4.0,"x":0.0,"y":21.0}}, parentId:root_c0_c3
08-27 12:48:42.860 D/AGenUI  (29018): 12:48:42.860 [logYogaLayoutInfo@277] [layout] id=root_c0_c3_c1 type=Column parent=root_c0_c3 xywh=(4.0,0.0,169.0,82.0) flex=(0.0,1.0) child=2 aspect=nan measure=0
08-27 12:48:42.861 D/AGenUI  (29018): 12:48:42.861 [onNodeAdded@298] onNodeAdded: {"children":["root_c0_c3_c1_c0","root_c0_c3_c1_c1"],"component":"Column","id":"root_c0_c3_c1","styles":{"align-content":"stretch","align-items":"stretch","align-self":"auto","background-color":"transparent","border-color":"#0000001A","border-radius":"0px","border-style":"solid","border-width":"0px","filter":"none","flex":1,"flex-direction":"column","flex-grow":0,"flex-shrink":1,"flex-wrap":"nowrap","height":82.0,"justify-content":"flex-start","marginLeft":12,"opacity":1,"visibility":"visible","width":169.0,"x":4.0,"y":0.0}}, parentId:root_c0_c3
08-27 12:48:42.862 D/AGenUI  (29018): 12:48:42.862 [logYogaLayoutInfo@277] [layout] id=root_c0_c3_c1_c0 type=Text parent=root_c0_c3_c1 xywh=(0.0,0.0,169.0,41.0) flex=(0.0,1.0) child=0 aspect=nan measure=1
08-27 12:48:42.863 D/AGenUI  (29018): 12:48:42.863 [onNodeAdded@298] onNodeAdded: {"component":"Text","id":"root_c0_c3_c1_c0","styles":{"align-content":"stretch","align-items":"stretch","align-self":"auto","background-color":"transparent","border-color":"#0000001A","border-radius":"0px","border-style":"solid","border-width":"0px","color":"#FF9800","filter":"none","flex-direction":"column","flex-grow":0,"flex-shrink":1,"flex-wrap":"nowrap","font-family":"system","font-size":"28px","fontSize":12,"height":41.0,"justify-content":"flex-start","line-clamp":1,"line-height":"40px","lines":1,"opacity":1,"text-align":"left","text-overflow":"ellipsis","visibility":"visible","width":169.0,"x":0.0,"y":0.0},"text":"15:00 - 16:00","variant":"body"}, parentId:root_c0_c3_c1
08-27 12:48:42.864 D/AGenUI  (29018): 12:48:42.863 [logYogaLayoutInfo@277] [layout] id=root_c0_c3_c1_c1 type=Text parent=root_c0_c3_c1 xywh=(0.0,41.0,169.0,41.0) flex=(0.0,1.0) child=0 aspect=nan measure=1
08-27 12:48:42.865 D/AGenUI  (29018): 12:48:42.865 [onNodeAdded@298] onNodeAdded: {"component":"Text","id":"root_c0_c3_c1_c1","styles":{"align-content":"stretch","align-items":"stretch","align-self":"auto","background-color":"transparent","border-color":"#0000001A","border-radius":"0px","border-style":"solid","border-width":"0px","color":"#181818","filter":"none","flex-direction":"column","flex-grow":0,"flex-shrink":1,"flex-wrap":"nowrap","font-family":"system","font-size":"28px","fontSize":14,"height":41.0,"justify-content":"flex-start","line-clamp":1,"line-height":"40px","lines":1,"marginTop":2,"opacity":1,"text-align":"left","text-overflow":"ellipsis","visibility":"visible","width":169.0,"x":0.0,"y":41.0},"text":"客户需求对齐","variant":"body"}, parentId:root_c0_c3_c1
08-27 12:48:42.866 I/NativeEventBridge(29018): 12:48:42.865 [onComponentsAdd@70] onComponentsAdd: surfaceId=widget_-1_1787806122730, parents=19, components=19, components=[{"children":["root_c0"],"component":"Card","id":"root","styles":{"align-content":"stretch","align-items":"stretch","align-self":"auto","background-color":"transparent","backgroundColor":"#FFFFFF","border-color":"#0000001A","border-radius":"16px","border-style":"solid","border-width":"0px","borderRadius":16,"elevation":2,"filter":"none","flex-direction":"column","flex-grow":0,"flex-shrink":1,"flex-wrap":"nowrap","height":263.0,"justify-content":"flex-start","opacity":1,"visibility":"visible","width":200.0,"x":0.0,"y":0.0}}, {"children":["root_c0_c0","root_c0_c1","root_c0_c2","root_c0_c3"],"component":"Column","id":"root_c0","styles":{"align-content":"stretch","align-items":"stretch","align-self":"auto","background-color":"transparent","border-color":"#0000001A","border-radius":"0px","border-style":"solid","border-width":"0px","filter":"none","flex-direction":"column","flex-grow":0,"flex-shrink":1,"flex-wrap":"nowrap","height":263.0,"justify-content":"flex-start","opacity":1,"visibility":"visible","width":200.0,"x":0.0,"y":0.0}}, {"children":["root_c0_c0_c0","root_c0_c0_c1"],"component":"Row","id":"root_c0_c0","styles":{"align-content":"stretch","align-items":"stretch","align-self":"auto","background-color":"transparent","border-color":"#0000001A","border-radius":"0px","border-style":"solid","border-width":"0px","filter":"none","flex-direction":"column","flex-grow":0,"flex-shrink":1,"flex-wrap":"nowrap","height":82.0,"justify-content":"flex-start","opacity":1,"paddingBottom":12,"paddingLeft":16,"paddingRight":16,"paddingTop":16,"visibility":"visible","width":200.0,"x":0.0,"y":0.0}}, {"children":["root_c0_c0_c0_c0"],"component":"Container","id":"root_c0_c0_c0","styles":{"align-content":"stretch","align-items":"stretch","align-self":"auto","background-color":"transparent","backgroundColor":"#E8F3FF","border-color":"#0000001A","border-radius":"0px","border-style":"solid","border-width":"0px","borderRadius":999,"filter":"none","flex-direction":"column","flex-grow":0,"flex-shrink":1,"flex-wrap":"nowrap","height":40.0,"justify-content":"flex-start","opacity":1,"visibility":"visible","width":38.0,"x":0.0,"y":21.0}}, {"component":"Text","id":"root_c0_c0_c0_c0","styles":{"align-content":"stretch","align-items":"stretch","align-self":"auto","background-color":"transparent","border-color":"#0000001A","border-radius":"0px","border-style":"solid","border-width":"0px","color":"#000000E6","filter":"none","flex-direction":"column","flex-grow":0,"flex-shrink":1,"flex-wrap":"nowrap","font-family":"system","font-size":"28px","fontSize":18,"height":40.0,"justify-content":"flex-start","line-clamp":1,"line-height":"40px","lines":1,"opacity":1,"text-align":"left","text-overflow":"ellipsis","visibility":"visible","width":39.0,"x":-1.0,"y":0.0},"text":"Ὄ5","variant":"body"}, {"children":["root_c0_c0_c1_c0","root_c0_c0_c1_c1"],"component":"Column","id":"root_c0_c0_c1","styles":{"align-content":"stretch","align-items":"stretch","align-self":"auto","background-color":"transparent","border-color":"#0000001A","border-radius":"0px","border-style":"solid","border-width":"0px","filter":"none","flex":1,"flex-direction":"column","flex-grow":0,"flex-shrink":1,"flex-wrap":"nowrap","height":82.0,"justify-content":"flex-start","marginLeft":12,"opacity":1,"visibility":"visible","width":162.0,"x":38.0,"y":0.0}}, {"component":"Text","id":"root_c0_c0_c1_c0","styles":{"align-content":"stretch","align-items":"stretch","align-self":"auto","background-color":"transparent","border-color":"#0000001A","border-radius":"0px","border-style":"solid","border-width":"0px","color":"#181818","filter":"none","flex-direction":"column","flex-grow":0,"flex-shrink":1,"flex-wrap":"nowrap","font-family":"system","font-size":"28px","fontSize":16,"fontWeight":"bold","height":41.0,"justify-content":"flex-start","line-clamp":1,"line-height":"40px","lines":1,"opacity":1,"text-align":"left","text-overflow":"ellipsis","vi
08-27 12:48:42.867 D/AGenUI  (29018): 12:48:42.866 [updateComponents@112] success: {"version":"v0.9","updateComponents":{"surfaceId":"widget_-1_1787806122730","components":[{"id":"root_c0_c0_c0_c0","component":"Text","text":"Ὄ5","styles":{"fontSize":18}},{"id":"root_c0_c0_c0","component":"Container","styles":{"width":40,"height":40,"borderRadius":999,"backgroundColor":"#E8F3FF","alignItems":"center","justifyContent":"center"},"children":["root_c0_c0_c0_c0"]},{"id":"root_c0_c0_c1_c0","component":"Text","text":"8月26日 周三","styles":{"fontSize":16,"fontWeight":"bold","color":"#181818"}},{"id":"root_c0_c0_c1_c1","component":"Text","text":"今日 2 项安排","styles":{"fontSize":12,"color":"#999999"}},{"id":"root_c0_c0_c1","component":"Column","styles":{"marginLeft":12,"flex":1},"children":["root_c0_c0_c1_c0","root_c0_c0_c1_c1"]},{"id":"root_c0_c0","component":"Row","styles":{"paddingLeft":16,"paddingRight":16,"paddingTop":16,"paddingBottom":12,"alignItems":"center"},"children":["root_c0_c0_c0","root_c0_c0_c1"]},{"id":"root_c0_c1","component":"Divider","styles":{"backgroundColor":"#E8EAED","height":1,"marginLeft":16,"marginRight":16}},{"id":"root_c0_c2_c0","component":"Container","styles":{"width":4,"height":40,"borderRadius":2,"backgroundColor":"#007DFF"},"children":[]},{"id":"root_c0_c2_c1_c0","component":"Text","text":"10:00 - 11:30","styles":{"fontSize":12,"color":"#007DFF"}},{"id":"root_c0_c2_c1_c1","component":"Text","text":"技术架构评审会","styles":{"fontSize":14,"color":"#181818","marginTop":2}},{"id":"root_c0_c2_c1","component":"Column","styles":{"marginLeft":12,"flex":1},"children":["root_c0_c2_c1_c0","root_c0_c2_c1_c1"]},{"id":"root_c0_c2","component":"Row","styles":{"paddingLeft":16,"paddingRight":16,"paddingTop":10,"paddingBottom":10,"alignItems":"center"},"children":["root_c0_c2_c0","root_c0_c2_c1"]},{"id":"root_c0_c3_c0","component":"Container","styles":{"width":4,"height":40,"borderRadius":2,"backgroundColor":"#FF9800"},"children":[]},{"id":"root_c0_c3_c1_c0","component":"Text","text":"15:00 - 16:00","styles":{"fontSize":12,"color":"#FF9800"}},{"id":"root_c0_c3_c1_c1","component":"Text","text":"客户需求对齐","styles":{"fontSize":14,"color":"#181818","marginTop":2}},{"id":"root_c0_c3_c1","component":"Column","styles":{"marginLeft":12,"flex":1},"children":["root_c0_c3_c1_c0","root_c0_c3_c1_c1"]},{"id":"root_c0_c3","component":"Row","styles":{"paddingLeft":16,"paddingRight":16,"paddingTop":10,"paddingBottom":16,"alignItems":"center"},"children":["root_c0_c3_c0","root_c0_c3_c1"]},{"id":"root_c0","component":"Column","children":["root_c0_c0","root_c0_c1","root_c0_c2","root_c0_c3"]},{"id":"root","component":"Card","styles":{"borderRadius":16,"backgroundColor":"#FFFFFF","elevation":2},"children":["root_c0"]}]}}
08-27 12:48:42.868 D/surface_updateDataModel_begin(29018): [PERF] 12:48:42.867 [updateDataModel@234] widget_-1_1787806122730
08-27 12:48:42.868 D/AGenUI  (29018): 12:48:42.868 [updateData@50] path:/, jsonValue:{"date":"8月26日 周三","events":[{"time":"10:00 - 11:30","title":"技术架构评审会"},{"time":"15:00 - 16:00","title":"客户需求对齐"}],"todayCount":2}
08-27 12:48:42.869 D/surface_updateDataModel_end(29018): [PERF] 12:48:42.869 [updateDataModel@253] widget_-1_1787806122730
08-27 12:48:42.870 D/AGenUI  (29018): 12:48:42.869 [updateDataModel@137] success: {"version":"v0.9","updateDataModel":{"surfaceId":"widget_-1_1787806122730","value":{"date":"8月26日 周三","todayCount":2,"events":[{"time":"10:00 - 11:30","title":"技术架构评审会"},{"time":"15:00 - 16:00","title":"客户需求对齐"}]}}}
08-27 12:48:42.870 D/stream_assembling_end(29018): [PERF] 12:48:42.870 [processDataAssembling@57] 
08-27 12:48:42.871 D/AGenUI  (29018): 12:48:42.870 [processDataEnding@61] processing end
08-27 12:48:42.871 D/stream_end(29018): [PERF] 12:48:42.871 [processDataEnding@66] 
08-27 12:48:42.892 D/DividerComponent(29018): 12:48:42.890 [updateDivider@169] updateDivider: axis=horizontal, thickness=1.0, imgUrl=null
08-27 12:48:42.929 D/AGenUIWidgetRenderSvc(29018): onRootComponentUpdate: widget_-1_1787806122730, props={children=[root_c0], styles={align-content=stretch, align-items=stretch, align-self=auto, background-color=transparent, backgroundColor=#FFFFFF, border-color=#0000001A, border-radius=16px, border-style=solid, border-width=0px, borderRadius=16.0, elevation=2.0, filter=none, flex-direction=column, flex-grow=0.0, flex-shrink=1.0, flex-wrap=nowrap, height=263.0, justify-content=flex-start, opacity=1.0, visibility=visible, width=200.0, x=0.0, y=0.0}}
08-27 12:48:42.930 D/components_applied(29018): [PERF] 12:48:42.929 [lambda$onComponentsAdd$2$com-amap-agenui-render-surface-NativeEventBridge@76] widget_-1_1787806122730
08-27 12:48:43.029 D/AGenUIWidgetRenderSvc(29018): Surface ready, proceeding to draw
08-27 12:48:43.033 D/WidgetBitmapRenderer(29018): Measured: 300x395
08-27 12:48:43.034 D/AGenUI  (29018): 12:48:43.033 [handleSurfaceSizeChanged@286] handleSurfaceSizeChanged: surfaceId:widget_-1_1787806122730, width:200.0, height:263.3
08-27 12:48:43.035 D/AGenUI  (29018): 12:48:43.034 [notifySurfaceSizeChanged@250] notifySurfaceSizeChanged
08-27 12:48:43.046 D/WidgetBitmapRenderer(29018): Bitmap: 300x395, bytes=474000
08-27 12:48:43.060 D/WidgetBitmapRenderer(29018): Debug bitmap saved: /storage/emulated/0/Android/data/com.amap.agenuiplayground/files/widget_render_debug.png
08-27 12:48:43.061 D/WidgetBitmapRenderer(29018): View hierarchy:
08-27 12:48:43.061 D/WidgetBitmapRenderer(29018):  [300x395] measured=[300x395] vis=0 tag=null
08-27 12:48:43.061 D/WidgetBitmapRenderer(29018):    [300x395] measured=[300x395] vis=0 tag=null
08-27 12:48:43.061 D/WidgetBitmapRenderer(29018):     YogaAbsoluteLayout [300x395] measured=[300x395] vis=0 tag=null
08-27 12:48:43.061 D/WidgetBitmapRenderer(29018):       YogaAbsoluteLayout [300x395] measured=[300x395] vis=0 tag=null
08-27 12:48:43.061 D/WidgetBitmapRenderer(29018):         YogaAbsoluteLayout [300x123] measured=[300x123] vis=0 tag=null
08-27 12:48:43.061 D/WidgetBitmapRenderer(29018):           YogaAbsoluteLayout [57x60] measured=[57x60] vis=0 tag=null
08-27 12:48:43.061 D/WidgetBitmapRenderer(29018):             TextView [59x60] measured=[59x60] vis=0 tag=null
08-27 12:48:43.061 D/WidgetBitmapRenderer(29018):           YogaAbsoluteLayout [243x123] measured=[243x123] vis=0 tag=null
08-27 12:48:43.061 D/WidgetBitmapRenderer(29018):             TextView [245x62] measured=[245x62] vis=0 tag=null
08-27 12:48:43.061 D/WidgetBitmapRenderer(29018):             TextView [245x62] measured=[245x62] vis=0 tag=null
08-27 12:48:43.061 D/WidgetBitmapRenderer(29018):         DividerView [300x2] measured=[300x2] vis=0 tag=null
08-27 12:48:43.061 D/WidgetBitmapRenderer(29018):         YogaAbsoluteLayout [300x123] measured=[300x123] vis=0 tag=null
08-27 12:48:43.061 D/WidgetBitmapRenderer(29018):           YogaAbsoluteLayout [6x60] measured=[6x60] vis=0 tag=null
08-27 12:48:43.061 D/WidgetBitmapRenderer(29018):           YogaAbsoluteLayout [294x123] measured=[294x123] vis=0 tag=null
08-27 12:48:43.061 D/WidgetBitmapRenderer(29018):             TextView [296x62] measured=[296x62] vis=0 tag=null
08-27 12:48:43.061 D/WidgetBitmapRenderer(29018):             TextView [296x62] measured=[296x62] vis=0 tag=null
08-27 12:48:43.061 D/WidgetBitmapRenderer(29018):         YogaAbsoluteLayout [300x123] measured=[300x123] vis=0 tag=null
08-27 12:48:43.061 D/WidgetBitmapRenderer(29018):           YogaAbsoluteLayout [6x60] measured=[6x60] vis=0 tag=null
08-27 12:48:43.061 D/WidgetBitmapRenderer(29018):           YogaAbsoluteLayout [254x123] measured=[254x123] vis=0 tag=null
08-27 12:48:43.061 D/WidgetBitmapRenderer(29018):             TextView [254x62] measured=[254x62] vis=0 tag=null
08-27 12:48:43.061 D/WidgetBitmapRenderer(29018):             TextView [254x62] measured=[254x62] vis=0 tag=null
08-27 12:48:43.061 D/AGenUIWidgetRenderSvc(29018): Widget updated: AGenUI · calendar
08-27 12:48:43.061 D/WidgetSurfacePool(29018): Released SurfaceManager for template=calendar, pool size=1
08-27 12:48:43.061 D/AGenUIWidgetRenderSvc(29018): renderSync: id=-1, template=note
08-27 12:48:43.062 D/AGenUIWidgetRenderSvc(29018): Widget dimensions: 300x400 (MEDIUM)
08-27 12:48:43.064 D/WidgetTemplateValidator(29018): Validated: 17 unique component IDs
08-27 12:48:43.068 D/AGenUIWidgetRenderSvc(29018): Converted 3 chunks for template: note
08-27 12:48:43.068 W/AGenUI  (29018): 12:48:43.068 [initialize@68] Module already initialized
08-27 12:48:43.069 D/AGenUI  (29018): 12:48:43.069 [setDebug@278] build type set to debug
08-27 12:48:43.070 D/AGenUI  (29018): 12:48:43.069 [jni_createSurfaceManager@42] [JNI] createSurfaceManager
08-27 12:48:43.070 D/AGenUI  (29018): 12:48:43.070 [createSurfaceManager@90] begin creating
08-27 12:48:43.071 D/AGenUI  (29018): 12:48:43.070 [enterRunning@22] enter running, 10
08-27 12:48:43.071 D/AGenUI  (29018): 12:48:43.071 [createSurfaceManager@109] created, 10
08-27 12:48:43.071 D/AGenUI  (29018): 12:48:43.071 [init@40] init, 10
08-27 12:48:43.071 D/AGenUI  (29018): 12:48:43.071 [jni_createSurfaceManager@54] [JNI] createSurfaceManager: created with instanceId=10
08-27 12:48:43.072 D/AGenUI  (29018): 12:48:43.071 [SurfaceCoordinator@34] construction finished
08-27 12:48:43.072 I/AGenUI  (29018): 12:48:43.072 [createSurfaceManager@168] SurfaceManager created: instanceId=10
08-27 12:48:43.072 D/AGenUI  (29018): 12:48:43.072 [jni_addEventListener@47] [JNI] addEventListener: instanceId=10
08-27 12:48:43.073 D/AGenUI  (29018): 12:48:43.073 [addSurfaceEventListener@84] add lisenter success 10, listener:0xb4000078d1f9a870, 0xb400007971efb210
08-27 12:48:43.073 D/AGenUI  (29018): 12:48:43.073 [addEventListener@7] listener:0xb4000078d1f9a870, 0
08-27 12:48:43.074 D/AGenUI  (29018): 12:48:43.073 [jni_addEventListener@66] [JNI] addEventListener: success, instanceId=10
08-27 12:48:43.074 I/SurfaceManager(29018): 12:48:43.074 [addMessageListener@200] UIMessage listener registered: instanceId=10
08-27 12:48:43.075 D/AGenUI  (29018): 12:48:43.074 [jni_setSurfaceSizeProvider@241] [JNI] setSurfaceSizeProvider: instanceId=10
08-27 12:48:43.075 I/SurfaceManager(29018): 12:48:43.075 [<init>@90] SurfaceManager created with Context, instanceId=10
08-27 12:48:43.075 D/AGenUIWidgetRenderSvc(29018): Created new SurfaceManager
08-27 12:48:43.078 D/SurfaceManager(29018): 12:48:43.075 [addListener@167] Listener added: 
08-27 12:48:43.078 D/AGenUI  (29018): 12:48:43.078 [beginTextStream@144] begin text stream
08-27 12:48:43.079 D/surface_begin_text_stream(29018): [PERF] 12:48:43.079 [beginTextStream@148] instanceId=10
08-27 12:48:43.080 D/surface_receive_text_chunk(29018): [PERF] 12:48:43.080 [receiveTextChunk@185] instanceId=10, bytes=171
08-27 12:48:43.080 D/AGenUI  (29018): 12:48:43.080 [processDataBeginning@36] processing begin
08-27 12:48:43.080 D/stream_begin(29018): [PERF] 12:48:43.080 [processDataBeginning@39] 
08-27 12:48:43.081 D/stream_assembling_begin(29018): [PERF] 12:48:43.081 [processDataAssembling@43] 
08-27 12:48:43.081 D/surface_receive_text_chunk(29018): [PERF] 12:48:43.081 [receiveTextChunk@185] instanceId=10, bytes=2769
08-27 12:48:43.081 D/AGenUI  (29018): 12:48:43.081 [processDataAssembling@44] {"version":"v0.9","createSurface":{"surfaceId":"widget_-1_1787806123062","catalogId":"https:\/\/a2ui.org\/specification\/v0_9\/catalogs\/basic\/catalog.json","width":300}}
08-27 12:48:43.082 D/surface_receive_text_chunk(29018): [PERF] 12:48:43.082 [receiveTextChunk@185] instanceId=10, bytes=371
08-27 12:48:43.083 D/surface_create_begin(29018): [PERF] 12:48:43.082 [Surface@26] widget_-1_1787806123062
08-27 12:48:43.083 D/AGenUI  (29018): 12:48:43.082 [endTextStream@163] end text stream
08-27 12:48:43.083 D/surface_end_text_stream(29018): [PERF] 12:48:43.083 [endTextStream@167] instanceId=10
08-27 12:48:43.083 D/surface_create_end(29018): [PERF] 12:48:43.083 [Surface@49] widget_-1_1787806123062
08-27 12:48:43.084 D/AGenUI  (29018): 12:48:43.083 [createSurface@82] success: {"version":"v0.9","createSurface":{"surfaceId":"widget_-1_1787806123062","catalogId":"https:\/\/a2ui.org\/specification\/v0_9\/catalogs\/basic\/catalog.json","width":300}}
08-27 12:48:43.084 D/AGenUI  (29018): 12:48:43.084 [dispatchCreateSurface@36] surfaceId:widget_-1_1787806123062
08-27 12:48:43.085 I/NativeEventBridge(29018): 12:48:43.084 [onCreateSurface@45] onCreateSurface: surfaceId=widget_-1_1787806123062, catalogId=https://a2ui.org/specification/v0_9/catalogs/basic/catalog.json
08-27 12:48:43.085 D/stream_assembling_end(29018): [PERF] 12:48:43.085 [processDataAssembling@57] 
08-27 12:48:43.085 D/SurfaceManager(29018): 12:48:43.085 [createSurface@324] createSurface: surfaceId=widget_-1_1787806123062
08-27 12:48:43.086 D/stream_assembling_begin(29018): [PERF] 12:48:43.085 [processDataAssembling@43] 
08-27 12:48:43.086 D/Surface (29018): 12:48:43.086 [<init>@127] Surface created: id=widget_-1_1787806123062
08-27 12:48:43.086 D/AGenUIWidgetRenderSvc(29018): onCreateSurface: widget_-1_1787806123062
08-27 12:48:43.086 D/AGenUI  (29018): 12:48:43.086 [processDataAssembling@44] {"version":"v0.9","updateComponents":{"surfaceId":"widget_-1_1787806123062","components":[{"id":"root_c0_c0_c0_c0","component":"Text","text":"Ὅd","styles":{"fontSize":18}},{"id":"root_c0_c0_c0","component":"Container","styles":{"width":40,"height":40,"borderRadius":999,"backgroundColor":"#FFF3E0","alignItems":"center","justifyContent":"center"},"children":["root_c0_c0_c0_c0"]},{"id":"root_c0_c0_c1_c0","component":"Text","text":"会议笔记","styles":{"fontSize":16,"fontWeight":"bold","color":"#181818"}},{"id":"root_c0_c0_c1_c1","component":"Text","text":"第 3 次会议 · 今天","styles":{"fontSize":12,"color":"#999999"}},{"id":"root_c0_c0_c1","component":"Column","styles":{"marginLeft":12,"flex":1},"children":["root_c0_c0_c1_c0","root_c0_c0_c1_c1"]},{"id":"root_c0_c0","component":"Row","styles":{"paddingLeft":16,"paddingRight":16,"paddingTop":16,"paddingBottom":12,"alignItems":"center"},"children":["root_c0_c0_c0","root_c0_c0_c1"]},{"id":"root_c0_c1","component":"Divider","styles":{"backgroundColor":"#E8EAED","height":1,"marginLeft":16,"marginRight":16}},{"id":"root_c0_c2","component":"Text","text":"重点结论","styles":{"fontSize":13,"fontWeight":"bold","color":"#007DFF","paddingLeft":16,"paddingRight":16,"paddingTop":12,"paddingBottom":4}},{"id":"root_c0_c3","component":"Text","text":"· 系结果构确定采用微服务架构，首期不做多区域部署","styles":{"fontSize":13,"color":"#333333","paddingLeft":16,"paddingRight":16,"paddingTop":2,"paddingBottom":2}},{"id":"root_c0_c4","component":"Text","text":"· 数据层使用 PostgreSQL + Redis，接入层用 Gateway","styles":{"fontSize":13,"color":"#333333","paddingLeft":16,"paddingRight":16,"paddingTop":2,"paddingBottom":2}},{"id":"root_c0_c5","component":"Text","text":"· 下周完成 MVP 原型并开始内测","styles":{"fontSize":13,"color":"#333333","paddingLeft":16,"paddingRight":16,"paddingTop":2,"paddingBottom":12}},{"id":"root_c0_c6","component":"Divider","styles":{"backgroundColor":"#E8EAED","height":1,"marginLeft":16,"marginRight":16}},{"id":"root_c0_c7_c0","component":"Text","text":"✓ 5 项待办","styles":{"fontSize":12,"color":"#999999","flex":1}},{"id":"root_c0_c7_c1","component":"Text","text":"查看全部 ›","styles":{"fontSize":12,"color":"#007DFF","fontWeight":"bold"}},{"id":"root_c0_c7","component":"Row","styles":{"paddingLeft":16,"paddingRight":16,"paddingTop":10,"paddingBottom":16,"alignItems":"center"},"children":["root_c0_c7_c0","root_c0_c7_c1"]},{"id":"root_c0","component":"Column","children":["root_c0_c0","root_c0_c1","root_c0_c2","root_c0_c3","root_c0_c4","root_c0_c5","root_c0_c6","root_c0_c7"]},{"id":"root","component":"Card","styles":{"borderRadius":16,"backgroundColor":"#FFFFFF","elevation":2},"children":["root_c0"]}]}}
08-27 12:48:43.087 D/SurfaceManager(29018): 12:48:43.086 [createSurface@404] ✓ Surface created: widget_-1_1787806123062
08-27 12:48:43.087 D/stream_assembling_end(29018): [PERF] 12:48:43.087 [processDataAssembling@57] 
08-27 12:48:43.087 D/stream_assembling_begin(29018): [PERF] 12:48:43.087 [processDataAssembling@43] 
08-27 12:48:43.088 D/AGenUI  (29018): 12:48:43.087 [processDataAssembling@44] {"version":"v0.9","updateDataModel":{"surfaceId":"widget_-1_1787806123062","value":{"title":"会议笔记","session":"第 3 次会议 · 今天","summary":"重点结论","bullets":["系统架构确定采用微服务架构，首期不做多区域部署","数据层使用 PostgreSQL + Redis，接入层用 Gateway","下周完成 MVP 原型并开始内测"],"todoCount":5}}}
08-27 12:48:43.090 D/AGenUI  (29018): 12:48:43.089 [updateComponents@209] none template: Text
08-27 12:48:43.090 D/AGenUI  (29018): 12:48:43.090 [updateComponents@209] none template: Container
08-27 12:48:43.090 D/AGenUI  (29018): 12:48:43.090 [updateComponents@209] none template: Text
08-27 12:48:43.091 D/AGenUI  (29018): 12:48:43.091 [updateComponents@209] none template: Text
08-27 12:48:43.091 D/AGenUI  (29018): 12:48:43.091 [updateComponents@209] none template: Column
08-27 12:48:43.092 D/AGenUI  (29018): 12:48:43.091 [updateComponents@209] none template: Row
08-27 12:48:43.092 D/AGenUI  (29018): 12:48:43.092 [updateComponents@209] none template: Divider
08-27 12:48:43.093 D/AGenUI  (29018): 12:48:43.092 [updateComponents@209] none template: Text
08-27 12:48:43.093 D/AGenUI  (29018): 12:48:43.093 [updateComponents@209] none template: Text
08-27 12:48:43.093 D/AGenUI  (29018): 12:48:43.093 [updateComponents@209] none template: Text
08-27 12:48:43.094 D/AGenUI  (29018): 12:48:43.094 [updateComponents@209] none template: Text
08-27 12:48:43.094 D/AGenUI  (29018): 12:48:43.094 [updateComponents@209] none template: Divider
08-27 12:48:43.095 D/AGenUI  (29018): 12:48:43.094 [updateComponents@209] none template: Text
08-27 12:48:43.095 D/AGenUI  (29018): 12:48:43.095 [updateComponents@209] none template: Text
08-27 12:48:43.096 D/AGenUI  (29018): 12:48:43.096 [updateComponents@209] none template: Row
08-27 12:48:43.096 D/AGenUI  (29018): 12:48:43.096 [updateComponents@209] none template: Column
08-27 12:48:43.097 D/AGenUI  (29018): 12:48:43.096 [updateComponents@209] none template: Card
08-27 12:48:43.104 D/AGenUI  (29018): 12:48:43.103 [getValueData@71] calling FunctionCallManager.executeFunctionCallSync: name=token, args={"name":"Color_Text_Body"}
08-27 12:48:43.104 D/AGenUI  (29018): 12:48:43.104 [execute@20] token:Color_Text_Body, resolved:#000000E6
08-27 12:48:43.105 D/AGenUI  (29018): 12:48:43.105 [getValueData@71] calling FunctionCallManager.executeFunctionCallSync: name=token, args={"name":"Color_Gray_06"}
08-27 12:48:43.106 D/AGenUI  (29018): 12:48:43.106 [execute@20] token:Color_Gray_06, resolved:#0000000F
08-27 12:48:43.107 D/AGenUI  (29018): 12:48:43.107 [getValueData@71] calling FunctionCallManager.executeFunctionCallSync: name=token, args={"name":"Color_Gray_06"}
08-27 12:48:43.108 D/AGenUI  (29018): 12:48:43.107 [execute@20] token:Color_Gray_06, resolved:#0000000F
08-27 12:48:43.109 D/AGenUI  (29018): 12:48:43.109 [setupMeasureFunctionIfNeeded@329] [setupMeasureFunc] id=root_c0_c0_c0_c0 comp=Text decision=Register
08-27 12:48:43.110 D/AGenUI  (29018): 12:48:43.110 [setupMeasureFunctionIfNeeded@329] [setupMeasureFunc] id=root_c0_c0_c1_c0 comp=Text decision=Register
08-27 12:48:43.111 D/AGenUI  (29018): 12:48:43.111 [setupMeasureFunctionIfNeeded@329] [setupMeasureFunc] id=root_c0_c0_c1_c1 comp=Text decision=Register
08-27 12:48:43.114 D/AGenUI  (29018): 12:48:43.113 [setupMeasureFunctionIfNeeded@329] [setupMeasureFunc] id=root_c0_c2 comp=Text decision=Register
08-27 12:48:43.115 D/AGenUI  (29018): 12:48:43.114 [setupMeasureFunctionIfNeeded@329] [setupMeasureFunc] id=root_c0_c3 comp=Text decision=Register
08-27 12:48:43.117 D/AGenUI  (29018): 12:48:43.116 [setupMeasureFunctionIfNeeded@329] [setupMeasureFunc] id=root_c0_c4 comp=Text decision=Register
08-27 12:48:43.118 D/AGenUI  (29018): 12:48:43.117 [setupMeasureFunctionIfNeeded@329] [setupMeasureFunc] id=root_c0_c5 comp=Text decision=Register
08-27 12:48:43.119 D/AGenUI  (29018): 12:48:43.119 [setupMeasureFunctionIfNeeded@329] [setupMeasureFunc] id=root_c0_c7_c0 comp=Text decision=Register
08-27 12:48:43.120 D/AGenUI  (29018): 12:48:43.120 [setupMeasureFunctionIfNeeded@329] [setupMeasureFunc] id=root_c0_c7_c1 comp=Text decision=Register
08-27 12:48:43.122 D/AGenUI  (29018): 12:48:43.122 [measure@193] [JNI] AndroidBridgeMeasurement.measure start: type=Text, paramJson={"component":"Text","id":"root_c0_c0_c1_c0","styles":{"background-color":"transparent","border-color":"#0000001A","border-radius":"0px","border-style":"solid","border-width":"0px","color":"#181818","filter":"none","font-family":"system","font-size":"28px","fontSize":16,"fontWeight":"bold","height":0.0,"line-clamp":1,"line-height":"40px","opacity":1,"text-align":"left","text-overflow":"ellipsis","visibility":"visible","width":0.0,"x":0.0,"y":0.0},"text":"会议笔记","variant":"body"}, width={maxValue=200.000000, mode=2}, height={maxValue=nan, mode=0}
08-27 12:48:43.123 W/MeasurementBridge(29018): 12:48:43.122 [directMeasure@91] directMeasure start: type=Text, paramJson={"component":"Text","id":"root_c0_c0_c1_c0","styles":{"background-color":"transparent","border-color":"#0000001A","border-radius":"0px","border-style":"solid","border-width":"0px","color":"#181818","filter":"none","font-family":"system","font-size":"28px","fontSize":16,"fontWeight":"bold","height":0.0,"line-clamp":1,"line-height":"40px","opacity":1,"text-align":"left","text-overflow":"ellipsis","visibility":"visible","width":0.0,"x":0.0,"y":0.0},"text":"会议笔记","variant":"body"}, maxWidth=200.0, widthMode=2, maxHeight=NaN, heightMode=0
08-27 12:48:43.124 W/MeasurementBridge(29018): 12:48:43.124 [directMeasure@108] directMeasure result: type=Text, result=MeasureResult{calcType=0, width=113.0, height=41.0, lineCount=1}
08-27 12:48:43.124 D/AGenUI  (29018): 12:48:43.124 [measure@235] [JNI] AndroidBridgeMeasurement.measure result: type=Text, result=MeasureResult{calcType=Sync, width=113.000000, height=41.000000, countOfLines=1}
08-27 12:48:43.125 D/AGenUI  (29018): 12:48:43.125 [measure@193] [JNI] AndroidBridgeMeasurement.measure start: type=Text, paramJson={"component":"Text","id":"root_c0_c0_c1_c1","styles":{"background-color":"transparent","border-color":"#0000001A","border-radius":"0px","border-style":"solid","border-width":"0px","color":"#999999","filter":"none","font-family":"system","font-size":"28px","fontSize":12,"height":0.0,"line-clamp":1,"line-height":"40px","opacity":1,"text-align":"left","text-overflow":"ellipsis","visibility":"visible","width":0.0,"x":0.0,"y":0.0},"text":"第 3 次会议 · 今天","variant":"body"}, width={maxValue=200.000000, mode=2}, height={maxValue=nan, mode=0}
08-27 12:48:43.126 W/MeasurementBridge(29018): 12:48:43.125 [directMeasure@91] directMeasure start: type=Text, paramJson={"component":"Text","id":"root_c0_c0_c1_c1","styles":{"background-color":"transparent","border-color":"#0000001A","border-radius":"0px","border-style":"solid","border-width":"0px","color":"#999999","filter":"none","font-family":"system","font-size":"28px","fontSize":12,"height":0.0,"line-clamp":1,"line-height":"40px","opacity":1,"text-align":"left","text-overflow":"ellipsis","visibility":"visible","width":0.0,"x":0.0,"y":0.0},"text":"第 3 次会议 · 今天","variant":"body"}, maxWidth=200.0, widthMode=2, maxHeight=NaN, heightMode=0
08-27 12:48:43.127 W/MeasurementBridge(29018): 12:48:43.127 [directMeasure@108] directMeasure result: type=Text, result=MeasureResult{calcType=0, width=201.0, height=41.0, lineCount=1}
08-27 12:48:43.128 D/AGenUI  (29018): 12:48:43.127 [measure@235] [JNI] AndroidBridgeMeasurement.measure result: type=Text, result=MeasureResult{calcType=Sync, width=201.000000, height=41.000000, countOfLines=1}
08-27 12:48:43.128 D/AGenUI  (29018): 12:48:43.128 [measure@193] [JNI] AndroidBridgeMeasurement.measure start: type=Text, paramJson={"component":"Text","id":"root_c0_c0_c1_c0","styles":{"background-color":"transparent","border-color":"#0000001A","border-radius":"0px","border-style":"solid","border-width":"0px","color":"#181818","filter":"none","font-family":"system","font-size":"28px","fontSize":16,"fontWeight":"bold","height":0.0,"line-clamp":1,"line-height":"40px","lines":1,"opacity":1,"text-align":"left","text-overflow":"ellipsis","visibility":"visible","width":0.0,"x":0.0,"y":0.0},"text":"会议笔记","variant":"body"}, width={maxValue=166.804977, mode=1}, height={maxValue=nan, mode=0}
08-27 12:48:43.129 W/MeasurementBridge(29018): 12:48:43.129 [directMeasure@91] directMeasure start: type=Text, paramJson={"component":"Text","id":"root_c0_c0_c1_c0","styles":{"background-color":"transparent","border-color":"#0000001A","border-radius":"0px","border-style":"solid","border-width":"0px","color":"#181818","filter":"none","font-family":"system","font-size":"28px","fontSize":16,"fontWeight":"bold","height":0.0,"line-clamp":1,"line-height":"40px","lines":1,"opacity":1,"text-align":"left","text-overflow":"ellipsis","visibility":"visible","width":0.0,"x":0.0,"y":0.0},"text":"会议笔记","variant":"body"}, maxWidth=166.80498, widthMode=1, maxHeight=NaN, heightMode=0
08-27 12:48:43.130 W/MeasurementBridge(29018): 12:48:43.130 [directMeasure@108] directMeasure result: type=Text, result=MeasureResult{calcType=0, width=168.0, height=41.0, lineCount=1}
08-27 12:48:43.131 D/AGenUI  (29018): 12:48:43.130 [measure@235] [JNI] AndroidBridgeMeasurement.measure result: type=Text, result=MeasureResult{calcType=Sync, width=168.000000, height=41.000000, countOfLines=1}
08-27 12:48:43.131 D/AGenUI  (29018): 12:48:43.131 [measure@193] [JNI] AndroidBridgeMeasurement.measure start: type=Text, paramJson={"component":"Text","id":"root_c0_c0_c1_c1","styles":{"background-color":"transparent","border-color":"#0000001A","border-radius":"0px","border-style":"solid","border-width":"0px","color":"#999999","filter":"none","font-family":"system","font-size":"28px","fontSize":12,"height":0.0,"line-clamp":1,"line-height":"40px","lines":1,"opacity":1,"text-align":"left","text-overflow":"ellipsis","visibility":"visible","width":0.0,"x":0.0,"y":0.0},"text":"第 3 次会议 · 今天","variant":"body"}, width={maxValue=166.804977, mode=1}, height={maxValue=nan, mode=0}
08-27 12:48:43.132 W/MeasurementBridge(29018): 12:48:43.132 [directMeasure@91] directMeasure start: type=Text, paramJson={"component":"Text","id":"root_c0_c0_c1_c1","styles":{"background-color":"transparent","border-color":"#0000001A","border-radius":"0px","border-style":"solid","border-width":"0px","color":"#999999","filter":"none","font-family":"system","font-size":"28px","fontSize":12,"height":0.0,"line-clamp":1,"line-height":"40px","lines":1,"opacity":1,"text-align":"left","text-overflow":"ellipsis","visibility":"visible","width":0.0,"x":0.0,"y":0.0},"text":"第 3 次会议 · 今天","variant":"body"}, maxWidth=166.80498, widthMode=1, maxHeight=NaN, heightMode=0
08-27 12:48:43.133 W/MeasurementBridge(29018): 12:48:43.133 [directMeasure@108] directMeasure result: type=Text, result=MeasureResult{calcType=0, width=168.0, height=41.0, lineCount=1}
08-27 12:48:43.134 D/AGenUI  (29018): 12:48:43.134 [measure@235] [JNI] AndroidBridgeMeasurement.measure result: type=Text, result=MeasureResult{calcType=Sync, width=168.000000, height=41.000000, countOfLines=1}
08-27 12:48:43.135 D/AGenUI  (29018): 12:48:43.134 [measure@193] [JNI] AndroidBridgeMeasurement.measure start: type=Text, paramJson={"component":"Text","id":"root_c0_c2","styles":{"background-color":"transparent","border-color":"#0000001A","border-radius":"0px","border-style":"solid","border-width":"0px","color":"#007DFF","filter":"none","font-family":"system","font-size":"28px","fontSize":13,"fontWeight":"bold","height":0.0,"line-clamp":1,"line-height":"40px","opacity":1,"paddingBottom":4,"paddingLeft":16,"paddingRight":16,"paddingTop":12,"text-align":"left","text-overflow":"ellipsis","visibility":"visible","width":0.0,"x":0.0,"y":0.0},"text":"重点结论","variant":"body"}, width={maxValue=200.000000, mode=1}, height={maxValue=nan, mode=0}
08-27 12:48:43.135 W/MeasurementBridge(29018): 12:48:43.135 [directMeasure@91] directMeasure start: type=Text, paramJson={"component":"Text","id":"root_c0_c2","styles":{"background-color":"transparent","border-color":"#0000001A","border-radius":"0px","border-style":"solid","border-width":"0px","color":"#007DFF","filter":"none","font-family":"system","font-size":"28px","fontSize":13,"fontWeight":"bold","height":0.0,"line-clamp":1,"line-height":"40px","opacity":1,"paddingBottom":4,"paddingLeft":16,"paddingRight":16,"paddingTop":12,"text-align":"left","text-overflow":"ellipsis","visibility":"visible","width":0.0,"x":0.0,"y":0.0},"text":"重点结论","variant":"body"}, maxWidth=200.0, widthMode=1, maxHeight=NaN, heightMode=0
08-27 12:48:43.137 W/MeasurementBridge(29018): 12:48:43.136 [directMeasure@108] directMeasure result: type=Text, result=MeasureResult{calcType=0, width=201.0, height=41.0, lineCount=1}
08-27 12:48:43.137 D/AGenUI  (29018): 12:48:43.137 [measure@235] [JNI] AndroidBridgeMeasurement.measure result: type=Text, result=MeasureResult{calcType=Sync, width=201.000000, height=41.000000, countOfLines=1}
08-27 12:48:43.138 D/AGenUI  (29018): 12:48:43.137 [measure@193] [JNI] AndroidBridgeMeasurement.measure start: type=Text, paramJson={"component":"Text","id":"root_c0_c3","styles":{"background-color":"transparent","border-color":"#0000001A","border-radius":"0px","border-style":"solid","border-width":"0px","color":"#333333","filter":"none","font-family":"system","font-size":"28px","fontSize":13,"height":0.0,"line-clamp":1,"line-height":"40px","opacity":1,"paddingBottom":2,"paddingLeft":16,"paddingRight":16,"paddingTop":2,"text-align":"left","text-overflow":"ellipsis","visibility":"visible","width":0.0,"x":0.0,"y":0.0},"text":"· 系结果构确定采用微服务架构，首期不做多区域部署","variant":"body"}, width={maxValue=200.000000, mode=1}, height={maxValue=nan, mode=0}
08-27 12:48:43.138 W/MeasurementBridge(29018): 12:48:43.138 [directMeasure@91] directMeasure start: type=Text, paramJson={"component":"Text","id":"root_c0_c3","styles":{"background-color":"transparent","border-color":"#0000001A","border-radius":"0px","border-style":"solid","border-width":"0px","color":"#333333","filter":"none","font-family":"system","font-size":"28px","fontSize":13,"height":0.0,"line-clamp":1,"line-height":"40px","opacity":1,"paddingBottom":2,"paddingLeft":16,"paddingRight":16,"paddingTop":2,"text-align":"left","text-overflow":"ellipsis","visibility":"visible","width":0.0,"x":0.0,"y":0.0},"text":"· 系结果构确定采用微服务架构，首期不做多区域部署","variant":"body"}, maxWidth=200.0, widthMode=1, maxHeight=NaN, heightMode=0
08-27 12:48:43.140 W/MeasurementBridge(29018): 12:48:43.140 [directMeasure@108] directMeasure result: type=Text, result=MeasureResult{calcType=0, width=201.0, height=41.0, lineCount=1}
08-27 12:48:43.141 D/AGenUI  (29018): 12:48:43.141 [measure@235] [JNI] AndroidBridgeMeasurement.measure result: type=Text, result=MeasureResult{calcType=Sync, width=201.000000, height=41.000000, countOfLines=1}
08-27 12:48:43.142 D/AGenUI  (29018): 12:48:43.141 [measure@193] [JNI] AndroidBridgeMeasurement.measure start: type=Text, paramJson={"component":"Text","id":"root_c0_c4","styles":{"background-color":"transparent","border-color":"#0000001A","border-radius":"0px","border-style":"solid","border-width":"0px","color":"#333333","filter":"none","font-family":"system","font-size":"28px","fontSize":13,"height":0.0,"line-clamp":1,"line-height":"40px","opacity":1,"paddingBottom":2,"paddingLeft":16,"paddingRight":16,"paddingTop":2,"text-align":"left","text-overflow":"ellipsis","visibility":"visible","width":0.0,"x":0.0,"y":0.0},"text":"· 数据层使用 PostgreSQL + Redis，接入层用 Gateway","variant":"body"}, width={maxValue=200.000000, mode=1}, height={maxValue=nan, mode=0}
08-27 12:48:43.142 W/MeasurementBridge(29018): 12:48:43.142 [directMeasure@91] directMeasure start: type=Text, paramJson={"component":"Text","id":"root_c0_c4","styles":{"background-color":"transparent","border-color":"#0000001A","border-radius":"0px","border-style":"solid","border-width":"0px","color":"#333333","filter":"none","font-family":"system","font-size":"28px","fontSize":13,"height":0.0,"line-clamp":1,"line-height":"40px","opacity":1,"paddingBottom":2,"paddingLeft":16,"paddingRight":16,"paddingTop":2,"text-align":"left","text-overflow":"ellipsis","visibility":"visible","width":0.0,"x":0.0,"y":0.0},"text":"· 数据层使用 PostgreSQL + Redis，接入层用 Gateway","variant":"body"}, maxWidth=200.0, widthMode=1, maxHeight=NaN, heightMode=0
08-27 12:48:43.144 W/MeasurementBridge(29018): 12:48:43.144 [directMeasure@108] directMeasure result: type=Text, result=MeasureResult{calcType=0, width=201.0, height=41.0, lineCount=1}
08-27 12:48:43.145 D/AGenUI  (29018): 12:48:43.144 [measure@235] [JNI] AndroidBridgeMeasurement.measure result: type=Text, result=MeasureResult{calcType=Sync, width=201.000000, height=41.000000, countOfLines=1}
08-27 12:48:43.145 D/AGenUI  (29018): 12:48:43.145 [measure@193] [JNI] AndroidBridgeMeasurement.measure start: type=Text, paramJson={"component":"Text","id":"root_c0_c5","styles":{"background-color":"transparent","border-color":"#0000001A","border-radius":"0px","border-style":"solid","border-width":"0px","color":"#333333","filter":"none","font-family":"system","font-size":"28px","fontSize":13,"height":0.0,"line-clamp":1,"line-height":"40px","opacity":1,"paddingBottom":12,"paddingLeft":16,"paddingRight":16,"paddingTop":2,"text-align":"left","text-overflow":"ellipsis","visibility":"visible","width":0.0,"x":0.0,"y":0.0},"text":"· 下周完成 MVP 原型并开始内测","variant":"body"}, width={maxValue=200.000000, mode=1}, height={maxValue=nan, mode=0}
08-27 12:48:43.146 W/MeasurementBridge(29018): 12:48:43.146 [directMeasure@91] directMeasure start: type=Text, paramJson={"component":"Text","id":"root_c0_c5","styles":{"background-color":"transparent","border-color":"#0000001A","border-radius":"0px","border-style":"solid","border-width":"0px","color":"#333333","filter":"none","font-family":"system","font-size":"28px","fontSize":13,"height":0.0,"line-clamp":1,"line-height":"40px","opacity":1,"paddingBottom":12,"paddingLeft":16,"paddingRight":16,"paddingTop":2,"text-align":"left","text-overflow":"ellipsis","visibility":"visible","width":0.0,"x":0.0,"y":0.0},"text":"· 下周完成 MVP 原型并开始内测","variant":"body"}, maxWidth=200.0, widthMode=1, maxHeight=NaN, heightMode=0
08-27 12:48:43.150 W/MeasurementBridge(29018): 12:48:43.149 [directMeasure@108] directMeasure result: type=Text, result=MeasureResult{calcType=0, width=201.0, height=41.0, lineCount=1}
08-27 12:48:43.150 D/AGenUI  (29018): 12:48:43.150 [measure@235] [JNI] AndroidBridgeMeasurement.measure result: type=Text, result=MeasureResult{calcType=Sync, width=201.000000, height=41.000000, countOfLines=1}
08-27 12:48:43.151 D/AGenUI  (29018): 12:48:43.151 [measure@193] [JNI] AndroidBridgeMeasurement.measure start: type=Text, paramJson={"component":"Text","id":"root_c0_c7_c0","styles":{"background-color":"transparent","border-color":"#0000001A","border-radius":"0px","border-style":"solid","border-width":"0px","color":"#999999","filter":"none","flex":1,"font-family":"system","font-size":"28px","fontSize":12,"height":0.0,"line-clamp":1,"line-height":"40px","opacity":1,"text-align":"left","text-overflow":"ellipsis","visibility":"visible","width":0.0,"x":0.0,"y":0.0},"text":"✓ 5 项待办","variant":"body"}, width={maxValue=200.000000, mode=2}, height={maxValue=nan, mode=0}
08-27 12:48:43.152 W/MeasurementBridge(29018): 12:48:43.151 [directMeasure@91] directMeasure start: type=Text, paramJson={"component":"Text","id":"root_c0_c7_c0","styles":{"background-color":"transparent","border-color":"#0000001A","border-radius":"0px","border-style":"solid","border-width":"0px","color":"#999999","filter":"none","flex":1,"font-family":"system","font-size":"28px","fontSize":12,"height":0.0,"line-clamp":1,"line-height":"40px","opacity":1,"text-align":"left","text-overflow":"ellipsis","visibility":"visible","width":0.0,"x":0.0,"y":0.0},"text":"✓ 5 项待办","variant":"body"}, maxWidth=200.0, widthMode=2, maxHeight=NaN, heightMode=0
08-27 12:48:43.153 W/MeasurementBridge(29018): 12:48:43.153 [directMeasure@108] directMeasure result: type=Text, result=MeasureResult{calcType=0, width=135.0, height=41.0, lineCount=1}
08-27 12:48:43.154 D/AGenUI  (29018): 12:48:43.153 [measure@235] [JNI] AndroidBridgeMeasurement.measure result: type=Text, result=MeasureResult{calcType=Sync, width=135.000000, height=41.000000, countOfLines=1}
08-27 12:48:43.155 D/AGenUI  (29018): 12:48:43.154 [measure@193] [JNI] AndroidBridgeMeasurement.measure start: type=Text, paramJson={"component":"Text","id":"root_c0_c7_c1","styles":{"background-color":"transparent","border-color":"#0000001A","border-radius":"0px","border-style":"solid","border-width":"0px","color":"#007DFF","filter":"none","font-family":"system","font-size":"28px","fontSize":12,"fontWeight":"bold","height":0.0,"line-clamp":1,"line-height":"40px","opacity":1,"text-align":"left","text-overflow":"ellipsis","visibility":"visible","width":0.0,"x":0.0,"y":0.0},"text":"查看全部 ›","variant":"body"}, width={maxValue=200.000000, mode=2}, height={maxValue=nan, mode=0}
08-27 12:48:43.155 W/MeasurementBridge(29018): 12:48:43.155 [directMeasure@91] directMeasure start: type=Text, paramJson={"component":"Text","id":"root_c0_c7_c1","styles":{"background-color":"transparent","border-color":"#0000001A","border-radius":"0px","border-style":"solid","border-width":"0px","color":"#007DFF","filter":"none","font-family":"system","font-size":"28px","fontSize":12,"fontWeight":"bold","height":0.0,"line-clamp":1,"line-height":"40px","opacity":1,"text-align":"left","text-overflow":"ellipsis","visibility":"visible","width":0.0,"x":0.0,"y":0.0},"text":"查看全部 ›","variant":"body"}, maxWidth=200.0, widthMode=2, maxHeight=NaN, heightMode=0
08-27 12:48:43.157 W/MeasurementBridge(29018): 12:48:43.156 [directMeasure@108] directMeasure result: type=Text, result=MeasureResult{calcType=0, width=129.0, height=41.0, lineCount=1}
08-27 12:48:43.157 D/AGenUI  (29018): 12:48:43.157 [measure@235] [JNI] AndroidBridgeMeasurement.measure result: type=Text, result=MeasureResult{calcType=Sync, width=129.000000, height=41.000000, countOfLines=1}
08-27 12:48:43.158 D/AGenUI  (29018): 12:48:43.158 [measure@193] [JNI] AndroidBridgeMeasurement.measure start: type=Text, paramJson={"component":"Text","id":"root_c0_c7_c0","styles":{"background-color":"transparent","border-color":"#0000001A","border-radius":"0px","border-style":"solid","border-width":"0px","color":"#999999","filter":"none","flex":1,"font-family":"system","font-size":"28px","fontSize":12,"height":0.0,"line-clamp":1,"line-height":"40px","lines":1,"opacity":1,"text-align":"left","text-overflow":"ellipsis","visibility":"visible","width":0.0,"x":0.0,"y":0.0},"text":"✓ 5 项待办","variant":"body"}, width={maxValue=102.272728, mode=1}, height={maxValue=nan, mode=0}
08-27 12:48:43.158 W/MeasurementBridge(29018): 12:48:43.158 [directMeasure@91] directMeasure start: type=Text, paramJson={"component":"Text","id":"root_c0_c7_c0","styles":{"background-color":"transparent","border-color":"#0000001A","border-radius":"0px","border-style":"solid","border-width":"0px","color":"#999999","filter":"none","flex":1,"font-family":"system","font-size":"28px","fontSize":12,"height":0.0,"line-clamp":1,"line-height":"40px","lines":1,"opacity":1,"text-align":"left","text-overflow":"ellipsis","visibility":"visible","width":0.0,"x":0.0,"y":0.0},"text":"✓ 5 项待办","variant":"body"}, maxWidth=102.27273, widthMode=1, maxHeight=NaN, heightMode=0
08-27 12:48:43.160 W/MeasurementBridge(29018): 12:48:43.160 [directMeasure@108] directMeasure result: type=Text, result=MeasureResult{calcType=0, width=103.0, height=41.0, lineCount=1}
08-27 12:48:43.161 D/AGenUI  (29018): 12:48:43.160 [measure@235] [JNI] AndroidBridgeMeasurement.measure result: type=Text, result=MeasureResult{calcType=Sync, width=103.000000, height=41.000000, countOfLines=1}
08-27 12:48:43.161 D/AGenUI  (29018): 12:48:43.161 [measure@193] [JNI] AndroidBridgeMeasurement.measure start: type=Text, paramJson={"component":"Text","id":"root_c0_c7_c1","styles":{"background-color":"transparent","border-color":"#0000001A","border-radius":"0px","border-style":"solid","border-width":"0px","color":"#007DFF","filter":"none","font-family":"system","font-size":"28px","fontSize":12,"fontWeight":"bold","height":0.0,"line-clamp":1,"line-height":"40px","lines":1,"opacity":1,"text-align":"left","text-overflow":"ellipsis","visibility":"visible","width":0.0,"x":0.0,"y":0.0},"text":"查看全部 ›","variant":"body"}, width={maxValue=97.727272, mode=1}, height={maxValue=nan, mode=0}
08-27 12:48:43.162 W/MeasurementBridge(29018): 12:48:43.162 [directMeasure@91] directMeasure start: type=Text, paramJson={"component":"Text","id":"root_c0_c7_c1","styles":{"background-color":"transparent","border-color":"#0000001A","border-radius":"0px","border-style":"solid","border-width":"0px","color":"#007DFF","filter":"none","font-family":"system","font-size":"28px","fontSize":12,"fontWeight":"bold","height":0.0,"line-clamp":1,"line-height":"40px","lines":1,"opacity":1,"text-align":"left","text-overflow":"ellipsis","visibility":"visible","width":0.0,"x":0.0,"y":0.0},"text":"查看全部 ›","variant":"body"}, maxWidth=97.72727, widthMode=1, maxHeight=NaN, heightMode=0
08-27 12:48:43.164 W/MeasurementBridge(29018): 12:48:43.163 [directMeasure@108] directMeasure result: type=Text, result=MeasureResult{calcType=0, width=99.0, height=41.0, lineCount=1}
08-27 12:48:43.164 D/AGenUI  (29018): 12:48:43.164 [measure@235] [JNI] AndroidBridgeMeasurement.measure result: type=Text, result=MeasureResult{calcType=Sync, width=99.000000, height=41.000000, countOfLines=1}
08-27 12:48:43.165 D/AGenUI  (29018): 12:48:43.165 [measure@193] [JNI] AndroidBridgeMeasurement.measure start: type=Text, paramJson={"component":"Text","id":"root_c0_c0_c0_c0","styles":{"background-color":"transparent","border-color":"#0000001A","border-radius":"0px","border-style":"solid","border-width":"0px","color":"#000000E6","filter":"none","font-family":"system","font-size":"28px","fontSize":18,"height":0.0,"line-clamp":1,"line-height":"40px","opacity":1,"text-align":"left","text-overflow":"ellipsis","visibility":"visible","width":0.0,"x":0.0,"y":0.0},"text":"Ὅd","variant":"body"}, width={maxValue=33.195019, mode=2}, height={maxValue=40.000000, mode=2}
08-27 12:48:43.166 W/MeasurementBridge(29018): 12:48:43.165 [directMeasure@91] directMeasure start: type=Text, paramJson={"component":"Text","id":"root_c0_c0_c0_c0","styles":{"background-color":"transparent","border-color":"#0000001A","border-radius":"0px","border-style":"solid","border-width":"0px","color":"#000000E6","filter":"none","font-family":"system","font-size":"28px","fontSize":18,"height":0.0,"line-clamp":1,"line-height":"40px","opacity":1,"text-align":"left","text-overflow":"ellipsis","visibility":"visible","width":0.0,"x":0.0,"y":0.0},"text":"Ὅd","variant":"body"}, maxWidth=33.19502, widthMode=2, maxHeight=40.0, heightMode=2
08-27 12:48:43.168 W/MeasurementBridge(29018): 12:48:43.167 [directMeasure@108] directMeasure result: type=Text, result=MeasureResult{calcType=0, width=35.0, height=41.0, lineCount=1}
08-27 12:48:43.168 D/AGenUI  (29018): 12:48:43.168 [measure@235] [JNI] AndroidBridgeMeasurement.measure result: type=Text, result=MeasureResult{calcType=Sync, width=35.000000, height=41.000000, countOfLines=1}
08-27 12:48:43.169 D/AGenUI  (29018): 12:48:43.168 [measure@193] [JNI] AndroidBridgeMeasurement.measure start: type=Text, paramJson={"component":"Text","id":"root_c0_c0_c0_c0","styles":{"background-color":"transparent","border-color":"#0000001A","border-radius":"0px","border-style":"solid","border-width":"0px","color":"#000000E6","filter":"none","font-family":"system","font-size":"28px","fontSize":18,"height":0.0,"line-clamp":1,"line-height":"40px","lines":1,"opacity":1,"text-align":"left","text-overflow":"ellipsis","visibility":"visible","width":0.0,"x":0.0,"y":0.0},"text":"Ὅd","variant":"body"}, width={maxValue=33.195019, mode=2}, height={maxValue=40.000000, mode=1}
08-27 12:48:43.169 W/MeasurementBridge(29018): 12:48:43.169 [directMeasure@91] directMeasure start: type=Text, paramJson={"component":"Text","id":"root_c0_c0_c0_c0","styles":{"background-color":"transparent","border-color":"#0000001A","border-radius":"0px","border-style":"solid","border-width":"0px","color":"#000000E6","filter":"none","font-family":"system","font-size":"28px","fontSize":18,"height":0.0,"line-clamp":1,"line-height":"40px","lines":1,"opacity":1,"text-align":"left","text-overflow":"ellipsis","visibility":"visible","width":0.0,"x":0.0,"y":0.0},"text":"Ὅd","variant":"body"}, maxWidth=33.19502, widthMode=2, maxHeight=40.0, heightMode=1
08-27 12:48:43.171 W/MeasurementBridge(29018): 12:48:43.170 [directMeasure@108] directMeasure result: type=Text, result=MeasureResult{calcType=0, width=35.0, height=41.0, lineCount=1}
08-27 12:48:43.171 D/AGenUI  (29018): 12:48:43.171 [measure@235] [JNI] AndroidBridgeMeasurement.measure result: type=Text, result=MeasureResult{calcType=Sync, width=35.000000, height=41.000000, countOfLines=1}
08-27 12:48:43.172 D/AGenUI  (29018): 12:48:43.172 [logYogaLayoutInfo@277] [layout] id=root type=Card parent= xywh=(0.0,0.0,200.0,321.0) flex=(0.0,1.0) child=1 aspect=nan measure=0
08-27 12:48:43.173 D/AGenUI  (29018): 12:48:43.173 [onNodeAdded@298] onNodeAdded: {"children":["root_c0"],"component":"Card","id":"root","styles":{"align-content":"stretch","align-items":"stretch","align-self":"auto","background-color":"transparent","backgroundColor":"#FFFFFF","border-color":"#0000001A","border-radius":"16px","border-style":"solid","border-width":"0px","borderRadius":16,"elevation":2,"filter":"none","flex-direction":"column","flex-grow":0,"flex-shrink":1,"flex-wrap":"nowrap","height":321.0,"justify-content":"flex-start","opacity":1,"visibility":"visible","width":200.0,"x":0.0,"y":0.0}}, parentId:
08-27 12:48:43.173 D/AGenUI  (29018): 12:48:43.173 [logYogaLayoutInfo@277] [layout] id=root_c0 type=Column parent=root xywh=(0.0,0.0,200.0,321.0) flex=(0.0,1.0) child=8 aspect=nan measure=0
08-27 12:48:43.174 D/AGenUI  (29018): 12:48:43.174 [onNodeAdded@298] onNodeAdded: {"children":["root_c0_c0","root_c0_c1","root_c0_c2","root_c0_c3","root_c0_c4","root_c0_c5","root_c0_c6","root_c0_c7"],"component":"Column","id":"root_c0","styles":{"align-content":"stretch","align-items":"stretch","align-self":"auto","background-color":"transparent","border-color":"#0000001A","border-radius":"0px","border-style":"solid","border-width":"0px","filter":"none","flex-direction":"column","flex-grow":0,"flex-shrink":1,"flex-wrap":"nowrap","height":321.0,"justify-content":"flex-start","opacity":1,"visibility":"visible","width":200.0,"x":0.0,"y":0.0}}, parentId:root
08-27 12:48:43.175 D/AGenUI  (29018): 12:48:43.174 [logYogaLayoutInfo@277] [layout] id=root_c0_c0 type=Row parent=root_c0 xywh=(0.0,0.0,200.0,82.0) flex=(0.0,1.0) child=2 aspect=nan measure=0
08-27 12:48:43.176 D/AGenUI  (29018): 12:48:43.175 [onNodeAdded@298] onNodeAdded: {"children":["root_c0_c0_c0","root_c0_c0_c1"],"component":"Row","id":"root_c0_c0","styles":{"align-content":"stretch","align-items":"stretch","align-self":"auto","background-color":"transparent","border-color":"#0000001A","border-radius":"0px","border-style":"solid","border-width":"0px","filter":"none","flex-direction":"column","flex-grow":0,"flex-shrink":1,"flex-wrap":"nowrap","height":82.0,"justify-content":"flex-start","opacity":1,"paddingBottom":12,"paddingLeft":16,"paddingRight":16,"paddingTop":16,"visibility":"visible","width":200.0,"x":0.0,"y":0.0}}, parentId:root_c0
08-27 12:48:43.176 D/AGenUI  (29018): 12:48:43.176 [logYogaLayoutInfo@277] [layout] id=root_c0_c0_c0 type=Container parent=root_c0_c0 xywh=(0.0,21.0,33.0,40.0) flex=(0.0,1.0) child=1 aspect=nan measure=0
08-27 12:48:43.177 D/AGenUI  (29018): 12:48:43.177 [onNodeAdded@298] onNodeAdded: {"children":["root_c0_c0_c0_c0"],"component":"Container","id":"root_c0_c0_c0","styles":{"align-content":"stretch","align-items":"stretch","align-self":"auto","background-color":"transparent","backgroundColor":"#FFF3E0","border-color":"#0000001A","border-radius":"0px","border-style":"solid","border-width":"0px","borderRadius":999,"filter":"none","flex-direction":"column","flex-grow":0,"flex-shrink":1,"flex-wrap":"nowrap","height":40.0,"justify-content":"flex-start","opacity":1,"visibility":"visible","width":33.0,"x":0.0,"y":21.0}}, parentId:root_c0_c0
08-27 12:48:43.178 D/AGenUI  (29018): 12:48:43.178 [logYogaLayoutInfo@277] [layout] id=root_c0_c0_c0_c0 type=Text parent=root_c0_c0_c0 xywh=(-1.0,0.0,35.0,40.0) flex=(0.0,1.0) child=0 aspect=nan measure=1
08-27 12:48:43.179 D/AGenUI  (29018): 12:48:43.179 [onNodeAdded@298] onNodeAdded: {"component":"Text","id":"root_c0_c0_c0_c0","styles":{"align-content":"stretch","align-items":"stretch","align-self":"auto","background-color":"transparent","border-color":"#0000001A","border-radius":"0px","border-style":"solid","border-width":"0px","color":"#000000E6","filter":"none","flex-direction":"column","flex-grow":0,"flex-shrink":1,"flex-wrap":"nowrap","font-family":"system","font-size":"28px","fontSize":18,"height":40.0,"justify-content":"flex-start","line-clamp":1,"line-height":"40px","lines":1,"opacity":1,"text-align":"left","text-overflow":"ellipsis","visibility":"visible","width":35.0,"x":-1.0,"y":0.0},"text":"Ὅd","variant":"body"}, parentId:root_c0_c0_c0
08-27 12:48:43.180 D/AGenUI  (29018): 12:48:43.179 [logYogaLayoutInfo@277] [layout] id=root_c0_c0_c1 type=Column parent=root_c0_c0 xywh=(33.0,0.0,167.0,82.0) flex=(0.0,1.0) child=2 aspect=nan measure=0
08-27 12:48:43.181 D/AGenUI  (29018): 12:48:43.181 [onNodeAdded@298] onNodeAdded: {"children":["root_c0_c0_c1_c0","root_c0_c0_c1_c1"],"component":"Column","id":"root_c0_c0_c1","styles":{"align-content":"stretch","align-items":"stretch","align-self":"auto","background-color":"transparent","border-color":"#0000001A","border-radius":"0px","border-style":"solid","border-width":"0px","filter":"none","flex":1,"flex-direction":"column","flex-grow":0,"flex-shrink":1,"flex-wrap":"nowrap","height":82.0,"justify-content":"flex-start","marginLeft":12,"opacity":1,"visibility":"visible","width":167.0,"x":33.0,"y":0.0}}, parentId:root_c0_c0
08-27 12:48:43.182 D/AGenUI  (29018): 12:48:43.182 [logYogaLayoutInfo@277] [layout] id=root_c0_c0_c1_c0 type=Text parent=root_c0_c0_c1 xywh=(0.0,0.0,167.0,41.0) flex=(0.0,1.0) child=0 aspect=nan measure=1
08-27 12:48:43.184 D/AGenUI  (29018): 12:48:43.183 [onNodeAdded@298] onNodeAdded: {"component":"Text","id":"root_c0_c0_c1_c0","styles":{"align-content":"stretch","align-items":"stretch","align-self":"auto","background-color":"transparent","border-color":"#0000001A","border-radius":"0px","border-style":"solid","border-width":"0px","color":"#181818","filter":"none","flex-direction":"column","flex-grow":0,"flex-shrink":1,"flex-wrap":"nowrap","font-family":"system","font-size":"28px","fontSize":16,"fontWeight":"bold","height":41.0,"justify-content":"flex-start","line-clamp":1,"line-height":"40px","lines":1,"opacity":1,"text-align":"left","text-overflow":"ellipsis","visibility":"visible","width":167.0,"x":0.0,"y":0.0},"text":"会议笔记","variant":"body"}, parentId:root_c0_c0_c1
08-27 12:48:43.184 D/AGenUI  (29018): 12:48:43.184 [logYogaLayoutInfo@277] [layout] id=root_c0_c0_c1_c1 type=Text parent=root_c0_c0_c1 xywh=(0.0,41.0,167.0,41.0) flex=(0.0,1.0) child=0 aspect=nan measure=1
08-27 12:48:43.185 D/AGenUI  (29018): 12:48:43.185 [onNodeAdded@298] onNodeAdded: {"component":"Text","id":"root_c0_c0_c1_c1","styles":{"align-content":"stretch","align-items":"stretch","align-self":"auto","background-color":"transparent","border-color":"#0000001A","border-radius":"0px","border-style":"solid","border-width":"0px","color":"#999999","filter":"none","flex-direction":"column","flex-grow":0,"flex-shrink":1,"flex-wrap":"nowrap","font-family":"system","font-size":"28px","fontSize":12,"height":41.0,"justify-content":"flex-start","line-clamp":1,"line-height":"40px","lines":1,"opacity":1,"text-align":"left","text-overflow":"ellipsis","visibility":"visible","width":167.0,"x":0.0,"y":41.0},"text":"第 3 次会议 · 今天","variant":"body"}, parentId:root_c0_c0_c1
08-27 12:48:43.186 D/AGenUI  (29018): 12:48:43.186 [logYogaLayoutInfo@277] [layout] id=root_c0_c1 type=Divider parent=root_c0 xywh=(0.0,90.0,200.0,1.0) flex=(0.0,1.0) child=0 aspect=nan measure=0
08-27 12:48:43.187 D/AGenUI  (29018): 12:48:43.187 [onNodeAdded@298] onNodeAdded: {"axis":"horizontal","component":"Divider","id":"root_c0_c1","styles":{"align-content":"stretch","align-items":"stretch","align-self":"auto","background-color":"#0000000F","backgroundColor":"#E8EAED","border-color":"#0000001A","border-radius":"0px","border-style":"solid","border-width":"0px","filter":"none","flex-direction":"column","flex-grow":0,"flex-shrink":1,"flex-wrap":"nowrap","height":1.0,"justify-content":"flex-start","margin-bottom":"8px","margin-top":"8px","marginLeft":16,"marginRight":16,"opacity":1,"visibility":"visible","width":200.0,"x":0.0,"y":90.0}}, parentId:root_c0
08-27 12:48:43.187 D/AGenUI  (29018): 12:48:43.187 [logYogaLayoutInfo@277] [layout] id=root_c0_c2 type=Text parent=root_c0 xywh=(0.0,99.0,200.0,41.0) flex=(0.0,1.0) child=0 aspect=nan measure=1
08-27 12:48:43.188 D/AGenUI  (29018): 12:48:43.188 [onNodeAdded@298] onNodeAdded: {"component":"Text","id":"root_c0_c2","styles":{"align-content":"stretch","align-items":"stretch","align-self":"auto","background-color":"transparent","border-color":"#0000001A","border-radius":"0px","border-style":"solid","border-width":"0px","color":"#007DFF","filter":"none","flex-direction":"column","flex-grow":0,"flex-shrink":1,"flex-wrap":"nowrap","font-family":"system","font-size":"28px","fontSize":13,"fontWeight":"bold","height":41.0,"justify-content":"flex-start","line-clamp":1,"line-height":"40px","lines":1,"opacity":1,"paddingBottom":4,"paddingLeft":16,"paddingRight":16,"paddingTop":12,"text-align":"left","text-overflow":"ellipsis","visibility":"visible","width":200.0,"x":0.0,"y":99.0},"text":"重点结论","variant":"body"}, parentId:root_c0
08-27 12:48:43.189 D/AGenUI  (29018): 12:48:43.189 [logYogaLayoutInfo@277] [layout] id=root_c0_c3 type=Text parent=root_c0 xywh=(0.0,140.0,200.0,41.0) flex=(0.0,1.0) child=0 aspect=nan measure=1
08-27 12:48:43.190 D/AGenUI  (29018): 12:48:43.190 [onNodeAdded@298] onNodeAdded: {"component":"Text","id":"root_c0_c3","styles":{"align-content":"stretch","align-items":"stretch","align-self":"auto","background-color":"transparent","border-color":"#0000001A","border-radius":"0px","border-style":"solid","border-width":"0px","color":"#333333","filter":"none","flex-direction":"column","flex-grow":0,"flex-shrink":1,"flex-wrap":"nowrap","font-family":"system","font-size":"28px","fontSize":13,"height":41.0,"justify-content":"flex-start","line-clamp":1,"line-height":"40px","lines":1,"opacity":1,"paddingBottom":2,"paddingLeft":16,"paddingRight":16,"paddingTop":2,"text-align":"left","text-overflow":"ellipsis","visibility":"visible","width":200.0,"x":0.0,"y":140.0},"text":"· 系结果构确定采用微服务架构，首期不做多区域部署","variant":"body"}, parentId:root_c0
08-27 12:48:43.190 D/AGenUI  (29018): 12:48:43.190 [logYogaLayoutInfo@277] [layout] id=root_c0_c4 type=Text parent=root_c0 xywh=(0.0,181.0,200.0,41.0) flex=(0.0,1.0) child=0 aspect=nan measure=1
08-27 12:48:43.192 D/AGenUI  (29018): 12:48:43.191 [onNodeAdded@298] onNodeAdded: {"component":"Text","id":"root_c0_c4","styles":{"align-content":"stretch","align-items":"stretch","align-self":"auto","background-color":"transparent","border-color":"#0000001A","border-radius":"0px","border-style":"solid","border-width":"0px","color":"#333333","filter":"none","flex-direction":"column","flex-grow":0,"flex-shrink":1,"flex-wrap":"nowrap","font-family":"system","font-size":"28px","fontSize":13,"height":41.0,"justify-content":"flex-start","line-clamp":1,"line-height":"40px","lines":1,"opacity":1,"paddingBottom":2,"paddingLeft":16,"paddingRight":16,"paddingTop":2,"text-align":"left","text-overflow":"ellipsis","visibility":"visible","width":200.0,"x":0.0,"y":181.0},"text":"· 数据层使用 PostgreSQL + Redis，接入层用 Gateway","variant":"body"}, parentId:root_c0
08-27 12:48:43.192 D/AGenUI  (29018): 12:48:43.192 [logYogaLayoutInfo@277] [layout] id=root_c0_c5 type=Text parent=root_c0 xywh=(0.0,222.0,200.0,41.0) flex=(0.0,1.0) child=0 aspect=nan measure=1
08-27 12:48:43.193 D/AGenUI  (29018): 12:48:43.193 [onNodeAdded@298] onNodeAdded: {"component":"Text","id":"root_c0_c5","styles":{"align-content":"stretch","align-items":"stretch","align-self":"auto","background-color":"transparent","border-color":"#0000001A","border-radius":"0px","border-style":"solid","border-width":"0px","color":"#333333","filter":"none","flex-direction":"column","flex-grow":0,"flex-shrink":1,"flex-wrap":"nowrap","font-family":"system","font-size":"28px","fontSize":13,"height":41.0,"justify-content":"flex-start","line-clamp":1,"line-height":"40px","lines":1,"opacity":1,"paddingBottom":12,"paddingLeft":16,"paddingRight":16,"paddingTop":2,"text-align":"left","text-overflow":"ellipsis","visibility":"visible","width":200.0,"x":0.0,"y":222.0},"text":"· 下周完成 MVP 原型并开始内测","variant":"body"}, parentId:root_c0
08-27 12:48:43.194 D/AGenUI  (29018): 12:48:43.193 [logYogaLayoutInfo@277] [layout] id=root_c0_c6 type=Divider parent=root_c0 xywh=(0.0,271.0,200.0,1.0) flex=(0.0,1.0) child=0 aspect=nan measure=0
08-27 12:48:43.195 D/AGenUI  (29018): 12:48:43.194 [onNodeAdded@298] onNodeAdded: {"axis":"horizontal","component":"Divider","id":"root_c0_c6","styles":{"align-content":"stretch","align-items":"stretch","align-self":"auto","background-color":"#0000000F","backgroundColor":"#E8EAED","border-color":"#0000001A","border-radius":"0px","border-style":"solid","border-width":"0px","filter":"none","flex-direction":"column","flex-grow":0,"flex-shrink":1,"flex-wrap":"nowrap","height":1.0,"justify-content":"flex-start","margin-bottom":"8px","margin-top":"8px","marginLeft":16,"marginRight":16,"opacity":1,"visibility":"visible","width":200.0,"x":0.0,"y":271.0}}, parentId:root_c0
08-27 12:48:43.195 D/AGenUI  (29018): 12:48:43.195 [logYogaLayoutInfo@277] [layout] id=root_c0_c7 type=Row parent=root_c0 xywh=(0.0,280.0,200.0,41.0) flex=(0.0,1.0) child=2 aspect=nan measure=0
08-27 12:48:43.196 D/AGenUI  (29018): 12:48:43.196 [onNodeAdded@298] onNodeAdded: {"children":["root_c0_c7_c0","root_c0_c7_c1"],"component":"Row","id":"root_c0_c7","styles":{"align-content":"stretch","align-items":"stretch","align-self":"auto","background-color":"transparent","border-color":"#0000001A","border-radius":"0px","border-style":"solid","border-width":"0px","filter":"none","flex-direction":"column","flex-grow":0,"flex-shrink":1,"flex-wrap":"nowrap","height":41.0,"justify-content":"flex-start","opacity":1,"paddingBottom":16,"paddingLeft":16,"paddingRight":16,"paddingTop":10,"visibility":"visible","width":200.0,"x":0.0,"y":280.0}}, parentId:root_c0
08-27 12:48:43.196 D/AGenUI  (29018): 12:48:43.196 [logYogaLayoutInfo@277] [layout] id=root_c0_c7_c0 type=Text parent=root_c0_c7 xywh=(0.0,0.0,103.0,41.0) flex=(0.0,1.0) child=0 aspect=nan measure=1
08-27 12:48:43.197 D/AGenUI  (29018): 12:48:43.197 [onNodeAdded@298] onNodeAdded: {"component":"Text","id":"root_c0_c7_c0","styles":{"align-content":"stretch","align-items":"stretch","align-self":"auto","background-color":"transparent","border-color":"#0000001A","border-radius":"0px","border-style":"solid","border-width":"0px","color":"#999999","filter":"none","flex":1,"flex-direction":"column","flex-grow":0,"flex-shrink":1,"flex-wrap":"nowrap","font-family":"system","font-size":"28px","fontSize":12,"height":41.0,"justify-content":"flex-start","line-clamp":1,"line-height":"40px","lines":1,"opacity":1,"text-align":"left","text-overflow":"ellipsis","visibility":"visible","width":103.0,"x":0.0,"y":0.0},"text":"✓ 5 项待办","variant":"body"}, parentId:root_c0_c7
08-27 12:48:43.198 D/AGenUI  (29018): 12:48:43.198 [logYogaLayoutInfo@277] [layout] id=root_c0_c7_c1 type=Text parent=root_c0_c7 xywh=(102.0,0.0,98.0,41.0) flex=(0.0,1.0) child=0 aspect=nan measure=1
08-27 12:48:43.199 D/AGenUI  (29018): 12:48:43.199 [onNodeAdded@298] onNodeAdded: {"component":"Text","id":"root_c0_c7_c1","styles":{"align-content":"stretch","align-items":"stretch","align-self":"auto","background-color":"transparent","border-color":"#0000001A","border-radius":"0px","border-style":"solid","border-width":"0px","color":"#007DFF","filter":"none","flex-direction":"column","flex-grow":0,"flex-shrink":1,"flex-wrap":"nowrap","font-family":"system","font-size":"28px","fontSize":12,"fontWeight":"bold","height":41.0,"justify-content":"flex-start","line-clamp":1,"line-height":"40px","lines":1,"opacity":1,"text-align":"left","text-overflow":"ellipsis","visibility":"visible","width":98.0,"x":102.0,"y":0.0},"text":"查看全部 ›","variant":"body"}, parentId:root_c0_c7
08-27 12:48:43.200 I/NativeEventBridge(29018): 12:48:43.199 [onComponentsAdd@70] onComponentsAdd: surfaceId=widget_-1_1787806123062, parents=17, components=17, components=[{"children":["root_c0"],"component":"Card","id":"root","styles":{"align-content":"stretch","align-items":"stretch","align-self":"auto","background-color":"transparent","backgroundColor":"#FFFFFF","border-color":"#0000001A","border-radius":"16px","border-style":"solid","border-width":"0px","borderRadius":16,"elevation":2,"filter":"none","flex-direction":"column","flex-grow":0,"flex-shrink":1,"flex-wrap":"nowrap","height":321.0,"justify-content":"flex-start","opacity":1,"visibility":"visible","width":200.0,"x":0.0,"y":0.0}}, {"children":["root_c0_c0","root_c0_c1","root_c0_c2","root_c0_c3","root_c0_c4","root_c0_c5","root_c0_c6","root_c0_c7"],"component":"Column","id":"root_c0","styles":{"align-content":"stretch","align-items":"stretch","align-self":"auto","background-color":"transparent","border-color":"#0000001A","border-radius":"0px","border-style":"solid","border-width":"0px","filter":"none","flex-direction":"column","flex-grow":0,"flex-shrink":1,"flex-wrap":"nowrap","height":321.0,"justify-content":"flex-start","opacity":1,"visibility":"visible","width":200.0,"x":0.0,"y":0.0}}, {"children":["root_c0_c0_c0","root_c0_c0_c1"],"component":"Row","id":"root_c0_c0","styles":{"align-content":"stretch","align-items":"stretch","align-self":"auto","background-color":"transparent","border-color":"#0000001A","border-radius":"0px","border-style":"solid","border-width":"0px","filter":"none","flex-direction":"column","flex-grow":0,"flex-shrink":1,"flex-wrap":"nowrap","height":82.0,"justify-content":"flex-start","opacity":1,"paddingBottom":12,"paddingLeft":16,"paddingRight":16,"paddingTop":16,"visibility":"visible","width":200.0,"x":0.0,"y":0.0}}, {"children":["root_c0_c0_c0_c0"],"component":"Container","id":"root_c0_c0_c0","styles":{"align-content":"stretch","align-items":"stretch","align-self":"auto","background-color":"transparent","backgroundColor":"#FFF3E0","border-color":"#0000001A","border-radius":"0px","border-style":"solid","border-width":"0px","borderRadius":999,"filter":"none","flex-direction":"column","flex-grow":0,"flex-shrink":1,"flex-wrap":"nowrap","height":40.0,"justify-content":"flex-start","opacity":1,"visibility":"visible","width":33.0,"x":0.0,"y":21.0}}, {"component":"Text","id":"root_c0_c0_c0_c0","styles":{"align-content":"stretch","align-items":"stretch","align-self":"auto","background-color":"transparent","border-color":"#0000001A","border-radius":"0px","border-style":"solid","border-width":"0px","color":"#000000E6","filter":"none","flex-direction":"column","flex-grow":0,"flex-shrink":1,"flex-wrap":"nowrap","font-family":"system","font-size":"28px","fontSize":18,"height":40.0,"justify-content":"flex-start","line-clamp":1,"line-height":"40px","lines":1,"opacity":1,"text-align":"left","text-overflow":"ellipsis","visibility":"visible","width":35.0,"x":-1.0,"y":0.0},"text":"Ὅd","variant":"body"}, {"children":["root_c0_c0_c1_c0","root_c0_c0_c1_c1"],"component":"Column","id":"root_c0_c0_c1","styles":{"align-content":"stretch","align-items":"stretch","align-self":"auto","background-color":"transparent","border-color":"#0000001A","border-radius":"0px","border-style":"solid","border-width":"0px","filter":"none","flex":1,"flex-direction":"column","flex-grow":0,"flex-shrink":1,"flex-wrap":"nowrap","height":82.0,"justify-content":"flex-start","marginLeft":12,"opacity":1,"visibility":"visible","width":167.0,"x":33.0,"y":0.0}}, {"component":"Text","id":"root_c0_c0_c1_c0","styles":{"align-content":"stretch","align-items":"stretch","align-self":"auto","background-color":"transparent","border-color":"#0000001A","border-radius":"0px","border-style":"solid","border-width":"0px","color":"#181818","filter":"none","flex-direction":"column","flex-grow":0,"flex-shrink":1,"flex-wrap":"nowrap","font-family":"system","font-size":"28px","fontSize":16,"fontWeight":"bold","height":41.0,"justify-content":"flex-start","line-clamp":1,"line-height":"40px","lines":1,"opacity":
08-27 12:48:43.201 D/AGenUI  (29018): 12:48:43.200 [updateComponents@112] success: {"version":"v0.9","updateComponents":{"surfaceId":"widget_-1_1787806123062","components":[{"id":"root_c0_c0_c0_c0","component":"Text","text":"Ὅd","styles":{"fontSize":18}},{"id":"root_c0_c0_c0","component":"Container","styles":{"width":40,"height":40,"borderRadius":999,"backgroundColor":"#FFF3E0","alignItems":"center","justifyContent":"center"},"children":["root_c0_c0_c0_c0"]},{"id":"root_c0_c0_c1_c0","component":"Text","text":"会议笔记","styles":{"fontSize":16,"fontWeight":"bold","color":"#181818"}},{"id":"root_c0_c0_c1_c1","component":"Text","text":"第 3 次会议 · 今天","styles":{"fontSize":12,"color":"#999999"}},{"id":"root_c0_c0_c1","component":"Column","styles":{"marginLeft":12,"flex":1},"children":["root_c0_c0_c1_c0","root_c0_c0_c1_c1"]},{"id":"root_c0_c0","component":"Row","styles":{"paddingLeft":16,"paddingRight":16,"paddingTop":16,"paddingBottom":12,"alignItems":"center"},"children":["root_c0_c0_c0","root_c0_c0_c1"]},{"id":"root_c0_c1","component":"Divider","styles":{"backgroundColor":"#E8EAED","height":1,"marginLeft":16,"marginRight":16}},{"id":"root_c0_c2","component":"Text","text":"重点结论","styles":{"fontSize":13,"fontWeight":"bold","color":"#007DFF","paddingLeft":16,"paddingRight":16,"paddingTop":12,"paddingBottom":4}},{"id":"root_c0_c3","component":"Text","text":"· 系结果构确定采用微服务架构，首期不做多区域部署","styles":{"fontSize":13,"color":"#333333","paddingLeft":16,"paddingRight":16,"paddingTop":2,"paddingBottom":2}},{"id":"root_c0_c4","component":"Text","text":"· 数据层使用 PostgreSQL + Redis，接入层用 Gateway","styles":{"fontSize":13,"color":"#333333","paddingLeft":16,"paddingRight":16,"paddingTop":2,"paddingBottom":2}},{"id":"root_c0_c5","component":"Text","text":"· 下周完成 MVP 原型并开始内测","styles":{"fontSize":13,"color":"#333333","paddingLeft":16,"paddingRight":16,"paddingTop":2,"paddingBottom":12}},{"id":"root_c0_c6","component":"Divider","styles":{"backgroundColor":"#E8EAED","height":1,"marginLeft":16,"marginRight":16}},{"id":"root_c0_c7_c0","component":"Text","text":"✓ 5 项待办","styles":{"fontSize":12,"color":"#999999","flex":1}},{"id":"root_c0_c7_c1","component":"Text","text":"查看全部 ›","styles":{"fontSize":12,"color":"#007DFF","fontWeight":"bold"}},{"id":"root_c0_c7","component":"Row","styles":{"paddingLeft":16,"paddingRight":16,"paddingTop":10,"paddingBottom":16,"alignItems":"center"},"children":["root_c0_c7_c0","root_c0_c7_c1"]},{"id":"root_c0","component":"Column","children":["root_c0_c0","root_c0_c1","root_c0_c2","root_c0_c3","root_c0_c4","root_c0_c5","root_c0_c6","root_c0_c7"]},{"id":"root","component":"Card","styles":{"borderRadius":16,"backgroundColor":"#FFFFFF","elevation":2},"children":["root_c0"]}]}}
08-27 12:48:43.201 D/surface_updateDataModel_begin(29018): [PERF] 12:48:43.201 [updateDataModel@234] widget_-1_1787806123062
08-27 12:48:43.202 D/AGenUI  (29018): 12:48:43.202 [updateData@50] path:/, jsonValue:{"bullets":["系统架构确定采用微服务架构，首期不做多区域部署","数据层使用 PostgreSQL + Redis，接入层用 Gateway","下周完成 MVP 原型并开始内测"],"session":"第 3 次会议 · 今天","summary":"重点结论","title":"会议笔记","todoCount":5}
08-27 12:48:43.203 D/surface_updateDataModel_end(29018): [PERF] 12:48:43.202 [updateDataModel@253] widget_-1_1787806123062
08-27 12:48:43.203 D/AGenUI  (29018): 12:48:43.203 [updateDataModel@137] success: {"version":"v0.9","updateDataModel":{"surfaceId":"widget_-1_1787806123062","value":{"title":"会议笔记","session":"第 3 次会议 · 今天","summary":"重点结论","bullets":["系统架构确定采用微服务架构，首期不做多区域部署","数据层使用 PostgreSQL + Redis，接入层用 Gateway","下周完成 MVP 原型并开始内测"],"todoCount":5}}}
08-27 12:48:43.204 D/stream_assembling_end(29018): [PERF] 12:48:43.203 [processDataAssembling@57] 
08-27 12:48:43.204 D/AGenUI  (29018): 12:48:43.204 [processDataEnding@61] processing end
08-27 12:48:43.205 D/stream_end(29018): [PERF] 12:48:43.204 [processDataEnding@66] 
08-27 12:48:43.208 D/DividerComponent(29018): 12:48:43.207 [updateDivider@169] updateDivider: axis=horizontal, thickness=1.0, imgUrl=null
08-27 12:48:43.218 D/DividerComponent(29018): 12:48:43.218 [updateDivider@169] updateDivider: axis=horizontal, thickness=1.0, imgUrl=null
08-27 12:48:43.226 D/AGenUIWidgetRenderSvc(29018): onRootComponentUpdate: widget_-1_1787806123062, props={children=[root_c0], styles={align-content=stretch, align-items=stretch, align-self=auto, background-color=transparent, backgroundColor=#FFFFFF, border-color=#0000001A, border-radius=16px, border-style=solid, border-width=0px, borderRadius=16.0, elevation=2.0, filter=none, flex-direction=column, flex-grow=0.0, flex-shrink=1.0, flex-wrap=nowrap, height=321.0, justify-content=flex-start, opacity=1.0, visibility=visible, width=200.0, x=0.0, y=0.0}}
08-27 12:48:43.227 D/components_applied(29018): [PERF] 12:48:43.226 [lambda$onComponentsAdd$2$com-amap-agenui-render-surface-NativeEventBridge@76] widget_-1_1787806123062
08-27 12:48:43.327 D/AGenUIWidgetRenderSvc(29018): Surface ready, proceeding to draw
08-27 12:48:43.341 D/WidgetBitmapRenderer(29018): Measured: 300x400
08-27 12:48:43.342 D/AGenUI  (29018): 12:48:43.342 [handleSurfaceSizeChanged@286] handleSurfaceSizeChanged: surfaceId:widget_-1_1787806123062, width:200.0, height:266.7
08-27 12:48:43.373 D/WidgetBitmapRenderer(29018): Bitmap: 300x400, bytes=480000
08-27 12:48:43.388 D/WidgetBitmapRenderer(29018): Debug bitmap saved: /storage/emulated/0/Android/data/com.amap.agenuiplayground/files/widget_render_debug.png
08-27 12:48:43.389 D/WidgetBitmapRenderer(29018): View hierarchy:
08-27 12:48:43.389 D/WidgetBitmapRenderer(29018):  [300x400] measured=[300x400] vis=0 tag=null
08-27 12:48:43.389 D/WidgetBitmapRenderer(29018):    [300x482] measured=[300x482] vis=0 tag=null
08-27 12:48:43.389 D/WidgetBitmapRenderer(29018):     YogaAbsoluteLayout [300x482] measured=[300x482] vis=0 tag=null
08-27 12:48:43.389 D/WidgetBitmapRenderer(29018):       YogaAbsoluteLayout [300x482] measured=[300x482] vis=0 tag=null
08-27 12:48:43.389 D/WidgetBitmapRenderer(29018):         YogaAbsoluteLayout [300x123] measured=[300x123] vis=0 tag=null
08-27 12:48:43.389 D/WidgetBitmapRenderer(29018):           YogaAbsoluteLayout [50x60] measured=[50x60] vis=0 tag=null
08-27 12:48:43.389 D/WidgetBitmapRenderer(29018):             TextView [53x60] measured=[53x60] vis=0 tag=null
08-27 12:48:43.389 D/WidgetBitmapRenderer(29018):           YogaAbsoluteLayout [251x123] measured=[251x123] vis=0 tag=null
08-27 12:48:43.389 D/WidgetBitmapRenderer(29018):             TextView [251x62] measured=[251x62] vis=0 tag=null
08-27 12:48:43.389 D/WidgetBitmapRenderer(29018):             TextView [251x62] measured=[251x62] vis=0 tag=null
08-27 12:48:43.389 D/WidgetBitmapRenderer(29018):         DividerView [300x2] measured=[300x2] vis=0 tag=null
08-27 12:48:43.389 D/WidgetBitmapRenderer(29018):         TextView [300x62] measured=[300x62] vis=0 tag=null
08-27 12:48:43.389 D/WidgetBitmapRenderer(29018):         TextView [300x62] measured=[300x62] vis=0 tag=null
08-27 12:48:43.389 D/WidgetBitmapRenderer(29018):         TextView [300x62] measured=[300x62] vis=0 tag=null
08-27 12:48:43.389 D/WidgetBitmapRenderer(29018):         TextView [300x62] measured=[300x62] vis=0 tag=null
08-27 12:48:43.389 D/WidgetBitmapRenderer(29018):         DividerView [300x2] measured=[300x2] vis=0 tag=null
08-27 12:48:43.389 D/WidgetBitmapRenderer(29018):         YogaAbsoluteLayout [300x62] measured=[300x62] vis=0 tag=null
08-27 12:48:43.389 D/WidgetBitmapRenderer(29018):           TextView [155x62] measured=[155x62] vis=0 tag=null
08-27 12:48:43.389 D/WidgetBitmapRenderer(29018):           TextView [147x62] measured=[147x62] vis=0 tag=null
08-27 12:48:43.389 D/AGenUIWidgetRenderSvc(29018): Widget updated: AGenUI · note
08-27 12:48:43.390 D/WidgetSurfacePool(29018): Released SurfaceManager for template=note, pool size=1
08-27 12:48:43.390 D/AGenUIWidgetRenderSvc(29018): renderSync: id=-1, template=notecard
08-27 12:48:43.391 D/AGenUIWidgetRenderSvc(29018): Widget dimensions: 300x400 (MEDIUM)
08-27 12:48:43.395 D/WidgetTemplateValidator(29018): Validated: 15 unique component IDs
08-27 12:48:43.408 D/AGenUIWidgetRenderSvc(29018): Converted 3 chunks for template: notecard
08-27 12:48:43.411 W/AGenUI  (29018): 12:48:43.409 [initialize@68] Module already initialized
08-27 12:48:43.412 D/AGenUI  (29018): 12:48:43.411 [setDebug@278] build type set to debug
08-27 12:48:43.414 D/AGenUI  (29018): 12:48:43.413 [jni_createSurfaceManager@42] [JNI] createSurfaceManager
08-27 12:48:43.416 D/AGenUI  (29018): 12:48:43.414 [createSurfaceManager@90] begin creating
08-27 12:48:43.418 D/AGenUI  (29018): 12:48:43.417 [enterRunning@22] enter running, 11
08-27 12:48:43.418 D/AGenUI  (29018): 12:48:43.418 [init@40] init, 11
08-27 12:48:43.419 D/AGenUI  (29018): 12:48:43.419 [SurfaceCoordinator@34] construction finished
08-27 12:48:43.419 D/AGenUI  (29018): 12:48:43.418 [createSurfaceManager@109] created, 11
08-27 12:48:43.420 D/AGenUI  (29018): 12:48:43.419 [jni_createSurfaceManager@54] [JNI] createSurfaceManager: created with instanceId=11
08-27 12:48:43.422 I/AGenUI  (29018): 12:48:43.421 [createSurfaceManager@168] SurfaceManager created: instanceId=11
08-27 12:48:43.423 D/AGenUI  (29018): 12:48:43.422 [jni_addEventListener@47] [JNI] addEventListener: instanceId=11
08-27 12:48:43.425 D/AGenUI  (29018): 12:48:43.424 [addSurfaceEventListener@84] add lisenter success 11, listener:0xb4000078d1fc5110, 0xb400007971eff270
08-27 12:48:43.426 D/AGenUI  (29018): 12:48:43.425 [addEventListener@7] listener:0xb4000078d1fc5110, 0
08-27 12:48:43.427 D/AGenUI  (29018): 12:48:43.426 [jni_addEventListener@66] [JNI] addEventListener: success, instanceId=11
08-27 12:48:43.429 I/SurfaceManager(29018): 12:48:43.428 [addMessageListener@200] UIMessage listener registered: instanceId=11
08-27 12:48:43.430 D/AGenUI  (29018): 12:48:43.429 [jni_setSurfaceSizeProvider@241] [JNI] setSurfaceSizeProvider: instanceId=11
08-27 12:48:43.432 I/SurfaceManager(29018): 12:48:43.430 [<init>@90] SurfaceManager created with Context, instanceId=11
08-27 12:48:43.432 D/AGenUIWidgetRenderSvc(29018): Created new SurfaceManager
08-27 12:48:43.433 D/SurfaceManager(29018): 12:48:43.432 [addListener@167] Listener added: 
08-27 12:48:43.435 D/AGenUI  (29018): 12:48:43.434 [beginTextStream@144] begin text stream
08-27 12:48:43.436 D/surface_begin_text_stream(29018): [PERF] 12:48:43.435 [beginTextStream@148] instanceId=11
08-27 12:48:43.437 D/AGenUI  (29018): 12:48:43.436 [processDataBeginning@36] processing begin
08-27 12:48:43.437 D/stream_begin(29018): [PERF] 12:48:43.437 [processDataBeginning@39] 
08-27 12:48:43.437 D/surface_receive_text_chunk(29018): [PERF] 12:48:43.436 [receiveTextChunk@185] instanceId=11, bytes=171
08-27 12:48:43.438 D/stream_assembling_begin(29018): [PERF] 12:48:43.438 [processDataAssembling@43] 
08-27 12:48:43.438 D/AGenUI  (29018): 12:48:43.438 [processDataAssembling@44] {"version":"v0.9","createSurface":{"surfaceId":"widget_-1_1787806123391","catalogId":"https:\/\/a2ui.org\/specification\/v0_9\/catalogs\/basic\/catalog.json","width":300}}
08-27 12:48:43.439 D/surface_receive_text_chunk(29018): [PERF] 12:48:43.438 [receiveTextChunk@185] instanceId=11, bytes=2468
08-27 12:48:43.439 D/surface_create_begin(29018): [PERF] 12:48:43.439 [Surface@26] widget_-1_1787806123391
08-27 12:48:43.439 D/surface_receive_text_chunk(29018): [PERF] 12:48:43.439 [receiveTextChunk@185] instanceId=11, bytes=296
08-27 12:48:43.439 D/surface_create_end(29018): [PERF] 12:48:43.439 [Surface@49] widget_-1_1787806123391
08-27 12:48:43.440 D/AGenUI  (29018): 12:48:43.439 [endTextStream@163] end text stream
08-27 12:48:43.440 D/AGenUI  (29018): 12:48:43.439 [createSurface@82] success: {"version":"v0.9","createSurface":{"surfaceId":"widget_-1_1787806123391","catalogId":"https:\/\/a2ui.org\/specification\/v0_9\/catalogs\/basic\/catalog.json","width":300}}
08-27 12:48:43.440 D/surface_end_text_stream(29018): [PERF] 12:48:43.440 [endTextStream@167] instanceId=11
08-27 12:48:43.440 D/AGenUI  (29018): 12:48:43.440 [dispatchCreateSurface@36] surfaceId:widget_-1_1787806123391
08-27 12:48:43.441 I/NativeEventBridge(29018): 12:48:43.440 [onCreateSurface@45] onCreateSurface: surfaceId=widget_-1_1787806123391, catalogId=https://a2ui.org/specification/v0_9/catalogs/basic/catalog.json
08-27 12:48:43.441 D/stream_assembling_end(29018): [PERF] 12:48:43.441 [processDataAssembling@57] 
08-27 12:48:43.441 D/SurfaceManager(29018): 12:48:43.441 [createSurface@324] createSurface: surfaceId=widget_-1_1787806123391
08-27 12:48:43.441 D/stream_assembling_begin(29018): [PERF] 12:48:43.441 [processDataAssembling@43] 
08-27 12:48:43.442 D/AGenUI  (29018): 12:48:43.442 [processDataAssembling@44] {"version":"v0.9","updateComponents":{"surfaceId":"widget_-1_1787806123391","components":[{"id":"root_c0_c0_c0_c0","component":"Text","text":"⚠","styles":{"fontSize":18,"color":"#FF9800"}},{"id":"root_c0_c0_c0","component":"Container","styles":{"width":40,"height":40,"borderRadius":999,"backgroundColor":"#FFF3E0","alignItems":"center","justifyContent":"center"},"children":["root_c0_c0_c0_c0"]},{"id":"root_c0_c0_c1_c0","component":"Text","text":"生成失败","styles":{"fontSize":16,"fontWeight":"bold","color":"#181818"}},{"id":"root_c0_c0_c1_c1","component":"Text","text":"AI 超时·请重试","styles":{"fontSize":12,"color":"#999999"}},{"id":"root_c0_c0_c1","component":"Column","styles":{"marginLeft":12,"flex":1},"children":["root_c0_c0_c1_c0","root_c0_c0_c1_c1"]},{"id":"root_c0_c0","component":"Row","styles":{"paddingLeft":16,"paddingRight":16,"paddingTop":16,"paddingBottom":12,"alignItems":"center"},"children":["root_c0_c0_c0","root_c0_c0_c1"]},{"id":"root_c0_c1","component":"Divider","styles":{"backgroundColor":"#E8EAED","height":1,"marginLeft":16,"marginRight":16}},{"id":"root_c0_c2","component":"Text","text":"LLM 响应超时，可能原因：网络波动、服务器繁忙或 API Key 配额不足。","styles":{"fontSize":13,"color":"#666666","paddingLeft":16,"paddingRight":16,"paddingTop":12,"paddingBottom":12}},{"id":"root_c0_c3_c0_c0","component":"Text","text":"重试","styles":{"fontSize":13,"fontWeight":"bold","color":"#FFFFFF"}},{"id":"root_c0_c3_c0","component":"Container","styles":{"height":36,"borderRadius":8,"backgroundColor":"#007DFF","alignItems":"center","justifyContent":"center","paddingLeft":16,"paddingRight":16},"children":["root_c0_c3_c0_c0"]},{"id":"root_c0_c3_c1_c0","component":"Text","text":"换个描述","styles":{"fontSize":13,"color":"#666666"}},{"id":"root_c0_c3_c1","component":"Container","styles":{"height":36,"borderRadius":8,"backgroundColor":"#F0F0F0","alignItems":"center","justifyContent":"center","paddingLeft":16,"paddingRight":16,"marginLeft":8},"children":["root_c0_c3_c1_c0"]},{"id":"root_c0_c3","component":"Row","styles":{"paddingLeft":16,"paddingRight":16,"paddingTop":4,"paddingBottom":16,"alignItems":"center"},"children":["root_c0_c3_c0","root_c0_c3_c1"]},{"id":"root_c0","component":"Column","children":["root_c0_c0","root_c0_c1","root_c0_c2","root_c0_c3"]},{"id":"root","component":"Card","styles":{"borderRadius":16,"backgroundColor":"#FFFFFF","elevation":2},"children":["root_c0"]}]}}
08-27 12:48:43.442 D/Surface (29018): 12:48:43.442 [<init>@127] Surface created: id=widget_-1_1787806123391
08-27 12:48:43.442 D/AGenUIWidgetRenderSvc(29018): onCreateSurface: widget_-1_1787806123391
08-27 12:48:43.443 D/stream_assembling_end(29018): [PERF] 12:48:43.442 [processDataAssembling@57] 
08-27 12:48:43.443 D/SurfaceManager(29018): 12:48:43.442 [createSurface@404] ✓ Surface created: widget_-1_1787806123391
08-27 12:48:43.443 D/stream_assembling_begin(29018): [PERF] 12:48:43.443 [processDataAssembling@43] 
08-27 12:48:43.444 D/AGenUI  (29018): 12:48:43.443 [processDataAssembling@44] {"version":"v0.9","updateDataModel":{"surfaceId":"widget_-1_1787806123391","value":{"type":"error","title":"生成失败","message":"AI 超时·请重试","detail":"LLM 响应超时，可能原因：网络波动、服务器繁忙或 API Key 配额不足。","actions":["重试","换个描述"]}}}
08-27 12:48:43.445 D/AGenUI  (29018): 12:48:43.445 [updateComponents@209] none template: Text
08-27 12:48:43.446 D/AGenUI  (29018): 12:48:43.445 [updateComponents@209] none template: Container
08-27 12:48:43.446 D/AGenUI  (29018): 12:48:43.446 [updateComponents@209] none template: Text
08-27 12:48:43.447 D/AGenUI  (29018): 12:48:43.446 [updateComponents@209] none template: Text
08-27 12:48:43.447 D/AGenUI  (29018): 12:48:43.447 [updateComponents@209] none template: Column
08-27 12:48:43.447 D/AGenUI  (29018): 12:48:43.447 [updateComponents@209] none template: Row
08-27 12:48:43.448 D/AGenUI  (29018): 12:48:43.448 [updateComponents@209] none template: Divider
08-27 12:48:43.448 D/AGenUI  (29018): 12:48:43.448 [updateComponents@209] none template: Text
08-27 12:48:43.449 D/AGenUI  (29018): 12:48:43.449 [updateComponents@209] none template: Text
08-27 12:48:43.449 D/AGenUI  (29018): 12:48:43.449 [updateComponents@209] none template: Container
08-27 12:48:43.450 D/AGenUI  (29018): 12:48:43.450 [updateComponents@209] none template: Text
08-27 12:48:43.450 D/AGenUI  (29018): 12:48:43.450 [updateComponents@209] none template: Container
08-27 12:48:43.451 D/AGenUI  (29018): 12:48:43.450 [updateComponents@209] none template: Row
08-27 12:48:43.451 D/AGenUI  (29018): 12:48:43.451 [updateComponents@209] none template: Column
08-27 12:48:43.451 D/AGenUI  (29018): 12:48:43.451 [updateComponents@209] none template: Card
08-27 12:48:43.457 D/AGenUI  (29018): 12:48:43.457 [getValueData@71] calling FunctionCallManager.executeFunctionCallSync: name=token, args={"name":"Color_Gray_06"}
08-27 12:48:43.458 D/AGenUI  (29018): 12:48:43.458 [execute@20] token:Color_Gray_06, resolved:#0000000F
08-27 12:48:43.460 D/AGenUI  (29018): 12:48:43.459 [setupMeasureFunctionIfNeeded@329] [setupMeasureFunc] id=root_c0_c0_c0_c0 comp=Text decision=Register
08-27 12:48:43.461 D/AGenUI  (29018): 12:48:43.461 [setupMeasureFunctionIfNeeded@329] [setupMeasureFunc] id=root_c0_c0_c1_c0 comp=Text decision=Register
08-27 12:48:43.462 D/AGenUI  (29018): 12:48:43.462 [setupMeasureFunctionIfNeeded@329] [setupMeasureFunc] id=root_c0_c0_c1_c1 comp=Text decision=Register
08-27 12:48:43.464 D/AGenUI  (29018): 12:48:43.464 [setupMeasureFunctionIfNeeded@329] [setupMeasureFunc] id=root_c0_c2 comp=Text decision=Register
08-27 12:48:43.465 D/AGenUI  (29018): 12:48:43.464 [setupMeasureFunctionIfNeeded@329] [setupMeasureFunc] id=root_c0_c3_c0_c0 comp=Text decision=Register
08-27 12:48:43.466 D/AGenUI  (29018): 12:48:43.466 [setupMeasureFunctionIfNeeded@329] [setupMeasureFunc] id=root_c0_c3_c1_c0 comp=Text decision=Register
08-27 12:48:43.468 D/AGenUI  (29018): 12:48:43.468 [measure@193] [JNI] AndroidBridgeMeasurement.measure start: type=Text, paramJson={"component":"Text","id":"root_c0_c0_c1_c0","styles":{"background-color":"transparent","border-color":"#0000001A","border-radius":"0px","border-style":"solid","border-width":"0px","color":"#181818","filter":"none","font-family":"system","font-size":"28px","fontSize":16,"fontWeight":"bold","height":0.0,"line-clamp":1,"line-height":"40px","opacity":1,"text-align":"left","text-overflow":"ellipsis","visibility":"visible","width":0.0,"x":0.0,"y":0.0},"text":"生成失败","variant":"body"}, width={maxValue=200.000000, mode=2}, height={maxValue=nan, mode=0}
08-27 12:48:43.469 W/MeasurementBridge(29018): 12:48:43.468 [directMeasure@91] directMeasure start: type=Text, paramJson={"component":"Text","id":"root_c0_c0_c1_c0","styles":{"background-color":"transparent","border-color":"#0000001A","border-radius":"0px","border-style":"solid","border-width":"0px","color":"#181818","filter":"none","font-family":"system","font-size":"28px","fontSize":16,"fontWeight":"bold","height":0.0,"line-clamp":1,"line-height":"40px","opacity":1,"text-align":"left","text-overflow":"ellipsis","visibility":"visible","width":0.0,"x":0.0,"y":0.0},"text":"生成失败","variant":"body"}, maxWidth=200.0, widthMode=2, maxHeight=NaN, heightMode=0
08-27 12:48:43.470 W/MeasurementBridge(29018): 12:48:43.470 [directMeasure@108] directMeasure result: type=Text, result=MeasureResult{calcType=0, width=113.0, height=41.0, lineCount=1}
08-27 12:48:43.471 D/AGenUI  (29018): 12:48:43.470 [measure@235] [JNI] AndroidBridgeMeasurement.measure result: type=Text, result=MeasureResult{calcType=Sync, width=113.000000, height=41.000000, countOfLines=1}
08-27 12:48:43.471 D/AGenUI  (29018): 12:48:43.471 [measure@193] [JNI] AndroidBridgeMeasurement.measure start: type=Text, paramJson={"component":"Text","id":"root_c0_c0_c1_c1","styles":{"background-color":"transparent","border-color":"#0000001A","border-radius":"0px","border-style":"solid","border-width":"0px","color":"#999999","filter":"none","font-family":"system","font-size":"28px","fontSize":12,"height":0.0,"line-clamp":1,"line-height":"40px","opacity":1,"text-align":"left","text-overflow":"ellipsis","visibility":"visible","width":0.0,"x":0.0,"y":0.0},"text":"AI 超时·请重试","variant":"body"}, width={maxValue=200.000000, mode=2}, height={maxValue=nan, mode=0}
08-27 12:48:43.472 W/MeasurementBridge(29018): 12:48:43.472 [directMeasure@91] directMeasure start: type=Text, paramJson={"component":"Text","id":"root_c0_c0_c1_c1","styles":{"background-color":"transparent","border-color":"#0000001A","border-radius":"0px","border-style":"solid","border-width":"0px","color":"#999999","filter":"none","font-family":"system","font-size":"28px","fontSize":12,"height":0.0,"line-clamp":1,"line-height":"40px","opacity":1,"text-align":"left","text-overflow":"ellipsis","visibility":"visible","width":0.0,"x":0.0,"y":0.0},"text":"AI 超时·请重试","variant":"body"}, maxWidth=200.0, widthMode=2, maxHeight=NaN, heightMode=0
08-27 12:48:43.473 W/MeasurementBridge(29018): 12:48:43.473 [directMeasure@108] directMeasure result: type=Text, result=MeasureResult{calcType=0, width=182.0, height=41.0, lineCount=1}
08-27 12:48:43.474 D/AGenUI  (29018): 12:48:43.473 [measure@235] [JNI] AndroidBridgeMeasurement.measure result: type=Text, result=MeasureResult{calcType=Sync, width=182.000000, height=41.000000, countOfLines=1}
08-27 12:48:43.474 D/AGenUI  (29018): 12:48:43.474 [measure@193] [JNI] AndroidBridgeMeasurement.measure start: type=Text, paramJson={"component":"Text","id":"root_c0_c0_c1_c0","styles":{"background-color":"transparent","border-color":"#0000001A","border-radius":"0px","border-style":"solid","border-width":"0px","color":"#181818","filter":"none","font-family":"system","font-size":"28px","fontSize":16,"fontWeight":"bold","height":0.0,"line-clamp":1,"line-height":"40px","lines":1,"opacity":1,"text-align":"left","text-overflow":"ellipsis","visibility":"visible","width":0.0,"x":0.0,"y":0.0},"text":"生成失败","variant":"body"}, width={maxValue=163.963959, mode=1}, height={maxValue=nan, mode=0}
08-27 12:48:43.475 W/MeasurementBridge(29018): 12:48:43.474 [directMeasure@91] directMeasure start: type=Text, paramJson={"component":"Text","id":"root_c0_c0_c1_c0","styles":{"background-color":"transparent","border-color":"#0000001A","border-radius":"0px","border-style":"solid","border-width":"0px","color":"#181818","filter":"none","font-family":"system","font-size":"28px","fontSize":16,"fontWeight":"bold","height":0.0,"line-clamp":1,"line-height":"40px","lines":1,"opacity":1,"text-align":"left","text-overflow":"ellipsis","visibility":"visible","width":0.0,"x":0.0,"y":0.0},"text":"生成失败","variant":"body"}, maxWidth=163.96396, widthMode=1, maxHeight=NaN, heightMode=0
08-27 12:48:43.476 W/MeasurementBridge(29018): 12:48:43.476 [directMeasure@108] directMeasure result: type=Text, result=MeasureResult{calcType=0, width=165.0, height=41.0, lineCount=1}
08-27 12:48:43.476 D/AGenUI  (29018): 12:48:43.476 [measure@235] [JNI] AndroidBridgeMeasurement.measure result: type=Text, result=MeasureResult{calcType=Sync, width=165.000000, height=41.000000, countOfLines=1}
08-27 12:48:43.477 D/AGenUI  (29018): 12:48:43.477 [measure@193] [JNI] AndroidBridgeMeasurement.measure start: type=Text, paramJson={"component":"Text","id":"root_c0_c0_c1_c1","styles":{"background-color":"transparent","border-color":"#0000001A","border-radius":"0px","border-style":"solid","border-width":"0px","color":"#999999","filter":"none","font-family":"system","font-size":"28px","fontSize":12,"height":0.0,"line-clamp":1,"line-height":"40px","lines":1,"opacity":1,"text-align":"left","text-overflow":"ellipsis","visibility":"visible","width":0.0,"x":0.0,"y":0.0},"text":"AI 超时·请重试","variant":"body"}, width={maxValue=163.963959, mode=1}, height={maxValue=nan, mode=0}
08-27 12:48:43.478 W/MeasurementBridge(29018): 12:48:43.477 [directMeasure@91] directMeasure start: type=Text, paramJson={"component":"Text","id":"root_c0_c0_c1_c1","styles":{"background-color":"transparent","border-color":"#0000001A","border-radius":"0px","border-style":"solid","border-width":"0px","color":"#999999","filter":"none","font-family":"system","font-size":"28px","fontSize":12,"height":0.0,"line-clamp":1,"line-height":"40px","lines":1,"opacity":1,"text-align":"left","text-overflow":"ellipsis","visibility":"visible","width":0.0,"x":0.0,"y":0.0},"text":"AI 超时·请重试","variant":"body"}, maxWidth=163.96396, widthMode=1, maxHeight=NaN, heightMode=0
08-27 12:48:43.479 W/MeasurementBridge(29018): 12:48:43.479 [directMeasure@108] directMeasure result: type=Text, result=MeasureResult{calcType=0, width=165.0, height=41.0, lineCount=1}
08-27 12:48:43.479 D/AGenUI  (29018): 12:48:43.479 [measure@235] [JNI] AndroidBridgeMeasurement.measure result: type=Text, result=MeasureResult{calcType=Sync, width=165.000000, height=41.000000, countOfLines=1}
08-27 12:48:43.480 D/AGenUI  (29018): 12:48:43.480 [measure@193] [JNI] AndroidBridgeMeasurement.measure start: type=Text, paramJson={"component":"Text","id":"root_c0_c2","styles":{"background-color":"transparent","border-color":"#0000001A","border-radius":"0px","border-style":"solid","border-width":"0px","color":"#666666","filter":"none","font-family":"system","font-size":"28px","fontSize":13,"height":0.0,"line-clamp":1,"line-height":"40px","opacity":1,"paddingBottom":12,"paddingLeft":16,"paddingRight":16,"paddingTop":12,"text-align":"left","text-overflow":"ellipsis","visibility":"visible","width":0.0,"x":0.0,"y":0.0},"text":"LLM 响应超时，可能原因：网络波动、服务器繁忙或 API Key 配额不足。","variant":"body"}, width={maxValue=200.000000, mode=1}, height={maxValue=nan, mode=0}
08-27 12:48:43.480 W/MeasurementBridge(29018): 12:48:43.480 [directMeasure@91] directMeasure start: type=Text, paramJson={"component":"Text","id":"root_c0_c2","styles":{"background-color":"transparent","border-color":"#0000001A","border-radius":"0px","border-style":"solid","border-width":"0px","color":"#666666","filter":"none","font-family":"system","font-size":"28px","fontSize":13,"height":0.0,"line-clamp":1,"line-height":"40px","opacity":1,"paddingBottom":12,"paddingLeft":16,"paddingRight":16,"paddingTop":12,"text-align":"left","text-overflow":"ellipsis","visibility":"visible","width":0.0,"x":0.0,"y":0.0},"text":"LLM 响应超时，可能原因：网络波动、服务器繁忙或 API Key 配额不足。","variant":"body"}, maxWidth=200.0, widthMode=1, maxHeight=NaN, heightMode=0
08-27 12:48:43.484 W/MeasurementBridge(29018): 12:48:43.483 [directMeasure@108] directMeasure result: type=Text, result=MeasureResult{calcType=0, width=201.0, height=41.0, lineCount=1}
08-27 12:48:43.484 D/AGenUI  (29018): 12:48:43.484 [measure@235] [JNI] AndroidBridgeMeasurement.measure result: type=Text, result=MeasureResult{calcType=Sync, width=201.000000, height=41.000000, countOfLines=1}
08-27 12:48:43.485 D/AGenUI  (29018): 12:48:43.485 [measure@193] [JNI] AndroidBridgeMeasurement.measure start: type=Text, paramJson={"component":"Text","id":"root_c0_c3_c0_c0","styles":{"background-color":"transparent","border-color":"#0000001A","border-radius":"0px","border-style":"solid","border-width":"0px","color":"#FFFFFF","filter":"none","font-family":"system","font-size":"28px","fontSize":13,"fontWeight":"bold","height":0.0,"line-clamp":1,"line-height":"40px","opacity":1,"text-align":"left","text-overflow":"ellipsis","visibility":"visible","width":0.0,"x":0.0,"y":0.0},"text":"重试","variant":"body"}, width={maxValue=200.000000, mode=2}, height={maxValue=36.000000, mode=2}
08-27 12:48:43.485 W/MeasurementBridge(29018): 12:48:43.485 [directMeasure@91] directMeasure start: type=Text, paramJson={"component":"Text","id":"root_c0_c3_c0_c0","styles":{"background-color":"transparent","border-color":"#0000001A","border-radius":"0px","border-style":"solid","border-width":"0px","color":"#FFFFFF","filter":"none","font-family":"system","font-size":"28px","fontSize":13,"fontWeight":"bold","height":0.0,"line-clamp":1,"line-height":"40px","opacity":1,"text-align":"left","text-overflow":"ellipsis","visibility":"visible","width":0.0,"x":0.0,"y":0.0},"text":"重试","variant":"body"}, maxWidth=200.0, widthMode=2, maxHeight=36.0, heightMode=2
08-27 12:48:43.487 W/MeasurementBridge(29018): 12:48:43.486 [directMeasure@108] directMeasure result: type=Text, result=MeasureResult{calcType=0, width=57.0, height=37.0, lineCount=1}
08-27 12:48:43.487 D/AGenUI  (29018): 12:48:43.487 [measure@235] [JNI] AndroidBridgeMeasurement.measure result: type=Text, result=MeasureResult{calcType=Sync, width=57.000000, height=37.000000, countOfLines=1}
08-27 12:48:43.488 D/AGenUI  (29018): 12:48:43.487 [measure@193] [JNI] AndroidBridgeMeasurement.measure start: type=Text, paramJson={"component":"Text","id":"root_c0_c3_c0_c0","styles":{"background-color":"transparent","border-color":"#0000001A","border-radius":"0px","border-style":"solid","border-width":"0px","color":"#FFFFFF","filter":"none","font-family":"system","font-size":"28px","fontSize":13,"fontWeight":"bold","height":0.0,"line-clamp":1,"line-height":"40px","lines":1,"opacity":1,"text-align":"left","text-overflow":"ellipsis","visibility":"visible","width":0.0,"x":0.0,"y":0.0},"text":"重试","variant":"body"}, width={maxValue=200.000000, mode=2}, height={maxValue=36.000000, mode=1}
08-27 12:48:43.488 W/MeasurementBridge(29018): 12:48:43.488 [directMeasure@91] directMeasure start: type=Text, paramJson={"component":"Text","id":"root_c0_c3_c0_c0","styles":{"background-color":"transparent","border-color":"#0000001A","border-radius":"0px","border-style":"solid","border-width":"0px","color":"#FFFFFF","filter":"none","font-family":"system","font-size":"28px","fontSize":13,"fontWeight":"bold","height":0.0,"line-clamp":1,"line-height":"40px","lines":1,"opacity":1,"text-align":"left","text-overflow":"ellipsis","visibility":"visible","width":0.0,"x":0.0,"y":0.0},"text":"重试","variant":"body"}, maxWidth=200.0, widthMode=2, maxHeight=36.0, heightMode=1
08-27 12:48:43.489 W/MeasurementBridge(29018): 12:48:43.489 [directMeasure@108] directMeasure result: type=Text, result=MeasureResult{calcType=0, width=57.0, height=37.0, lineCount=1}
08-27 12:48:43.490 D/AGenUI  (29018): 12:48:43.489 [measure@235] [JNI] AndroidBridgeMeasurement.measure result: type=Text, result=MeasureResult{calcType=Sync, width=57.000000, height=37.000000, countOfLines=1}
08-27 12:48:43.490 D/AGenUI  (29018): 12:48:43.490 [measure@193] [JNI] AndroidBridgeMeasurement.measure start: type=Text, paramJson={"component":"Text","id":"root_c0_c3_c1_c0","styles":{"background-color":"transparent","border-color":"#0000001A","border-radius":"0px","border-style":"solid","border-width":"0px","color":"#666666","filter":"none","font-family":"system","font-size":"28px","fontSize":13,"height":0.0,"line-clamp":1,"line-height":"40px","opacity":1,"text-align":"left","text-overflow":"ellipsis","visibility":"visible","width":0.0,"x":0.0,"y":0.0},"text":"换个描述","variant":"body"}, width={maxValue=200.000000, mode=2}, height={maxValue=36.000000, mode=2}
08-27 12:48:43.491 W/MeasurementBridge(29018): 12:48:43.490 [directMeasure@91] directMeasure start: type=Text, paramJson={"component":"Text","id":"root_c0_c3_c1_c0","styles":{"background-color":"transparent","border-color":"#0000001A","border-radius":"0px","border-style":"solid","border-width":"0px","color":"#666666","filter":"none","font-family":"system","font-size":"28px","fontSize":13,"height":0.0,"line-clamp":1,"line-height":"40px","opacity":1,"text-align":"left","text-overflow":"ellipsis","visibility":"visible","width":0.0,"x":0.0,"y":0.0},"text":"换个描述","variant":"body"}, maxWidth=200.0, widthMode=2, maxHeight=36.0, heightMode=2
08-27 12:48:43.492 W/MeasurementBridge(29018): 12:48:43.492 [directMeasure@108] directMeasure result: type=Text, result=MeasureResult{calcType=0, width=113.0, height=37.0, lineCount=1}
08-27 12:48:43.493 D/AGenUI  (29018): 12:48:43.492 [measure@235] [JNI] AndroidBridgeMeasurement.measure result: type=Text, result=MeasureResult{calcType=Sync, width=113.000000, height=37.000000, countOfLines=1}
08-27 12:48:43.493 D/AGenUI  (29018): 12:48:43.493 [measure@193] [JNI] AndroidBridgeMeasurement.measure start: type=Text, paramJson={"component":"Text","id":"root_c0_c3_c1_c0","styles":{"background-color":"transparent","border-color":"#0000001A","border-radius":"0px","border-style":"solid","border-width":"0px","color":"#666666","filter":"none","font-family":"system","font-size":"28px","fontSize":13,"height":0.0,"line-clamp":1,"line-height":"40px","lines":1,"opacity":1,"text-align":"left","text-overflow":"ellipsis","visibility":"visible","width":0.0,"x":0.0,"y":0.0},"text":"换个描述","variant":"body"}, width={maxValue=200.000000, mode=2}, height={maxValue=36.000000, mode=1}
08-27 12:48:43.494 W/MeasurementBridge(29018): 12:48:43.493 [directMeasure@91] directMeasure start: type=Text, paramJson={"component":"Text","id":"root_c0_c3_c1_c0","styles":{"background-color":"transparent","border-color":"#0000001A","border-radius":"0px","border-style":"solid","border-width":"0px","color":"#666666","filter":"none","font-family":"system","font-size":"28px","fontSize":13,"height":0.0,"line-clamp":1,"line-height":"40px","lines":1,"opacity":1,"text-align":"left","text-overflow":"ellipsis","visibility":"visible","width":0.0,"x":0.0,"y":0.0},"text":"换个描述","variant":"body"}, maxWidth=200.0, widthMode=2, maxHeight=36.0, heightMode=1
08-27 12:48:43.495 W/MeasurementBridge(29018): 12:48:43.495 [directMeasure@108] directMeasure result: type=Text, result=MeasureResult{calcType=0, width=113.0, height=37.0, lineCount=1}
08-27 12:48:43.495 D/AGenUI  (29018): 12:48:43.495 [measure@235] [JNI] AndroidBridgeMeasurement.measure result: type=Text, result=MeasureResult{calcType=Sync, width=113.000000, height=37.000000, countOfLines=1}
08-27 12:48:43.496 D/AGenUI  (29018): 12:48:43.496 [measure@193] [JNI] AndroidBridgeMeasurement.measure start: type=Text, paramJson={"component":"Text","id":"root_c0_c0_c0_c0","styles":{"background-color":"transparent","border-color":"#0000001A","border-radius":"0px","border-style":"solid","border-width":"0px","color":"#FF9800","filter":"none","font-family":"system","font-size":"28px","fontSize":18,"height":0.0,"line-clamp":1,"line-height":"40px","opacity":1,"text-align":"left","text-overflow":"ellipsis","visibility":"visible","width":0.0,"x":0.0,"y":0.0},"text":"⚠","variant":"body"}, width={maxValue=36.036037, mode=2}, height={maxValue=40.000000, mode=2}
08-27 12:48:43.497 W/MeasurementBridge(29018): 12:48:43.496 [directMeasure@91] directMeasure start: type=Text, paramJson={"component":"Text","id":"root_c0_c0_c0_c0","styles":{"background-color":"transparent","border-color":"#0000001A","border-radius":"0px","border-style":"solid","border-width":"0px","color":"#FF9800","filter":"none","font-family":"system","font-size":"28px","fontSize":18,"height":0.0,"line-clamp":1,"line-height":"40px","opacity":1,"text-align":"left","text-overflow":"ellipsis","visibility":"visible","width":0.0,"x":0.0,"y":0.0},"text":"⚠","variant":"body"}, maxWidth=36.036037, widthMode=2, maxHeight=40.0, heightMode=2
08-27 12:48:43.498 W/MeasurementBridge(29018): 12:48:43.498 [directMeasure@108] directMeasure result: type=Text, result=MeasureResult{calcType=0, width=29.0, height=41.0, lineCount=1}
08-27 12:48:43.498 D/AGenUI  (29018): 12:48:43.498 [measure@235] [JNI] AndroidBridgeMeasurement.measure result: type=Text, result=MeasureResult{calcType=Sync, width=29.000000, height=41.000000, countOfLines=1}
08-27 12:48:43.499 D/AGenUI  (29018): 12:48:43.499 [measure@193] [JNI] AndroidBridgeMeasurement.measure start: type=Text, paramJson={"component":"Text","id":"root_c0_c0_c0_c0","styles":{"background-color":"transparent","border-color":"#0000001A","border-radius":"0px","border-style":"solid","border-width":"0px","color":"#FF9800","filter":"none","font-family":"system","font-size":"28px","fontSize":18,"height":0.0,"line-clamp":1,"line-height":"40px","lines":1,"opacity":1,"text-align":"left","text-overflow":"ellipsis","visibility":"visible","width":0.0,"x":0.0,"y":0.0},"text":"⚠","variant":"body"}, width={maxValue=36.036037, mode=2}, height={maxValue=40.000000, mode=1}
08-27 12:48:43.499 W/MeasurementBridge(29018): 12:48:43.499 [directMeasure@91] directMeasure start: type=Text, paramJson={"component":"Text","id":"root_c0_c0_c0_c0","styles":{"background-color":"transparent","border-color":"#0000001A","border-radius":"0px","border-style":"solid","border-width":"0px","color":"#FF9800","filter":"none","font-family":"system","font-size":"28px","fontSize":18,"height":0.0,"line-clamp":1,"line-height":"40px","lines":1,"opacity":1,"text-align":"left","text-overflow":"ellipsis","visibility":"visible","width":0.0,"x":0.0,"y":0.0},"text":"⚠","variant":"body"}, maxWidth=36.036037, widthMode=2, maxHeight=40.0, heightMode=1
08-27 12:48:43.500 W/MeasurementBridge(29018): 12:48:43.500 [directMeasure@108] directMeasure result: type=Text, result=MeasureResult{calcType=0, width=29.0, height=41.0, lineCount=1}
08-27 12:48:43.501 D/AGenUI  (29018): 12:48:43.501 [measure@235] [JNI] AndroidBridgeMeasurement.measure result: type=Text, result=MeasureResult{calcType=Sync, width=29.000000, height=41.000000, countOfLines=1}
08-27 12:48:43.502 D/AGenUI  (29018): 12:48:43.501 [logYogaLayoutInfo@277] [layout] id=root type=Card parent= xywh=(0.0,0.0,200.0,176.0) flex=(0.0,1.0) child=1 aspect=nan measure=0
08-27 12:48:43.502 D/AGenUI  (29018): 12:48:43.502 [onNodeAdded@298] onNodeAdded: {"children":["root_c0"],"component":"Card","id":"root","styles":{"align-content":"stretch","align-items":"stretch","align-self":"auto","background-color":"transparent","backgroundColor":"#FFFFFF","border-color":"#0000001A","border-radius":"16px","border-style":"solid","border-width":"0px","borderRadius":16,"elevation":2,"filter":"none","flex-direction":"column","flex-grow":0,"flex-shrink":1,"flex-wrap":"nowrap","height":176.0,"justify-content":"flex-start","opacity":1,"visibility":"visible","width":200.0,"x":0.0,"y":0.0}}, parentId:
08-27 12:48:43.503 D/AGenUI  (29018): 12:48:43.503 [logYogaLayoutInfo@277] [layout] id=root_c0 type=Column parent=root xywh=(0.0,0.0,200.0,176.0) flex=(0.0,1.0) child=4 aspect=nan measure=0
08-27 12:48:43.504 D/AGenUI  (29018): 12:48:43.504 [onNodeAdded@298] onNodeAdded: {"children":["root_c0_c0","root_c0_c1","root_c0_c2","root_c0_c3"],"component":"Column","id":"root_c0","styles":{"align-content":"stretch","align-items":"stretch","align-self":"auto","background-color":"transparent","border-color":"#0000001A","border-radius":"0px","border-style":"solid","border-width":"0px","filter":"none","flex-direction":"column","flex-grow":0,"flex-shrink":1,"flex-wrap":"nowrap","height":176.0,"justify-content":"flex-start","opacity":1,"visibility":"visible","width":200.0,"x":0.0,"y":0.0}}, parentId:root
08-27 12:48:43.504 D/AGenUI  (29018): 12:48:43.504 [logYogaLayoutInfo@277] [layout] id=root_c0_c0 type=Row parent=root_c0 xywh=(0.0,0.0,200.0,82.0) flex=(0.0,1.0) child=2 aspect=nan measure=0
08-27 12:48:43.505 D/AGenUI  (29018): 12:48:43.505 [onNodeAdded@298] onNodeAdded: {"children":["root_c0_c0_c0","root_c0_c0_c1"],"component":"Row","id":"root_c0_c0","styles":{"align-content":"stretch","align-items":"stretch","align-self":"auto","background-color":"transparent","border-color":"#0000001A","border-radius":"0px","border-style":"solid","border-width":"0px","filter":"none","flex-direction":"column","flex-grow":0,"flex-shrink":1,"flex-wrap":"nowrap","height":82.0,"justify-content":"flex-start","opacity":1,"paddingBottom":12,"paddingLeft":16,"paddingRight":16,"paddingTop":16,"visibility":"visible","width":200.0,"x":0.0,"y":0.0}}, parentId:root_c0
08-27 12:48:43.506 D/AGenUI  (29018): 12:48:43.505 [logYogaLayoutInfo@277] [layout] id=root_c0_c0_c0 type=Container parent=root_c0_c0 xywh=(0.0,21.0,36.0,40.0) flex=(0.0,1.0) child=1 aspect=nan measure=0
08-27 12:48:43.506 D/AGenUI  (29018): 12:48:43.506 [onNodeAdded@298] onNodeAdded: {"children":["root_c0_c0_c0_c0"],"component":"Container","id":"root_c0_c0_c0","styles":{"align-content":"stretch","align-items":"stretch","align-self":"auto","background-color":"transparent","backgroundColor":"#FFF3E0","border-color":"#0000001A","border-radius":"0px","border-style":"solid","border-width":"0px","borderRadius":999,"filter":"none","flex-direction":"column","flex-grow":0,"flex-shrink":1,"flex-wrap":"nowrap","height":40.0,"justify-content":"flex-start","opacity":1,"visibility":"visible","width":36.0,"x":0.0,"y":21.0}}, parentId:root_c0_c0
08-27 12:48:43.507 D/AGenUI  (29018): 12:48:43.506 [logYogaLayoutInfo@277] [layout] id=root_c0_c0_c0_c0 type=Text parent=root_c0_c0_c0 xywh=(3.0,0.0,29.0,40.0) flex=(0.0,1.0) child=0 aspect=nan measure=1
08-27 12:48:43.508 D/AGenUI  (29018): 12:48:43.507 [onNodeAdded@298] onNodeAdded: {"component":"Text","id":"root_c0_c0_c0_c0","styles":{"align-content":"stretch","align-items":"stretch","align-self":"auto","background-color":"transparent","border-color":"#0000001A","border-radius":"0px","border-style":"solid","border-width":"0px","color":"#FF9800","filter":"none","flex-direction":"column","flex-grow":0,"flex-shrink":1,"flex-wrap":"nowrap","font-family":"system","font-size":"28px","fontSize":18,"height":40.0,"justify-content":"flex-start","line-clamp":1,"line-height":"40px","lines":1,"opacity":1,"text-align":"left","text-overflow":"ellipsis","visibility":"visible","width":29.0,"x":3.0,"y":0.0},"text":"⚠","variant":"body"}, parentId:root_c0_c0_c0
08-27 12:48:43.508 D/AGenUI  (29018): 12:48:43.508 [logYogaLayoutInfo@277] [layout] id=root_c0_c0_c1 type=Column parent=root_c0_c0 xywh=(36.0,0.0,164.0,82.0) flex=(0.0,1.0) child=2 aspect=nan measure=0
08-27 12:48:43.509 D/AGenUI  (29018): 12:48:43.509 [onNodeAdded@298] onNodeAdded: {"children":["root_c0_c0_c1_c0","root_c0_c0_c1_c1"],"component":"Column","id":"root_c0_c0_c1","styles":{"align-content":"stretch","align-items":"stretch","align-self":"auto","background-color":"transparent","border-color":"#0000001A","border-radius":"0px","border-style":"solid","border-width":"0px","filter":"none","flex":1,"flex-direction":"column","flex-grow":0,"flex-shrink":1,"flex-wrap":"nowrap","height":82.0,"justify-content":"flex-start","marginLeft":12,"opacity":1,"visibility":"visible","width":164.0,"x":36.0,"y":0.0}}, parentId:root_c0_c0
08-27 12:48:43.509 D/AGenUI  (29018): 12:48:43.509 [logYogaLayoutInfo@277] [layout] id=root_c0_c0_c1_c0 type=Text parent=root_c0_c0_c1 xywh=(0.0,0.0,164.0,41.0) flex=(0.0,1.0) child=0 aspect=nan measure=1
08-27 12:48:43.510 D/AGenUI  (29018): 12:48:43.510 [onNodeAdded@298] onNodeAdded: {"component":"Text","id":"root_c0_c0_c1_c0","styles":{"align-content":"stretch","align-items":"stretch","align-self":"auto","background-color":"transparent","border-color":"#0000001A","border-radius":"0px","border-style":"solid","border-width":"0px","color":"#181818","filter":"none","flex-direction":"column","flex-grow":0,"flex-shrink":1,"flex-wrap":"nowrap","font-family":"system","font-size":"28px","fontSize":16,"fontWeight":"bold","height":41.0,"justify-content":"flex-start","line-clamp":1,"line-height":"40px","lines":1,"opacity":1,"text-align":"left","text-overflow":"ellipsis","visibility":"visible","width":164.0,"x":0.0,"y":0.0},"text":"生成失败","variant":"body"}, parentId:root_c0_c0_c1
08-27 12:48:43.511 D/AGenUI  (29018): 12:48:43.511 [logYogaLayoutInfo@277] [layout] id=root_c0_c0_c1_c1 type=Text parent=root_c0_c0_c1 xywh=(0.0,41.0,164.0,41.0) flex=(0.0,1.0) child=0 aspect=nan measure=1
08-27 12:48:43.512 D/AGenUI  (29018): 12:48:43.512 [onNodeAdded@298] onNodeAdded: {"component":"Text","id":"root_c0_c0_c1_c1","styles":{"align-content":"stretch","align-items":"stretch","align-self":"auto","background-color":"transparent","border-color":"#0000001A","border-radius":"0px","border-style":"solid","border-width":"0px","color":"#999999","filter":"none","flex-direction":"column","flex-grow":0,"flex-shrink":1,"flex-wrap":"nowrap","font-family":"system","font-size":"28px","fontSize":12,"height":41.0,"justify-content":"flex-start","line-clamp":1,"line-height":"40px","lines":1,"opacity":1,"text-align":"left","text-overflow":"ellipsis","visibility":"visible","width":164.0,"x":0.0,"y":41.0},"text":"AI 超时·请重试","variant":"body"}, parentId:root_c0_c0_c1
08-27 12:48:43.512 D/AGenUI  (29018): 12:48:43.512 [logYogaLayoutInfo@277] [layout] id=root_c0_c1 type=Divider parent=root_c0 xywh=(0.0,90.0,200.0,1.0) flex=(0.0,1.0) child=0 aspect=nan measure=0
08-27 12:48:43.513 D/AGenUI  (29018): 12:48:43.513 [onNodeAdded@298] onNodeAdded: {"axis":"horizontal","component":"Divider","id":"root_c0_c1","styles":{"align-content":"stretch","align-items":"stretch","align-self":"auto","background-color":"#0000000F","backgroundColor":"#E8EAED","border-color":"#0000001A","border-radius":"0px","border-style":"solid","border-width":"0px","filter":"none","flex-direction":"column","flex-grow":0,"flex-shrink":1,"flex-wrap":"nowrap","height":1.0,"justify-content":"flex-start","margin-bottom":"8px","margin-top":"8px","marginLeft":16,"marginRight":16,"opacity":1,"visibility":"visible","width":200.0,"x":0.0,"y":90.0}}, parentId:root_c0
08-27 12:48:43.514 D/AGenUI  (29018): 12:48:43.513 [logYogaLayoutInfo@277] [layout] id=root_c0_c2 type=Text parent=root_c0 xywh=(0.0,99.0,200.0,41.0) flex=(0.0,1.0) child=0 aspect=nan measure=1
08-27 12:48:43.515 D/AGenUI  (29018): 12:48:43.514 [onNodeAdded@298] onNodeAdded: {"component":"Text","id":"root_c0_c2","styles":{"align-content":"stretch","align-items":"stretch","align-self":"auto","background-color":"transparent","border-color":"#0000001A","border-radius":"0px","border-style":"solid","border-width":"0px","color":"#666666","filter":"none","flex-direction":"column","flex-grow":0,"flex-shrink":1,"flex-wrap":"nowrap","font-family":"system","font-size":"28px","fontSize":13,"height":41.0,"justify-content":"flex-start","line-clamp":1,"line-height":"40px","lines":1,"opacity":1,"paddingBottom":12,"paddingLeft":16,"paddingRight":16,"paddingTop":12,"text-align":"left","text-overflow":"ellipsis","visibility":"visible","width":200.0,"x":0.0,"y":99.0},"text":"LLM 响应超时，可能原因：网络波动、服务器繁忙或 API Key 配额不足。","variant":"body"}, parentId:root_c0
08-27 12:48:43.515 D/AGenUI  (29018): 12:48:43.515 [logYogaLayoutInfo@277] [layout] id=root_c0_c3 type=Row parent=root_c0 xywh=(0.0,140.0,200.0,36.0) flex=(0.0,1.0) child=2 aspect=nan measure=0
08-27 12:48:43.516 D/AGenUI  (29018): 12:48:43.516 [onNodeAdded@298] onNodeAdded: {"children":["root_c0_c3_c0","root_c0_c3_c1"],"component":"Row","id":"root_c0_c3","styles":{"align-content":"stretch","align-items":"stretch","align-self":"auto","background-color":"transparent","border-color":"#0000001A","border-radius":"0px","border-style":"solid","border-width":"0px","filter":"none","flex-direction":"column","flex-grow":0,"flex-shrink":1,"flex-wrap":"nowrap","height":36.0,"justify-content":"flex-start","opacity":1,"paddingBottom":16,"paddingLeft":16,"paddingRight":16,"paddingTop":4,"visibility":"visible","width":200.0,"x":0.0,"y":140.0}}, parentId:root_c0
08-27 12:48:43.517 D/AGenUI  (29018): 12:48:43.517 [logYogaLayoutInfo@277] [layout] id=root_c0_c3_c0 type=Container parent=root_c0_c3 xywh=(0.0,0.0,57.0,36.0) flex=(0.0,1.0) child=1 aspect=nan measure=0
08-27 12:48:43.518 D/AGenUI  (29018): 12:48:43.518 [onNodeAdded@298] onNodeAdded: {"children":["root_c0_c3_c0_c0"],"component":"Container","id":"root_c0_c3_c0","styles":{"align-content":"stretch","align-items":"stretch","align-self":"auto","background-color":"transparent","backgroundColor":"#007DFF","border-color":"#0000001A","border-radius":"0px","border-style":"solid","border-width":"0px","borderRadius":8,"filter":"none","flex-direction":"column","flex-grow":0,"flex-shrink":1,"flex-wrap":"nowrap","height":36.0,"justify-content":"flex-start","opacity":1,"paddingLeft":16,"paddingRight":16,"visibility":"visible","width":57.0,"x":0.0,"y":0.0}}, parentId:root_c0_c3
08-27 12:48:43.518 D/AGenUI  (29018): 12:48:43.518 [logYogaLayoutInfo@277] [layout] id=root_c0_c3_c0_c0 type=Text parent=root_c0_c3_c0 xywh=(0.0,0.0,57.0,36.0) flex=(0.0,1.0) child=0 aspect=nan measure=1
08-27 12:48:43.519 D/AGenUI  (29018): 12:48:43.519 [onNodeAdded@298] onNodeAdded: {"component":"Text","id":"root_c0_c3_c0_c0","styles":{"align-content":"stretch","align-items":"stretch","align-self":"auto","background-color":"transparent","border-color":"#0000001A","border-radius":"0px","border-style":"solid","border-width":"0px","color":"#FFFFFF","filter":"none","flex-direction":"column","flex-grow":0,"flex-shrink":1,"flex-wrap":"nowrap","font-family":"system","font-size":"28px","fontSize":13,"fontWeight":"bold","height":36.0,"justify-content":"flex-start","line-clamp":1,"line-height":"40px","lines":1,"opacity":1,"text-align":"left","text-overflow":"ellipsis","visibility":"visible","width":57.0,"x":0.0,"y":0.0},"text":"重试","variant":"body"}, parentId:root_c0_c3_c0
08-27 12:48:43.520 D/AGenUI  (29018): 12:48:43.520 [logYogaLayoutInfo@277] [layout] id=root_c0_c3_c1 type=Container parent=root_c0_c3 xywh=(57.0,0.0,113.0,36.0) flex=(0.0,1.0) child=1 aspect=nan measure=0
08-27 12:48:43.521 D/AGenUI  (29018): 12:48:43.520 [onNodeAdded@298] onNodeAdded: {"children":["root_c0_c3_c1_c0"],"component":"Container","id":"root_c0_c3_c1","styles":{"align-content":"stretch","align-items":"stretch","align-self":"auto","background-color":"transparent","backgroundColor":"#F0F0F0","border-color":"#0000001A","border-radius":"0px","border-style":"solid","border-width":"0px","borderRadius":8,"filter":"none","flex-direction":"column","flex-grow":0,"flex-shrink":1,"flex-wrap":"nowrap","height":36.0,"justify-content":"flex-start","marginLeft":8,"opacity":1,"paddingLeft":16,"paddingRight":16,"visibility":"visible","width":113.0,"x":57.0,"y":0.0}}, parentId:root_c0_c3
08-27 12:48:43.521 D/AGenUI  (29018): 12:48:43.521 [logYogaLayoutInfo@277] [layout] id=root_c0_c3_c1_c0 type=Text parent=root_c0_c3_c1 xywh=(0.0,0.0,113.0,36.0) flex=(0.0,1.0) child=0 aspect=nan measure=1
08-27 12:48:43.522 D/AGenUI  (29018): 12:48:43.522 [onNodeAdded@298] onNodeAdded: {"component":"Text","id":"root_c0_c3_c1_c0","styles":{"align-content":"stretch","align-items":"stretch","align-self":"auto","background-color":"transparent","border-color":"#0000001A","border-radius":"0px","border-style":"solid","border-width":"0px","color":"#666666","filter":"none","flex-direction":"column","flex-grow":0,"flex-shrink":1,"flex-wrap":"nowrap","font-family":"system","font-size":"28px","fontSize":13,"height":36.0,"justify-content":"flex-start","line-clamp":1,"line-height":"40px","lines":1,"opacity":1,"text-align":"left","text-overflow":"ellipsis","visibility":"visible","width":113.0,"x":0.0,"y":0.0},"text":"换个描述","variant":"body"}, parentId:root_c0_c3_c1
08-27 12:48:43.523 I/NativeEventBridge(29018): 12:48:43.523 [onComponentsAdd@70] onComponentsAdd: surfaceId=widget_-1_1787806123391, parents=15, components=15, components=[{"children":["root_c0"],"component":"Card","id":"root","styles":{"align-content":"stretch","align-items":"stretch","align-self":"auto","background-color":"transparent","backgroundColor":"#FFFFFF","border-color":"#0000001A","border-radius":"16px","border-style":"solid","border-width":"0px","borderRadius":16,"elevation":2,"filter":"none","flex-direction":"column","flex-grow":0,"flex-shrink":1,"flex-wrap":"nowrap","height":176.0,"justify-content":"flex-start","opacity":1,"visibility":"visible","width":200.0,"x":0.0,"y":0.0}}, {"children":["root_c0_c0","root_c0_c1","root_c0_c2","root_c0_c3"],"component":"Column","id":"root_c0","styles":{"align-content":"stretch","align-items":"stretch","align-self":"auto","background-color":"transparent","border-color":"#0000001A","border-radius":"0px","border-style":"solid","border-width":"0px","filter":"none","flex-direction":"column","flex-grow":0,"flex-shrink":1,"flex-wrap":"nowrap","height":176.0,"justify-content":"flex-start","opacity":1,"visibility":"visible","width":200.0,"x":0.0,"y":0.0}}, {"children":["root_c0_c0_c0","root_c0_c0_c1"],"component":"Row","id":"root_c0_c0","styles":{"align-content":"stretch","align-items":"stretch","align-self":"auto","background-color":"transparent","border-color":"#0000001A","border-radius":"0px","border-style":"solid","border-width":"0px","filter":"none","flex-direction":"column","flex-grow":0,"flex-shrink":1,"flex-wrap":"nowrap","height":82.0,"justify-content":"flex-start","opacity":1,"paddingBottom":12,"paddingLeft":16,"paddingRight":16,"paddingTop":16,"visibility":"visible","width":200.0,"x":0.0,"y":0.0}}, {"children":["root_c0_c0_c0_c0"],"component":"Container","id":"root_c0_c0_c0","styles":{"align-content":"stretch","align-items":"stretch","align-self":"auto","background-color":"transparent","backgroundColor":"#FFF3E0","border-color":"#0000001A","border-radius":"0px","border-style":"solid","border-width":"0px","borderRadius":999,"filter":"none","flex-direction":"column","flex-grow":0,"flex-shrink":1,"flex-wrap":"nowrap","height":40.0,"justify-content":"flex-start","opacity":1,"visibility":"visible","width":36.0,"x":0.0,"y":21.0}}, {"component":"Text","id":"root_c0_c0_c0_c0","styles":{"align-content":"stretch","align-items":"stretch","align-self":"auto","background-color":"transparent","border-color":"#0000001A","border-radius":"0px","border-style":"solid","border-width":"0px","color":"#FF9800","filter":"none","flex-direction":"column","flex-grow":0,"flex-shrink":1,"flex-wrap":"nowrap","font-family":"system","font-size":"28px","fontSize":18,"height":40.0,"justify-content":"flex-start","line-clamp":1,"line-height":"40px","lines":1,"opacity":1,"text-align":"left","text-overflow":"ellipsis","visibility":"visible","width":29.0,"x":3.0,"y":0.0},"text":"⚠","variant":"body"}, {"children":["root_c0_c0_c1_c0","root_c0_c0_c1_c1"],"component":"Column","id":"root_c0_c0_c1","styles":{"align-content":"stretch","align-items":"stretch","align-self":"auto","background-color":"transparent","border-color":"#0000001A","border-radius":"0px","border-style":"solid","border-width":"0px","filter":"none","flex":1,"flex-direction":"column","flex-grow":0,"flex-shrink":1,"flex-wrap":"nowrap","height":82.0,"justify-content":"flex-start","marginLeft":12,"opacity":1,"visibility":"visible","width":164.0,"x":36.0,"y":0.0}}, {"component":"Text","id":"root_c0_c0_c1_c0","styles":{"align-content":"stretch","align-items":"stretch","align-self":"auto","background-color":"transparent","border-color":"#0000001A","border-radius":"0px","border-style":"solid","border-width":"0px","color":"#181818","filter":"none","flex-direction":"column","flex-grow":0,"flex-shrink":1,"flex-wrap":"nowrap","font-family":"system","font-size":"28px","fontSize":16,"fontWeight":"bold","height":41.0,"justify-content":"flex-start","line-clamp":1,"line-height":"40px","lines":1,"opacity":1,"text-align":"left","text-overflow":"ellipsis","visibi
08-27 12:48:43.524 D/AGenUI  (29018): 12:48:43.523 [updateComponents@112] success: {"version":"v0.9","updateComponents":{"surfaceId":"widget_-1_1787806123391","components":[{"id":"root_c0_c0_c0_c0","component":"Text","text":"⚠","styles":{"fontSize":18,"color":"#FF9800"}},{"id":"root_c0_c0_c0","component":"Container","styles":{"width":40,"height":40,"borderRadius":999,"backgroundColor":"#FFF3E0","alignItems":"center","justifyContent":"center"},"children":["root_c0_c0_c0_c0"]},{"id":"root_c0_c0_c1_c0","component":"Text","text":"生成失败","styles":{"fontSize":16,"fontWeight":"bold","color":"#181818"}},{"id":"root_c0_c0_c1_c1","component":"Text","text":"AI 超时·请重试","styles":{"fontSize":12,"color":"#999999"}},{"id":"root_c0_c0_c1","component":"Column","styles":{"marginLeft":12,"flex":1},"children":["root_c0_c0_c1_c0","root_c0_c0_c1_c1"]},{"id":"root_c0_c0","component":"Row","styles":{"paddingLeft":16,"paddingRight":16,"paddingTop":16,"paddingBottom":12,"alignItems":"center"},"children":["root_c0_c0_c0","root_c0_c0_c1"]},{"id":"root_c0_c1","component":"Divider","styles":{"backgroundColor":"#E8EAED","height":1,"marginLeft":16,"marginRight":16}},{"id":"root_c0_c2","component":"Text","text":"LLM 响应超时，可能原因：网络波动、服务器繁忙或 API Key 配额不足。","styles":{"fontSize":13,"color":"#666666","paddingLeft":16,"paddingRight":16,"paddingTop":12,"paddingBottom":12}},{"id":"root_c0_c3_c0_c0","component":"Text","text":"重试","styles":{"fontSize":13,"fontWeight":"bold","color":"#FFFFFF"}},{"id":"root_c0_c3_c0","component":"Container","styles":{"height":36,"borderRadius":8,"backgroundColor":"#007DFF","alignItems":"center","justifyContent":"center","paddingLeft":16,"paddingRight":16},"children":["root_c0_c3_c0_c0"]},{"id":"root_c0_c3_c1_c0","component":"Text","text":"换个描述","styles":{"fontSize":13,"color":"#666666"}},{"id":"root_c0_c3_c1","component":"Container","styles":{"height":36,"borderRadius":8,"backgroundColor":"#F0F0F0","alignItems":"center","justifyContent":"center","paddingLeft":16,"paddingRight":16,"marginLeft":8},"children":["root_c0_c3_c1_c0"]},{"id":"root_c0_c3","component":"Row","styles":{"paddingLeft":16,"paddingRight":16,"paddingTop":4,"paddingBottom":16,"alignItems":"center"},"children":["root_c0_c3_c0","root_c0_c3_c1"]},{"id":"root_c0","component":"Column","children":["root_c0_c0","root_c0_c1","root_c0_c2","root_c0_c3"]},{"id":"root","component":"Card","styles":{"borderRadius":16,"backgroundColor":"#FFFFFF","elevation":2},"children":["root_c0"]}]}}
08-27 12:48:43.524 D/surface_updateDataModel_begin(29018): [PERF] 12:48:43.524 [updateDataModel@234] widget_-1_1787806123391
08-27 12:48:43.525 D/AGenUI  (29018): 12:48:43.525 [updateData@50] path:/, jsonValue:{"actions":["重试","换个描述"],"detail":"LLM 响应超时，可能原因：网络波动、服务器繁忙或 API Key 配额不足。","message":"AI 超时·请重试","title":"生成失败","type":"error"}
08-27 12:48:43.526 D/surface_updateDataModel_end(29018): [PERF] 12:48:43.525 [updateDataModel@253] widget_-1_1787806123391
08-27 12:48:43.526 D/AGenUI  (29018): 12:48:43.526 [updateDataModel@137] success: {"version":"v0.9","updateDataModel":{"surfaceId":"widget_-1_1787806123391","value":{"type":"error","title":"生成失败","message":"AI 超时·请重试","detail":"LLM 响应超时，可能原因：网络波动、服务器繁忙或 API Key 配额不足。","actions":["重试","换个描述"]}}}
08-27 12:48:43.526 D/stream_assembling_end(29018): [PERF] 12:48:43.526 [processDataAssembling@57] 
08-27 12:48:43.527 D/AGenUI  (29018): 12:48:43.527 [processDataEnding@61] processing end
08-27 12:48:43.527 D/stream_end(29018): [PERF] 12:48:43.527 [processDataEnding@66] 
08-27 12:48:43.530 D/DividerComponent(29018): 12:48:43.530 [updateDivider@169] updateDivider: axis=horizontal, thickness=1.0, imgUrl=null
08-27 12:48:43.535 D/AGenUIWidgetRenderSvc(29018): onRootComponentUpdate: widget_-1_1787806123391, props={children=[root_c0], styles={align-content=stretch, align-items=stretch, align-self=auto, background-color=transparent, backgroundColor=#FFFFFF, border-color=#0000001A, border-radius=16px, border-style=solid, border-width=0px, borderRadius=16.0, elevation=2.0, filter=none, flex-direction=column, flex-grow=0.0, flex-shrink=1.0, flex-wrap=nowrap, height=176.0, justify-content=flex-start, opacity=1.0, visibility=visible, width=200.0, x=0.0, y=0.0}}
08-27 12:48:43.536 D/components_applied(29018): [PERF] 12:48:43.535 [lambda$onComponentsAdd$2$com-amap-agenui-render-surface-NativeEventBridge@76] widget_-1_1787806123391
08-27 12:48:43.635 D/AGenUIWidgetRenderSvc(29018): Surface ready, proceeding to draw
08-27 12:48:43.645 D/WidgetBitmapRenderer(29018): Measured: 300x264
08-27 12:48:43.646 D/AGenUI  (29018): 12:48:43.646 [handleSurfaceSizeChanged@286] handleSurfaceSizeChanged: surfaceId:widget_-1_1787806123391, width:200.0, height:176.0
08-27 12:48:43.647 D/AGenUI  (29018): 12:48:43.646 [notifySurfaceSizeChanged@250] notifySurfaceSizeChanged
08-27 12:48:43.677 D/WidgetBitmapRenderer(29018): Bitmap: 300x264, bytes=316800
08-27 12:48:43.687 D/WidgetBitmapRenderer(29018): Debug bitmap saved: /storage/emulated/0/Android/data/com.amap.agenuiplayground/files/widget_render_debug.png
08-27 12:48:43.687 D/WidgetBitmapRenderer(29018): View hierarchy:
08-27 12:48:43.687 D/WidgetBitmapRenderer(29018):  [300x264] measured=[300x264] vis=0 tag=null
08-27 12:48:43.687 D/WidgetBitmapRenderer(29018):    [300x264] measured=[300x264] vis=0 tag=null
08-27 12:48:43.687 D/WidgetBitmapRenderer(29018):     YogaAbsoluteLayout [300x264] measured=[300x264] vis=0 tag=null
08-27 12:48:43.687 D/WidgetBitmapRenderer(29018):       YogaAbsoluteLayout [300x264] measured=[300x264] vis=0 tag=null
08-27 12:48:43.687 D/WidgetBitmapRenderer(29018):         YogaAbsoluteLayout [300x123] measured=[300x123] vis=0 tag=null
08-27 12:48:43.687 D/WidgetBitmapRenderer(29018):           YogaAbsoluteLayout [54x60] measured=[54x60] vis=0 tag=null
08-27 12:48:43.687 D/WidgetBitmapRenderer(29018):             TextView [44x60] measured=[44x60] vis=0 tag=null
08-27 12:48:43.687 D/WidgetBitmapRenderer(29018):           YogaAbsoluteLayout [246x123] measured=[246x123] vis=0 tag=null
08-27 12:48:43.687 D/WidgetBitmapRenderer(29018):             TextView [246x62] measured=[246x62] vis=0 tag=null
08-27 12:48:43.687 D/WidgetBitmapRenderer(29018):             TextView [246x62] measured=[246x62] vis=0 tag=null
08-27 12:48:43.687 D/WidgetBitmapRenderer(29018):         DividerView [300x2] measured=[300x2] vis=0 tag=null
08-27 12:48:43.687 D/WidgetBitmapRenderer(29018):         TextView [300x62] measured=[300x62] vis=0 tag=null
08-27 12:48:43.687 D/WidgetBitmapRenderer(29018):         YogaAbsoluteLayout [300x54] measured=[300x54] vis=0 tag=null
08-27 12:48:43.687 D/WidgetBitmapRenderer(29018):           YogaAbsoluteLayout [86x54] measured=[86x54] vis=0 tag=null
08-27 12:48:43.687 D/WidgetBitmapRenderer(29018):             TextView [86x54] measured=[86x54] vis=0 tag=null
08-27 12:48:43.687 D/WidgetBitmapRenderer(29018):           YogaAbsoluteLayout [170x54] measured=[170x54] vis=0 tag=null
08-27 12:48:43.687 D/WidgetBitmapRenderer(29018):             TextView [170x54] measured=[170x54] vis=0 tag=null
08-27 12:48:43.688 D/AGenUIWidgetRenderSvc(29018): Widget updated: AGenUI · notecard
08-27 12:48:43.688 D/WidgetSurfacePool(29018): Released SurfaceManager for template=notecard, pool size=1
08-27 12:48:43.688 D/AGenUIWidgetRenderSvc(29018): prerenderAll: done, cache size=3025200
08-27 12:48:43.689 D/AGenUIWidgetRenderSvc(29018): renderSync: id=190, template=flashcard
08-27 12:48:43.689 D/AGenUIWidgetRenderSvc(29018): Widget dimensions: 300x400 (MEDIUM)
08-27 12:48:43.690 D/AGenUIWidgetRenderSvc(29018): Bitmap cache HIT: flashcard_default_300x400 → pushing directly
08-27 12:48:43.690 D/WidgetRemoteViewsPool(29018): Pool miss for layout 2131427328, creating new
08-27 12:48:43.808 D/ProfileInstaller(29018): Installing profile for com.amap.agenuiplayground
